Student_ID,Name,Age,Gender,City,Class,Attendance_Percentage,Study_Hours_per_day,Math_Score,Science_Score,English_Score,Total_Score,Parent_Education,Internet_Access,Result
1978,Bristi Khan,16,MALE,Mymensingh,Eight,77.0,2.6,83,62,68,213.0,PRIMARY,no,FAIL
3881,hasan akter,12,F,Dhaka ,10th,88.5,3.8,45,56,92,193.0,Secondary,NO,fail
53,Sohan Talukder,14,Male,Khulna,7th,65.1,3.6,37,82,89,208.0,N/A,NO,fail
2552,Mitu Hossain,11,FEMALE,Rajshahi,Ten,82.8,4.2,83,96,59,238.0,illiterate,N,PASS
2247,Ayesha Ahmed,14,other,KHULNA ,9th,94.2,1.4,81,36,48,165.0,primary,0,pass
271,Jannat Hossain,18,M,sylhet,10th,82.1,4.9,47,48,65,160.0,GRADUATE,0,Pass
602,Imran Ahmed,17,female,Barisal,9th,96.1,4.6,83,51,94,228.0,illiterate,,Pass
2442,Rakib Chowdhury,12,FEMALE,Mymensign,10th,102.7,3.5,36,80,46,162.0,PRIMARY,No,P
3287,Nadia Islam,15,FEMALE,Rangpur,10,83.6,5.7,76,75,,151.0,,Y,pass
2968,Momo Ahmed,18,Female,Dacca,8th,77.9,1.7,,92,30,122.0,higher secondary,No,P
4713,Nusrat Talukder,14,FEMALE,CHATTOGRAM,Seven,82.3,0.8,69,92,38,199.0,Primary,,fail
9033,Rakib Das,12,other,mymensingh,7th,75.0,3.8,32,37,77,146.0,Post Graduate,n/a,Fail
1788,Mim Rahman,227,F,khulna,Ten,96.6,2.3,67,45,50,162.0,Unknown,0,PASS
1699,Jannat Akter,11,F,Sylhet,Ten,79.2,4.8,93,61,80,234.0,Primary,0,P
3226,Imran Hossain,11,female,Rangpur,7th,79.0,0.7,67,78,30,175.0,GRADUATE,No,F
404,Nusrat Das,13,male,Chattogram,10,81.2,3.9,97,62,65,224.0,Unknown,,FAIL
3535,Zayed Das,fifteen,FEMALE,DHAKA,7,78.1,0.8,98,93,54,245.0,illiterate,Y,fail
6047,Zayed Rahman,11,,khulna,9th,92.2,3.3,90,51,85,226.0,Graduate,1,fail
3048,Imran Khan,11,FEMALE,rangpur,Seven,90.3,2.6,36,,50,86.0,N/A,N,pass
8863,Farhan Ahmed,11,,Rangpur,06,87.3,3.1,48,44,64,156.0,N/A,Y,PASS
7147,Karim Chowdhury,15,other,chittagong,6th,85.5,4.6,60,229,64,353.0,higher secondary,yes,Fail
508,Kabir Das,,male,Rangpur,9,103.0,3.6,,63,38,101.0,GRADUATE,Y,Pass
STU-04477,Kabir Khan,12,MALE,Chittagong,7,77.2,2.3,78,-12,87,,Illiterate,YES,FAIL
1678,Bristi Chowdhury,12,M,  Dhaka,8th,70.0,3.0,65,54,40,159.0,primary,1,
2021,Nadia Islam,17,Female,Barishal,9,77.0,3.0,72,80,54,206.0,primary,,FAIL
1683,Sadia Chowdhury,14,female,Rangpur,10th,96.9,-1.3,92,71,93,256.0,illiterate,0,Fail
1650,Nadia Chowdhury,11,,mymensingh,Eight,81.4,4.8,40,84,31,155.0,GRADUATE,Yes,Pass
2422,Imran Akter,16,F,mymensingh,Seven,84.3,2.4,46,67,53,166.0,Secondary,No,P
7538,Imran Rahman,13,F,rangpur,8th,91.9,1.8,43,63,89,195.0,illiterate,n/a,F
4794,Karim Khan,13,male,Ctg,7th,96.4,4.3,51,31,36,118.0,graduate,yes,Pass
9637,Rafi Das,18,male,Rangpur,06,,3.7,37,53,97,187.0,Unknown,Yes,pass
1016,Mim Das,12,Other,Rangpur,7,77.3,3.8,130,99,84,313.0,Higher Secondary,n/a,FAIL
8922,Priya Talukder,14,,Sylhet,10th,74.5,3.5,46,57,38,141.0,Secondary,No,PASS
3045,Rakib Islam,16,FEMALE,rangpur,Six,80.4,2.6,90,64,76,230.0,illiterate,no,PASS
STU-03499,Riya Rahman,18,male,Barishal,Seven,101.0,4.3,97,62,51,195.0,PRIMARY,Y,Pass
5525,Mim Hossain,11,male,Mymensign,10th,83.2,2.6,62,60,36,158.0,PRIMARY,Y,
9555,Arif Ahmed,17,F,Chittagong,9th,78.7,1.7,40,65,81,186.0,unknown,YES,PASS
2847,Karim Das,14,M,rangpur,Nine,98.0,3.1,33,84,83,200.0,higher secondary,YES,PASS
836,Priya Talukder,17,FEMALE,,10,89.6,2.2,51,96,85,232.0,higher secondary,Yes,FAIL
4864,Nusrat Hossain,15,,rangpur,7th,84.9,2.2,53,90,34,177.0,graduate,no,Fail
STU-03298,Anik Ahmed,fifteen,FEMALE,rangpur,7th,80.7,4.0,66,37,62,165.0,illiterate,YES,Pass
7962,Shila Ahmed,14,O,khulna,7th,75.9,3.5,66,79,99,244.0,GRADUATE,,
3146,Anik Ahmed,16,Other,SYLHET,10,92.9,5.9,61,74,80,215.0,Illiterate,0,Fail
6116,Shila Talukder,12,M,,7th,106.2,0.8,72,84,85,241.0,,,FAIL
1902,Mim Khan,11,female,Sylhet,10th,84.0,0.0,61,37,47,145.0,postgraduate,1,P
1412,Anik Islam,18,Female,sylhet,Eight,85.0,5.8,absent,65,99,164.0,illiterate,YES,FAIL
624,Nadia Akter,17,FEMALE,Ctg,8th,77.9,5.5,91,42,35,168.0,secondary,NO,P
3504,Sabbir Khan,14,male,CHATTOGRAM,10th,87.4,3.2,61,63,62,186.0,Graduate,yes,P
3067,Riya Chowdhury,13,Other,khulna,8th,167.3,2.7,50,30,87,167.0,primary,No,
642,Rupa Islam,11,MALE,sylhet,Nine,N/A,1.3,69,52,85,206.0,secondary,0,Pass
2171,Sadia Islam,11,Male,KHULNA ,Ten,82.8,2.4,42,72,66,180.0,postgraduate,0,pass
6822,Tanvir Rahman,18,M,SYLHET,10,100.9,4.7,79,76,83,236.0,Graduate,No,PASS
7419,Arif Islam,,MALE,khulna,9th,74.2,4.8,93,76,31,200.0,Illiterate,N,Pass
1720,Imran Sarker,12,M,SYLHET,6,80.1,7.5,57,95,90,242.0,N/A,NO,Pass
1303,Riya Das,18,Female,rajshahi,9,91.7,3.2,49,45,50,144.0,graduate,0,Pass
7828,Sadia Talukder,16,other,KHULNA ,9,82.8,1.9,61,78,59,198.0,Secondary,YES,F
5793,Farhan Rahman,12,F,Barishal,06,81.1,3.0,37,97,89,223.0,graduate,n/a,pass
1523,Mim Sarker,16,M,CHATTOGRAM,9,82.1,2.4,48,92,75,215.0,secondary,No,FAIL
8338,Tanvir Sarker,18,F,Ctg,Eight,96.3,,79,50,57,186.0,PRIMARY,no,Pass
3436,Rakib Akter,12,other,rangpur,10th,78.3,9.7,33,41,71,145.0,PRIMARY,0,F
3657,Arif Khan,11,O,Mymensign,7th,88.2,3.5,65,96,59,220.0,Illiterate,1,
5549,Tanvir Islam,18,MALE,Rajshahi ,10,76.9,2.9,49,89,-19,119.0,Primary,Y,PASS
66,Lima Khan,18,female,Dacca,6th,80.1,3.3,37,55,63,155.0,secondary,No,pass
2418,Kabir Das,13,female,Mymensign,Eight,79.2,1.6,72,57,50,179.0,GRADUATE,no,pass
3693,Mim Rahman,12,F,khulna,Seven,79.3,4.4,52,52,50,154.0,Primary,N,Fail
4000,Tanvir Khan,12,female,rajshahi,10th,97.0,2.4,53,50,89,192.0,graduate,,pass
5498,Sabbir Ahmed,12,other,Khulna,10,90.2,4.7,91,86,65,242.0,Unknown,yes,Pass
439,Sadia Ahmed,18,Male,KHULNA ,Seven,87.1,5.6,76,64,48,188.0,Unknown,N,pass
3567,Sabbir Akter,13,F,Dhaka,Nine,85.3,4.6,66,57,79,202.0,Illiterate,No,Pass
6932,Sabbir Akter,14,Other,Dacca,7,90.5,3.0,72,70,55,197.0,Post Graduate,,pass
1819,Mim Das,14,MALE,Chattogram,Nine,87.4,1.7,30,87,,117.0,GRADUATE,Y,pass
3606,Bristi Rahman,14,male,Rajshahi ,6,84.7,2.0,97,47,49,193.0,illiterate,YES,pass
2795,Sadia Sarker,18,F,rajshahi,Seven,-11.3,4.9,74,81,94,249.0,higher secondary,N,P
5078,Tamim Talukder,17,O,Chattogram,6,102.0,1.4,72,98,88,258.0,Primary,YES,PASS
2466,Arif Ahmed,-9,Male,Mymensingh,9th,80.9,1.9,75,90,90,255.0,postgraduate,No,
4313,Nusrat Akter,18,FEMALE,Mymensingh,9th,100.4,1.8,67,42,83,192.0,unknown,N,PASS
5234,Sabbir Ahmed,17,Female,Ctg,9th,80.6,3.3,45,87,93,225.0,Post Graduate,no,Fail
6476,Farhan Akter,12,Other,Rangpur,10th,73.9,2.9,55,82,-11,126.0,unknown,no,Fail
4467,Kabir Talukder,15,Other,Ctg,Six,92.1,1.7,92,60,48,200.0,graduate,Yes,F
4382,Rafi Khan,17,Male,Ctg,Eight,65.1,3.9,32,68,74,174.0,Higher Secondary,Yes,Fail
5121,Nadia Talukder,17,Female,sylhet,8th,87.6,4.3,78,56,57,191.0,Unknown,yes,Fail
4563,Bristi Islam,16,Other,  Dhaka,Nine,93.1,1.6,99,43,84,226.0,higher secondary,1,PASS
379,Zayed Chowdhury,13,F,CHATTOGRAM,Eight,93.6,3.5,52,88,75,215.0,illiterate,n/a,pass
2760,Lima Ahmed,11,FEMALE,Khulna,6,73.9,4.1,81,85,92,258.0,Illiterate,Y,pass
6960,Fatema Chowdhury,16,F,KHULNA ,8,88.7,2.7,49,,55,85.0,postgraduate,yes,pass
6782,Bristi Sarker,15,MALE,mymensingh,6,84.8,0.4,37,93,80,210.0,Higher Secondary,no,FAIL
1290,Arif Sarker,11,MALE,sylhet,7th,71.2,2.7,88,30,32,150.0,Post Graduate,n/a,P
6744,Nadia Chowdhury,11,MALE,Mymensign,Six,88.2,0.7,92,37,54,183.0,Secondary,n/a,PASS
12,Karim Das,13,Male,Mymensign,10,89.8,5.0,70,57,36,163.0,Illiterate,yes,P
2067,Momo Das,16,Male,dhaka,06,99.3,0.2,35,32,43,110.0,secondary,NO,PASS
6211,Arif Islam,18,M,Barishal,Nine,63.9,3.2,34,78,40,152.0,higher secondary,Yes,pass
4480,Priya Sarker,14,Male,mymensingh,10th,78.9,4.6,80,39,55,174.0,secondary,n/a,P
1056,Zayed Sarker,-8,,SYLHET,Seven,68.1,1.5,90,83,46,219.0,secondary,Y,F
3701,Rakib Akter,16,Male,  Dhaka,06,88.4,4.2,95,48,30,173.0,graduate,,pass
5578,Tanvir Islam,16,F,  Dhaka,Eight,77.1,4.2,,42,66,108.0,graduate,No,PASS
9026,Fatema Chowdhury,18,M,Mymensingh,Seven,81.8,2.3,79,90,98,267.0,higher secondary,Yes,pass
4642,Karim Das,14,MALE,mymensingh,Eight,72.3,3.1,61,77,41,179.0,Higher Secondary,n/a,
8723,Farhan Rahman,15,Other,Sylhet,7,75.8,2.8,89,63,58,210.0,secondary,1,pass
9737,Anik Islam,16,Female,Sylhet,Nine,91.5,0.6,54,75,88,217.0,Illiterate,n/a,Fail
1112,Tanvir Talukder,16,Other,dhaka,Nine,83.2,1.3,56,37,52,145.0,Primary,,fail
9272,Ayesha Ahmed,18,Other,mymensingh,Nine,77.0,2.3,45,89,76,210.0,primary,n/a,fail
2730,Tanvir Chowdhury,12,Other,Rangpur,8,87.2,3.6,31,71,63,165.0,Primary,Y,P
738,Zayed Islam,14,FEMALE,Ctg,7,75.4,5.4,78,36,40,154.0,secondary,Yes,
1749,Arif Khan,17,FEMALE,Rajshahi,8,79.4,2.9,33,86,59,181.0,Graduate,n/a,fail
9312,Riya Islam,15,M,mymensingh,7th,65.9,4.4,60,52,69,181.0,Secondary,0,Fail
7788,Priya Chowdhury,16,MALE,Khulna,8th,90.5,3.4,84,52,99,235.0,GRADUATE,0,PASS
5592,Hasan Islam,13,Male,Sylhet,7th,91.3,2.8,45,59,72,176.0,Graduate,yes,fail
2435,Imran Rahman,13,male,rangpur,7,104.0,2.8,84,64,88,236.0,N/A,N,F
1546,Hasan Hossain,11,M,,6th,98.8,4.6,33,57,45,135.0,Higher Secondary,n/a,FAIL
2894,Momo Islam,12,M,rangpur,6th,79.4,2.7,50,90,65,205.0,Unknown,Y,fail
3818,Karim Das,15,other,sylhet,8th,104.3,1.8,92,59,92,255.0,Secondary,0,Fail
1196,Rafi Hossain,15,,Khulna,10,72.5,1.2,88,-48,,40.0,N/A,,P
8004,Nusrat Das,16,M,Sylhet,8th,64.1,4.0,31,57,83,171.0,PRIMARY,1,Pass
3449,Kabir Ahmed,13,M,Dhaka ,6th,72.9,5.4,,31,42,73.0,unknown,n/a,F
1436,Farhan Talukder,14,Other,dhaka,8th,92.4,4.0,71,55,42,168.0,Unknown,no,P
9474,Ayesha Ahmed,11,male,KHULNA ,10th,96.3,3.4,86,70,43,199.0,N/A,n/a,F
8437,Ayesha Talukder,11,O,Sylhet,Seven,99.2,0.3,90,39,79,208.0,,,PASS
3030,Anik Sarker,12,,khulna,Ten,70.7,4.2,87,62,74,223.0,N/A,N,FAIL
6355,Lima Islam,15,MALE,barisal,06,73.9,2.0,50,92,75,217.0,GRADUATE,N,Fail
3775,Hasan Hossain,17,female,SYLHET,8th,81.0,3.3,77,48,41,166.0,Post Graduate,yes,
8923,Zayed Talukder,12,Other,SYLHET,7,75.5,2.6,89,79,37,205.0,Graduate,No,
37,Rakib Chowdhury,13,Male,rangpur,6,73.1,4.0,62,97,,159.0,graduate,0,Pass
3553,Rakib Talukder,13,female,Rajshahi ,10,89.2,2.5,68,34,86,188.0,Secondary,no,
3284,Tanvir Sarker,18,MALE,Barishal,8th,83.9,4.4,72,58,39,169.0,unknown,yes,Fail
6451,Fatema Ahmed,17,FEMALE,KHULNA ,Nine,99.9,3.0,79,96,97,272.0,postgraduate,YES,
9031,Tamim Hossain,14,O,Rangpur,6,,2.7,99,68,72,239.0,Secondary,no,pass
5069,Bristi Chowdhury,15,,Rajshahi,9th,86.3,1.9,77,91,80,248.0,primary,Y,
5358,Hasan Akter,18,MALE,Mymensign,06,95.3,3.9,33,80,44,157.0,graduate,No,Pass
832,Jannat Sarker,18,M,barisal,6th,79.7,4.5,56,67,94,217.0,PRIMARY,YES,pass
STU-00375,Rafi Ahmed,12,M,sylhet,Ten,96.9,1.3,absent,76,68,144.0,postgraduate,1,
4077,Rafi Das,17,Other,rangpur,7th,90.1,3.5,66,58,64,188.0,,No,P
8576,Priya Islam,16,Male,Ctg,10th,85.2,0.6,34,85,96,215.0,PRIMARY,YES,fail
8053,Nusrat Hossain,17,male,KHULNA ,06,92.9,1.2,90,74,87,251.0,,no,Pass
3731,Mitu Hossain,17,,Barisal,8th,83.6,2.9,81,91,95,267.0,secondary,1,pass
4905,Mitu Sarker,17,,SYLHET,9th,78.4,4.0,49,56,31,136.0,Unknown,no,PASS
5427,Mim Islam,15,Female,Barisal,Nine,77.0,1.9,90,35,97,222.0,higher secondary,No,Pass
1763 ,Tanvir Sarker,18,other,Sylhet,Nine,87.3,3.1,67,76,36,179.0,graduate,n/a,fail
1731,Bristi Ahmed,16,O,Dhaka ,9,77.5,2.2,37,37,89,163.0,Post Graduate,Yes,PASS
3753,Rakib Hossain,18,other,Rangpur,6th,106.4,4.3,38,61,62,161.0,PRIMARY,n/a,P
5464,Arif Ahmed,16,O,mymensingh,10,68.7,4.1,88,38,87,213.0,primary,Yes,F
3582,Rahim Islam,11,male,KHULNA ,10,83.5,3.5,65,50,65,180.0,Secondary,No,F
7180,Jannat Hossain,13,FEMALE,Rangpur,6,80.6,24.5,82,86,39,207.0,Primary,1,Pass
1544,Zayed Chowdhury,-13,O,CHATTOGRAM,9,92.3,4.9,40,60,41,141.0,Graduate,no,F
7171,Rakib Talukder,11,O,Mymensign,8,88.8,3.8,75,38,93,206.0,secondary,YES,P
949,Mitu Hossain,12,male,barisal,06,77.8,0.7,44,99,79,222.0,PRIMARY,1,F
534,Mim Talukder,11,other,Barisal,6,83.7,1.5,82,88,51,221.0,primary,N,P
2756,Tanvir Akter,16,FEMALE,Rangpur,Eight,96.7,2.9,73,59,69,201.0,Illiterate,n/a,Fail
7168,Hasan Ahmed,14,MALE,Barishal,9th,94.5,-0.1,53,58,98,209.0,Secondary,N,P
1658,Lima Rahman,14,MALE,Mymensingh,7th,91.6,1.8,74,57,56,187.0,postgraduate,yes,Pass
STU-02972,Hasan Talukder,18,Female,SYLHET,Six,66.2,-0.6,35,87,77,199.0,GRADUATE,,FAIL
3254,Priya Das,15,,mymensingh,Seven,88.6,4.7,75,74,50,199.0,Secondary,,fail
2702,Zayed Das,17,FEMALE,Barishal,Seven,78.8,4.7,37,31,86,154.0,GRADUATE,YES,P
6839,Kabir Islam,11,O,mymensingh,Six,63.0,4.0,52,58,35,145.0,Higher Secondary,no,P
STU-08125,rupa sarker,17,Other,Sylhet,Six,82.4,,71,71,77,219.0,secondary,yes,
935,Bristi Ahmed,18,,Dhaka ,Nine,84.9,4.8,58,97,80,235.0,Primary,,
5055,Ayesha Ahmed,16,MALE,Dhaka ,7th,,4.7,71,62,70,203.0,GRADUATE,N,P
923,Rahim Chowdhury,-1,female,rangpur,8,75.3,4.5,59,78,38,175.0,higher secondary,YES,fail
9572,Sohan Akter,15,Female,barisal,7,68.0,1.3,44,77,59,180.0,graduate,,F
6089,Sabbir Das,18,Other,Mymensign,8,75.5,0.5,86,50,83,219.0,GRADUATE,yes,pass
4892,Arif Das,18,FEMALE,khulna,10th,81.9,4.8,51,92,75,218.0,Secondary,,
4649,Mim Talukder,18,O,Mymensingh,Ten,84.2,4.9,91,90,41,222.0,Post Graduate,n/a,FAIL
1210,Fatema Talukder,16,Female,Rangpur,8,190.6,3.7,92,91,78,261.0,N/A,No,F
4712,Priya Das,15,Other,Rajshahi,10,78.2,0.7,39,90,50,179.0,Primary,NO,FAIL
4092,Rahim Chowdhury,17,MALE,CHATTOGRAM,Nine,84.9,2.8,69,89,44,202.0,PRIMARY,No,
9774,Rupa Akter,17,O,Barishal,Six,75.3,2.6,71,71,80,222.0,primary,Yes,
4783,Riya Das,11,,rangpur,10th,85.0,3.4,62,97,93,252.0,,Yes,Fail
7134,Ayesha Chowdhury,15,Other,rangpur,10th,,4.0,41,54,63,158.0,PRIMARY,N,P
6594,Jannat Islam,17,Female,Ctg,9,87.0,0.5,60,76,45,181.0,GRADUATE,NO,PASS
3945,Sohan Talukder,11,Female,khulna,Seven,-41.7,0.8,44,,77,121.0,Post Graduate,NO,
346,Rahim Akter,15,O,rangpur,10th,75.2,1.7,,84,43,127.0,Graduate,N,P
5812,Riya Akter,,Female,,Eight,93.7,4.5,35,31,91,157.0,unknown,N,FAIL
3683,Hasan Khan,14,Male,dhaka,Nine,90.0,22.1,76,90,56,222.0,postgraduate,0,Fail
6739,Jannat Sarker,17,Other,rangpur,06,90.1,3.6,48,35,80,163.0,Illiterate,,Fail
8932,Rahim Sarker,,female,rajshahi,Ten,86.3,4.2,95,74,81,250.0,unknown,NO,pass
STU-03063,Farhan Khan,18,,barisal,10,94.0,2.1,57,99,61,224.0,graduate,Y,
2316,Jannat Hossain,12,Other,sylhet,9,85.4,0.5,97,61,95,253.0,GRADUATE,n/a,FAIL
5609,Kabir Hossain,290,F,Rangpur,9th,89.5,3.8,71,87,39,197.0,Higher Secondary,Yes,FAIL
572,Hasan Sarker,fifteen,other,Rangpur,Seven,81.7,3.0,75,59,86,220.0,GRADUATE,yes,Pass
6890,Riya Chowdhury,15,Male,Ctg,Ten,65.4,3.3,80,97,75,252.0,unknown,Y,fail
1876,Shila Das,18,FEMALE,Rajshahi,9th,99.7,,97,95,42,234.0,graduate,,
57,Sadia Hossain,14,,DHAKA,8,73.0,2.5,30,63,77,170.0,postgraduate,yes,Fail
3088,Sabbir Chowdhury,13,Male,barisal,8,103.7,2.5,87,94,87,268.0,Secondary,Y,FAIL
6767,Nusrat Ahmed,12,other,Sylhet,6th,81.8,2.3,96,98,67,261.0,Post Graduate,1,Pass
9063,Mim Das,11,,barisal,10,83.4,1.0,62,60,91,213.0,Primary,NO,F
1313,Sadia Hossain,17,Other,khulna,9,68.8,1.3,61,86,67,214.0,unknown,N,FAIL
7333,Arif Das,12,F,KHULNA ,9th,84.8,5.7,44,66,99,209.0,unknown,Y,Fail
1386,Rafi Rahman,18,male,rangpur,10,87.7,2.0,31,33,42,106.0,Higher Secondary,no,Pass
6096,Rahim Hossain,11,MALE,barisal,9th,84.8,2.0,63,63,66,192.0,Unknown,1,
3539,Nadia Hossain,18,MALE,barisal,7th,96.6,2.1,98,91,75,256.0,unknown,Y,Pass
8687,Priya Sarker,11,M,Dhaka,Seven,79.5,3.1,37,94,66,197.0,GRADUATE,1,
8202,Rakib Hossain,15,Other,Rangpur,Nine,74.7,2.3,34,99,93,226.0,graduate,1,F
8005,Jannat Hossain,14,Other,khulna,7th,105.9,6.3,90,69,47,206.0,Graduate,N,fail
946,Bristi Khan,17,O,sylhet,Eight,64.8,2.8,79,71,41,191.0,Graduate,0,FAIL
1666,Jannat Akter,17,MALE,Sylhet,Nine,91.2,,77,39,53,169.0,unknown,n/a,fail
1443,Momo Akter,13,F,Rangpur,7,84.6,4.9,,99,48,147.0,Post Graduate,Y,pass
5645,Zayed Ahmed,13,F,,Nine,90.5,4.4,74,70,92,236.0,unknown,Y,pass
5723,Priya Rahman,17,Female,Mymensign,8th,85.2,3.0,87,55,88,230.0,secondary,No,PASS
4661,Riya Talukder,11,MALE,Sylhet,9,96.2,3.0,30,,75,105.0,illiterate,no,P
2106,Riya Ahmed,12,,SYLHET,Eight,76.7,3.6,58,85,35,178.0,secondary,NO,
1764,Rafi Hossain,12,female,Dacca,Eight,85.2,5.9,62,58,52,172.0,Post Graduate,YES,Fail
6730,Tamim Ahmed,14,Female,khulna,6th,85.2,2.5,36,50,87,173.0,primary,N,Pass
7448,Karim Hossain,13,female,mymensingh,6th,75.8,5.7,36,64,81,181.0,primary,,FAIL
607,Sabbir Islam,14,O,Mymensingh,8,86.7,2.5,69,72,51,192.0,graduate,Yes,FAIL
4559,Mitu Rahman,13,other,Chittagong,Ten,N/A,2.8,57,46,94,197.0,unknown,No,Pass
6903,Rahim Hossain,18,,Rangpur,Six,94.9,2.8,57,61,51,151.0,Primary,No,F
3649,Mitu Talukder,252,,sylhet,7,78.8,-0.1,65,,93,158.0,unknown,YES,Fail
4469,Farhan Sarker,12,F,Ctg,7th,79.3,2.3,44,59,35,138.0,GRADUATE,Yes,
9696,bristi islam,16,,Chittagong,10th,96.4,3.2,54,,91,145.0,PRIMARY,Y,
STU-02200,Momo Ahmed,17,Male,Khulna,7th,87.8,0.6,44,46,80,170.0,N/A,yes,Fail
864,Sabbir Das,11,female,rajshahi,8,83.8,2.1,,87,58,145.0,Primary,,Pass
5705,Zayed Khan,18,Other,SYLHET,10th,90.2,3.3,77,80,33,190.0,GRADUATE,No,pass
5895,Riya Islam,11,,Barishal,6th,96.1,1.2,62,38,36,136.0,Secondary,Y,pass
STU-07395,Rakib Sarker,17,Male,Rangpur,9th,85.9,2.1,91,48,59,198.0,Secondary,no,FAIL
5254,Shila Khan,15,FEMALE,Barisal,9,77.0,1.4,73,47,61,181.0,higher secondary,NO,F
7546,Bristi Chowdhury,11,FEMALE,KHULNA ,6,91.7,2.4,42,,73,115.0,Higher Secondary,no,fail
4333,Rakib Chowdhury,17,Other,CHATTOGRAM,8,73.6,2.4,67,76,83,226.0,primary,YES,Pass
1298,Jannat Ahmed,16,Male,Barisal,9,102.0,4.1,81,39,70,190.0,secondary,NO,PASS
STU-03718,Mitu Rahman,16,other,Dhaka,9,67.1,3.7,49,65,31,145.0,PRIMARY,N,FAIL
3341,Sadia Talukder,13,FEMALE,Barishal,Nine,79.7,2.8,39,47,68,154.0,secondary,yes,
8909,Rahim Hossain,18,Male,rangpur,Six,78.3,,46,80,31,157.0,,Y,Fail
1522,Rakib Ahmed,15,,,Seven,80.5,8.1,46,38,73,157.0,illiterate,NO,Pass
7156,Fatema Chowdhury,12,female,Chattogram,10th,83.0,2.4,64,55,73,192.0,Post Graduate,no,Pass
2767,Farhan Das,13,female,Mymensign,9th,84.0,2.0,85,97,73,255.0,primary,,fail
STU-04657,Karim Sarker,18,Other,CHATTOGRAM,Nine,74.5,2.8,48,45,54,147.0,Graduate,N,P
1290,Arif Sarker,11,MALE,sylhet,7th,71.2,2.7,88,30,32,150.0,Post Graduate,n/a,P
2499,Tanvir Akter,15,,chittagong,Nine,93.0,0.4,58,60,90,208.0,N/A,0,FAIL
749,Tamim Hossain,16,,Chattogram,7,90.1,5.2,33,59,59,151.0,primary,0,P
3991,Zayed Talukder,17,M,Khulna,9th,73.5,5.8,94,65,63,222.0,,0,PASS
1932,Farhan Khan,13,male,Ctg,10,80.3,3.1,40,35,96,171.0,Unknown,1,F
3061,Riya Talukder,18,male,Rangpur,6,103.8,4.5,34,36,70,140.0,higher secondary,n/a,Fail
8002,Sohan Rahman,17,,khulna,7,,3.7,55,75,42,172.0,illiterate,No,Fail
2268,Nusrat Khan,11,MALE,Rajshahi,06,85.0,2.7,67,92,30,189.0,illiterate,0,F
6013,Lima Hossain,14,M,Rangpur,9th,76.1,3.2,55,32,67,154.0,Graduate,n/a,Fail
5551,Kabir Hossain,12,MALE,Khulna,6th,86.5,3.0,76,95,54,225.0,secondary,Y,P
6500,Tamim Sarker,17,F,Mymensign,Nine,94.4,2.4,85,33,69,187.0,,n/a,Fail
5857,Fatema Sarker,14,female,SYLHET,9,68.2,4.1,33,92,33,158.0,unknown,,F
2980,Imran Islam,13,FEMALE,rangpur,7,82.6,2.5,61,80,71,212.0,Primary,YES,
5233,Sabbir Khan,16,Other,dhaka,9,85.0,2.6,84,31,55,170.0,graduate,Yes,fail
2996,Hasan Rahman,11,O,Rajshahi,Seven,57.3,6.1,52,32,59,143.0,primary,N,PASS
2857,Ayesha Akter,17,Other,Mymensingh,9th,,1.1,57,77,64,198.0,Unknown,Y,Pass
4691,Anik Hossain,15,,Mymensign,Ten,83.3,21.6,34,98,81,213.0,Illiterate,No,Fail
8554,Nadia Chowdhury,13,female,Rangpur,8,68.0,1.4,64,76,79,219.0,Post Graduate,N,Fail
1945,Bristi Sarker,11,O,sylhet,10th,76.6,3.6,95,60,90,245.0,graduate,1,
9025,Zayed Akter,14,Other,Barishal,10,83.1,2.4,87,72,90,249.0,higher secondary,n/a,P
8271,Momo Sarker,17,FEMALE,,Ten,N/A,5.0,54,81,85,220.0,Graduate,n/a,F
7993,Kabir Akter,-15,,Rajshahi,Nine,78.0,1.2,59,93,67,219.0,higher secondary,,F
6990,Tamim Chowdhury,12,MALE,Rajshahi,8,81.3,2.5,72,66,74,212.0,Illiterate,no,P
4365,Zayed Akter,18,F,SYLHET,Nine,86.7,2.7,56,68,51,175.0,postgraduate,NO,pass
9605,Priya Sarker,15,male,khulna,Seven,77.4,4.6,93,86,55,234.0,,no,P
9344,Zayed Akter,11,female,chittagong,Seven,85.5,3.9,71,69,50,190.0,higher secondary,YES,Fail
4004,Sohan Chowdhury,16,FEMALE,Rajshahi ,9th,54.6,0.5,94,75,63,232.0,Secondary,yes,F
3415,Priya Talukder,18,Female,sylhet,Eight,79.8,3.4,51,35,49,135.0,primary,no,pass
2407 ,Fatema Talukder,11,FEMALE,Chattogram,10th,100.6,1.4,62,36,51,149.0,Secondary,N,P
2351,Jannat Chowdhury,13,M,Barisal,10th,78.3,4.6,87,78,-48,117.0,Graduate,Yes,Fail
6694,Zayed Hossain,17,MALE,rajshahi,6,94.6,-3.8,84,47,56,187.0,Higher Secondary,Yes,pass
9022,Imran Sarker,15,Male,mymensingh,8,86.4,4.1,69,58,52,179.0,unknown,yes,Pass
3525,Momo Hossain,16,other,,Eight,-18.8,3.6,57,88,189,334.0,secondary,No,F
5474,Tanvir Islam,11,MALE,SYLHET,Seven,,1.3,53,72,62,187.0,illiterate,,P
9264,Sabbir Talukder,16,Female,Chittagong,7th,92.0,3.9,83,70,30,183.0,higher secondary,N,FAIL
9640,Rafi Ahmed,13,Other,Dhaka ,6th,84.3,2.1,44,36,67,147.0,PRIMARY,yes,P
7485,Tanvir Das,11,Male,CHATTOGRAM,Nine,101.5,3.7,87,90,57,234.0,PRIMARY,0,
3658,Shila Ahmed,17,Other,rajshahi,Nine,87.5,5.7,-20,58,82,120.0,Primary,Yes,PASS
2409,Sohan Chowdhury,17,Other,Rajshahi,Nine,55.5,5.4,69,74,88,231.0,,1,P
7430,Sadia Talukder,11,Male,Chattogram,9th,81.1,1.4,85,82,73,240.0,,No,F
8905,Riya Das,18,O,Mymensign,Six,80.0,3.5,32,50,36,118.0,Higher Secondary,,
5556,Karim Chowdhury,15,male,Dacca,8th,92.4,-3.2,82,-15,69,136.0,illiterate,Yes,FAIL
1264,hasan rahman,17,female,KHULNA ,8th,80.9,3.2,88,62,70,error,higher secondary,n/a,FAIL
6420,Tamim Rahman,18,MALE,Barisal,Eight,83.8,2.3,95,32,98,225.0,N/A,1,FAIL
1137,Kabir Rahman,12,female,KHULNA ,Seven,85.6,3.7,90,59,54,203.0,postgraduate,No,pass
6825,Lima Chowdhury,11,other,Sylhet,9th,83.8,3.3,99,88,83,270.0,,Y,fail
6947,Rupa Ahmed,11,,rangpur,7,85.9,1.9,40,44,40,124.0,postgraduate,Yes,FAIL
5931,Karim Ahmed,16,F,Barishal,9th,83.8,3.7,,45,63,108.0,primary,0,Pass
8825,Fatema Hossain,15,MALE,SYLHET,Eight,-15.8,4.3,79,96,64,239.0,Primary,No,Pass
8847,Sohan Rahman,16,Female,Barishal,8,89.7,1.6,83,87,55,225.0,illiterate,0,pass
2462,Momo Talukder,15,Female,Rajshahi,8th,71.4,4.5,-17,31,35,,,Y,F
2548,Karim Akter,14,,Barishal,10th,91.6,1.6,63,63,77,203.0,Graduate,yes,PASS
6114,Shila Islam,18,MALE,mymensingh,9th,73.1,1.8,55,94,74,223.0,unknown,YES,
3180,Arif Talukder,18,MALE,Dhaka,6,86.8,3.0,45,76,96,217.0,Unknown,Y,PASS
8716,Hasan Khan,18,Other,Rajshahi ,Seven,82.9,4.5,62,43,83,188.0,Primary,n/a,Fail
1214,Jannat Rahman,16,MALE,sylhet,Eight,88.9,1.8,51,49,62,162.0,unknown,Y,Fail
4834,Ayesha Das,16,female,sylhet,9,73.0,3.2,92,98,72,262.0,Higher Secondary,NO,Pass
7954,Momo Islam,12,other,Mymensingh,7th,91.4,-1.7,61,absent,91,152.0,Illiterate,yes,Fail
4185,Anik Khan,11,other,Barisal,Eight,82.4,2.6,50,63,43,156.0,,NO,FAIL
1590,Momo Rahman,13,MALE,Dacca,8th,83.4,4.1,99,41,70,210.0,primary,NO,Fail
2347,Sohan Das,14,Other,barisal,6,75.2,6.8,60,99,absent,159.0,Secondary,YES,Fail
2038 ,Kabir Sarker,17,Other,Barishal,6th,80.7,5.0,43,99,91,233.0,Higher Secondary,1,Pass
9123,Nadia Akter,16,MALE,,Nine,80.5,4.8,48,64,62,174.0,postgraduate,1,PASS
1244,Jannat Hossain,11,F,Rajshahi ,Six,95.5,1.0,57,93,,150.0,GRADUATE,n/a,Pass
80,Fatema Hossain,12,Female,Sylhet,Seven,78.2,2.9,90,68,30,,Unknown,0,fail
5687,Mitu Ahmed,11,MALE,khulna,Seven,83.1,-0.5,74,72,85,231.0,,No,PASS
6288,Rahim Sarker,18,O,Dhaka ,9,87.7,0.0,33,61,74,168.0,secondary,n/a,fail
100,Sohan Akter,15,F,Rangpur,10,73.5,2.1,72,52,84,208.0,Graduate,Yes,Pass
7735,Karim Khan,15,Other,Dhaka ,6,65.2,4.3,86,90,33,209.0,graduate,1,fail
883,Rakib Das,18,,Barisal,Seven,68.1,2.3,50,79,68,197.0,unknown,no,pass
1861,Priya Sarker,17,female,Dacca,10,74.1,5.7,-48,238,68,258.0,illiterate,NO,F
2209,Kabir Rahman,14,female,Dhaka ,9th,82.0,1.8,73,81,-28,126.0,primary,No,Pass
8595,Hasan Chowdhury,18,Other,Dhaka ,6th,85.0,3.9,41,79,54,174.0,secondary,N,
STU-00068,Riya Khan,15,MALE,Rajshahi,8,76.7,2.2,53,93,78,224.0,secondary,0,FAIL
6874 ,Karim Ahmed,14,O,  Dhaka,7th,70.9,4.0,39,41,95,,GRADUATE,yes,FAIL
2361,Imran Sarker,13,MALE,Chattogram,Nine,71.6,1.7,-39,62,56,79.0,N/A,1,P
733,Priya Sarker,13,female,Chittagong,Ten,96.8,6.4,40,55,71,166.0,Graduate,0,pass
9633,Lima Sarker,16,female,Mymensingh,8,89.0,0.4,86,90,41,217.0,Primary,Yes,F
7779,Zayed Hossain,14,Female,Rajshahi ,8,73.9,3.1,82,34,95,211.0,Secondary,NO,PASS
5929,Kabir Akter,15,Male,sylhet,9th,79.4,2.2,39,92,65,,GRADUATE,yes,FAIL
921,Arif Hossain,17,male,Mymensingh,Seven,96.4,2.3,84,39,71,,GRADUATE,YES,PASS
7435,Tamim Rahman,13,M,Barisal,7,94.7,6.7,251,89,43,383.0,higher secondary,n/a,pass
8796,Imran Ahmed,11,Other,khulna,10,76.6,3.9,36,64,41,141.0,Higher Secondary,,fail
1527,Rupa Talukder,13,other,Ctg,6,82.2,2.0,42,62,91,195.0,,N,FAIL
STU-05397,Karim Islam,11,Male,Dhaka,7,73.3,2.9,31,91,,122.0,Post Graduate,,pass
657,Sabbir Islam,13,female,khulna,9th,,4.2,96,69,39,204.0,GRADUATE,No,Pass
7902,Tamim Rahman,17,male,barisal,Ten,85.7,0.9,58,38,75,171.0,PRIMARY,N,pass
1111,Tanvir Das,16,Other,Dhaka ,9th,76.3,4.4,37,81,62,180.0,unknown,0,FAIL
7105,Nadia Rahman,13,Male,  Dhaka,7th,72.7,5.0,31,47,57,135.0,Primary,,
8300,Ayesha Akter,14,male,Dhaka,9th,92.2,3.8,94,84,69,247.0,Secondary,No,F
2424,Imran Islam,16,MALE,Mymensign,Six,99.2,4.8,82,44,85,211.0,unknown,0,F
501,Farhan Ahmed,13,other,barisal,Seven,78.5,4.8,33,96,63,192.0,N/A,0,PASS
8646,Riya Chowdhury,17,other,Sylhet,10th,93.9,2.3,86,53,49,188.0,postgraduate,0,pass
9190,Imran Chowdhury,14,male,,9th,68.2,2.6,38,50,30,118.0,secondary,no,fail
8473,Rafi Akter,15,O,Barisal,Nine,87.4,3.7,86,,98,184.0,Post Graduate,yes,F
3489,Kabir Akter,12,MALE,rajshahi,Six,70.8,2.4,57,74,97,228.0,Post Graduate,yes,Fail
632,Riya Talukder,15,male,Chattogram,Six,88.0,3.6,,83,65,,Primary,0,Pass
3428,Lima Ahmed,16,FEMALE,Chattogram,Ten,77.8,3.0,94,74,83,251.0,Primary,0,P
176,Momo Sarker,18,female,Barisal,Nine,84.3,0.5,44,88,55,187.0,Secondary,YES,Pass
233,Tanvir Talukder,14,MALE,Rajshahi ,10th,96.3,2.6,66,33,49,148.0,,n/a,FAIL
2339,Mim Talukder,13,other,barisal,8th,54.8,5.4,77,44,63,184.0,secondary,no,pass
6362,Momo Sarker,18,Female,KHULNA ,7,,1.2,58,71,91,220.0,Higher Secondary,no,P
1597,Sadia Islam,13,O,Rangpur,9th,75.0,-1.5,46,40,77,163.0,Primary,0,pass
3817,Sohan Rahman,14,,Khulna,7th,85.4,1.4,92,49,87,228.0,Post Graduate,0,
3275,Lima Talukder,14,O,Mymensingh,8th,82.8,3.5,41,77,66,184.0,primary,0,fail
5837,Anik Sarker,14,female,Barishal,9,,2.8,78,85,32,195.0,unknown,,Pass
8850,Arif Ahmed,15,FEMALE,rangpur,Ten,82.8,1.5,62,83,49,194.0,Illiterate,Y,FAIL
5205,Rafi Rahman,16,FEMALE,Sylhet,8,89.4,3.7,47,80,48,175.0,primary,0,PASS
3740,Mitu Islam,15,,Mymensign,8th,91.8,3.8,32,56,82,170.0,Unknown,n/a,Pass
7306,Nusrat Hossain,13,MALE,Khulna,10th,111.9,3.4,55,63,84,202.0,Higher Secondary,1,PASS
8571,Rakib Ahmed,15,male,Sylhet,06,84.7,4.7,93,31,35,159.0,Illiterate,No,
5920,Ayesha Akter,15,Female,Mymensign,9,69.4,4.7,31,52,80,163.0,Illiterate,YES,FAIL
6425,Jannat Das,17,,rajshahi,Eight,81.6,3.2,97,94,36,227.0,Unknown,,PASS
1484,Bristi Talukder,13,Female,KHULNA ,9,92.3,1.0,49,76,82,207.0,Higher Secondary,Y,F
6533,Momo Ahmed,11,Male,barisal,Eight,90.5,4.9,59,86,39,184.0,Graduate,yes,pass
3977,Hasan Khan,15,M,rangpur,Nine,89.8,1.0,52,87,98,237.0,secondary,YES,Fail
4030,nadia chowdhury,13,female,Chattogram,Ten,103.9,0.4,63,83,41,187.0,Post Graduate,Y,P
3565,Tanvir Rahman,17,male,Rajshahi ,10,95.3,2.9,73,85,73,231.0,GRADUATE,Y,FAIL
9761,Rahim Das,18,O,rangpur,7,93.8,5.5,233,77,53,363.0,postgraduate,1,P
1686,Kabir Hossain,18,,sylhet,7,90.4,3.3,88,38,41,167.0,postgraduate,Yes,
174,Zayed Talukder,13,M,  Dhaka,7th,94.9,2.1,289,46,86,421.0,N/A,YES,pass
1181,Imran Khan,17,O,Dhaka ,7th,86.7,4.7,90,39,83,212.0,secondary,Y,P
1408,Tamim Hossain,15,Female,Barishal,9,81.0,3.5,88,97,38,223.0,primary,yes,fail
8937,Rafi Rahman,13,FEMALE,DHAKA,8,86.9,1.9,97,38,51,186.0,Higher Secondary,yes,PASS
6995,Nadia Sarker,13,FEMALE,chittagong,Seven,76.8,4.0,45,37,71,153.0,unknown,,P
3601,Shila Akter,13,MALE,Sylhet,8th,75.2,3.4,85,69,97,251.0,N/A,Yes,F
5012,Lima Sarker,16,female,dhaka,Eight,68.8,2.4,30,44,54,128.0,Secondary,no,Fail
4822,Imran Chowdhury,16,other,Chittagong,06,82.2,2.5,81,62,50,193.0,GRADUATE,yes,FAIL
4656,Bristi Islam,15,male,rangpur,9th,86.0,2.2,84,75,55,214.0,Secondary,no,Fail
4608,Rafi Sarker,13,F,Ctg,Nine,86.5,5.1,63,49,85,180.0,graduate,yes,fail
9085,Bristi Hossain,15,,Mymensign,6th,78.2,2.8,77,75,86,238.0,unknown,yes,
8224,Rupa Chowdhury,11,other,Rajshahi ,8th,86.5,2.7,33,74,75,182.0,secondary,N,FAIL
8786,Sadia Talukder,12,male,,10th,116.3,2.4,36,94,91,221.0,Unknown,NO,Fail
6794,Sabbir Das,17,O,,9,88.3,4.0,59,87,49,195.0,Primary,YES,pass
1459,Lima Chowdhury,18,Other,khulna,7th,93.5,4.7,69,83,43,195.0,GRADUATE,1,Pass
5992,Riya Chowdhury,14,FEMALE,Mymensign,7th,81.0,2.1,45,81,33,159.0,Primary,NO,P
5015,Rupa Islam,14,FEMALE,Sylhet,Nine,72.9,1.5,46,32,91,169.0,postgraduate,no,P
1193,Bristi Khan,13,,Chittagong,Ten,95.9,0.8,59,54,55,168.0,primary,Yes,F
3726,Farhan Das,17,male,rajshahi,7th,59.9,4.4,64,54,49,167.0,Illiterate,0,fail
9108,Shila Ahmed,18,FEMALE,rangpur,9th,96.5,1.7,62,74,93,229.0,Post Graduate,yes,F
STU-00421,Imran Hossain,13,M,Ctg,6,84.6,1.2,71,66,71,208.0,Primary,Y,Fail
2029,Bristi Chowdhury,17,,Chattogram,7,72.7,3.1,64,99,52,215.0,primary,no,FAIL
8165,Mitu Islam,,Other,Rajshahi ,9th,81.6,0.9,62,53,67,182.0,PRIMARY,,FAIL
6751,Tamim Chowdhury,11,Other,CHATTOGRAM,8th,83.6,0.8,38,85,52,175.0,higher secondary,0,P
4930,Sohan Rahman,11,Other,Barisal,9,97.4,-0.0,31,61,51,143.0,higher secondary,,pass
7037,Imran Akter,13,FEMALE,Barishal,9,99.6,29.0,69,75,36,180.0,graduate,n/a,PASS
3300,Nusrat Ahmed,15,Other,CHATTOGRAM,Nine,87.1,-5.0,82,43,50,,higher secondary,0,Pass
5281,Nusrat Akter,14,Female,Rajshahi ,7,74.0,2.9,71,57,56,184.0,Secondary,N,Pass
4825,Rakib Talukder,12,M,mymensingh,9,88.6,0.2,30,73,81,184.0,Unknown,NO,FAIL
6350,Fatema Hossain,16,O,Rajshahi ,8th,84.9,4.5,53,55,54,162.0,higher secondary,yes,F
2303,Mim Hossain,12,Female,Barisal,8,76.4,1.2,51,37,50,138.0,GRADUATE,no,pass
6686,Hasan Hossain,18,,Khulna,Ten,91.0,2.9,52,,51,103.0,Secondary,n/a,P
1422,Hasan Sarker,15,O,chittagong,7th,64.3,4.5,55,41,50,146.0,Secondary,no,PASS
4411,Jannat Das,15,male,KHULNA ,8th,95.6,1.9,51,78,53,182.0,Graduate,yes,Fail
2793,Bristi Das,13,O,Chittagong,Ten,98.2,4.1,34,70,92,,GRADUATE,NO,Fail
8081,Farhan Akter,18,other,KHULNA ,10,88.6,3.8,73,34,54,161.0,primary,yes,fail
9396,Fatema Chowdhury,11,MALE,Rajshahi ,9,72.8,2.8,89,88,52,229.0,unknown,yes,Fail
3560,Imran Akter,13,,barisal,Nine,83.5,5.0,51,79,77,207.0,unknown,no,F
2143,Arif Ahmed,14,Other,Mymensign,06,100.6,4.2,88,90,58,236.0,GRADUATE,N,F
844,Bristi Das,11,Male,Rajshahi ,06,81.2,2.8,84,93,86,263.0,Illiterate,NO,pass
1451,Rupa Akter,14,MALE,mymensingh,8,82.6,4.7,47,67,88,202.0,illiterate,,Fail
8579,Rupa Chowdhury,14,F,DHAKA,6th,72.6,2.0,97,73,91,270.0,Graduate,Y,Fail
5020,Imran Talukder,15,M,Chattogram,10,72.9,5.1,47,83,65,,Unknown,yes,fail
3360,Rupa Talukder,12,F,Sylhet,Seven,104.6,2.7,78,72,45,195.0,N/A,Y,Pass
8821,Kabir Ahmed,12,Other,SYLHET,10,93.7,2.4,82,73,57,212.0,unknown,1,Fail
6860,Farhan Hossain,12,other,DHAKA,10,,4.7,85,48,67,,unknown,0,
4523,Farhan Hossain,18,F,khulna,10,90.1,2.9,43,97,37,177.0,Unknown,N,Pass
1593,Nusrat Sarker,18,male,Mymensingh,Eight,104.7,2.9,42,64,76,182.0,Graduate,Y,F
6215,Imran Rahman,11,M,Barisal,Ten,93.9,1.4,49,70,65,184.0,PRIMARY,N,PASS
6528,Arif Islam,12,F,rangpur,6,89.2,3.4,69,56,42,167.0,higher secondary,No,FAIL
5220,Nusrat Sarker,16,Male,Barishal,7,85.0,3.8,228,38,75,341.0,N/A,YES,FAIL
5973,Rakib Sarker,13,other,chittagong,7,139.4,3.9,35,71,45,151.0,Secondary,0,Pass
1385,Rakib Das,16,Female,rangpur,10th,74.7,1.0,46,55,52,153.0,postgraduate,NO,Pass
3117,Kabir Talukder,13,male,Khulna,6th,83.9,2.6,79,59,99,237.0,illiterate,,F
2035,Nadia Rahman,15,female,Ctg,Seven,83.0,3.2,,37,61,98.0,GRADUATE,1,Fail
2467,Bristi Rahman,13,M,rangpur,10,71.5,2.9,95,83,68,246.0,unknown,YES,F
2412,Imran Hossain,11,,barisal,10,97.2,5.6,49,47,59,155.0,Higher Secondary,yes,PASS
8748,Hasan Sarker,11,male,Rangpur,Eight,87.7,0.6,45,43,30,118.0,Post Graduate,Yes,
7002,Rafi Islam,15,O,chittagong,8th,89.6,3.3,87,86,35,208.0,PRIMARY,,fail
640,Rakib Sarker,11,female,Mymensign,9,86.3,3.1,37,56,91,184.0,PRIMARY,YES,PASS
3437 ,Tanvir Talukder,12,Male,Sylhet,10,78.8,5.4,35,43,275,353.0,Unknown,Y,fail
4797,Sohan Khan,12,male,Rajshahi ,10th,87.0,3.0,43,32,82,157.0,N/A,,Pass
6593,Lima Ahmed,12,Female,Rangpur,Ten,93.0,2.4,76,60,42,178.0,unknown,0,pass
2384,Rupa Akter,18,MALE,Mymensingh,8,82.6,2.7,63,44,39,146.0,higher secondary,YES,PASS
6746,Jannat Hossain,18,O,Dacca,Ten,65.8,2.6,37,32,64,133.0,Secondary,n/a,PASS
1971,Shila Chowdhury,11,,KHULNA ,8,69.8,1.9,46,84,39,169.0,primary,yes,fail
6681,Lima Sarker,11,male,SYLHET,9th,83.6,3.9,54,39,34,127.0,Primary,0,fail
9024,Mim Sarker,13,,Rangpur,7th,93.8,1.1,91,63,80,234.0,graduate,0,PASS
STU-03394,Mitu Das,11,M,Ctg,9,93.7,4.0,40,66,43,149.0,Unknown,Yes,Pass
4936,Jannat Ahmed,18,,chittagong,06,86.4,2.0,56,76,52,184.0,N/A,Yes,PASS
1042,Mitu Akter,17,F,CHATTOGRAM,10th,92.2,3.2,50,87,34,171.0,postgraduate,no,Fail
STU-04843,Fatema Chowdhury,18,,Khulna,10th,99.9,2.1,40,52,74,166.0,secondary,no,PASS
2954,Riya Talukder,16,male,Barishal,6th,99.4,3.5,32,70,37,139.0,Secondary,yes,
1407,Rafi Chowdhury,14,Male,Barishal,Ten,92.4,1.9,31,34,91,156.0,,0,
9764,Sadia Sarker,15,Other,DHAKA,Nine,104.1,3.1,,absent,46,46.0,higher secondary,0,PASS
5482,Arif Akter,17,other,Rajshahi,7,96.9,-0.0,48,32,68,148.0,secondary,0,P
2956,Shila Khan,14,Other,DHAKA,10,98.0,4.9,90,76,32,198.0,N/A,1,Fail
5285,Arif Islam,11,FEMALE,Barishal,8th,84.0,1.8,73,-27,94,140.0,primary,no,P
8818,Anik Rahman,15,other,Dhaka ,9th,74.2,2.1,52,99,36,187.0,N/A,0,Pass
1838,Arif Sarker,11,male,SYLHET,6,87.3,4.7,81,89,81,251.0,illiterate,NO,Pass
2210,Tanvir Islam,13,,DHAKA,Eight,86.5,3.1,89,78,44,211.0,secondary,1,P
8034,Nusrat Khan,11,,khulna,10,102.4,4.0,32,43,34,109.0,graduate,Y,pass
6383,Nadia Rahman,12,Female,sylhet,06,80.2,7.1,57,30,-46,41.0,Higher Secondary,Y,pass
7094,Sabbir Talukder,17,other,SYLHET,8,98.8,-0.0,79,68,76,223.0,Graduate,,F
8925,Bristi Das,16,Other,Mymensign,9th,84.5,1.1,38,76,69,183.0,Graduate,n/a,F
9850,Nadia Das,17,FEMALE,rajshahi,6,N/A,4.5,76,42,51,169.0,Unknown,Yes,FAIL
3244,Nadia Das,18,Male,KHULNA ,10th,76.4,2.9,76,66,77,219.0,unknown,yes,Pass
8285,Bristi Akter,16,Female,Rangpur,6,79.5,0.9,70,71,-34,107.0,primary,YES,Pass
6676,Nusrat Talukder,14,female,KHULNA ,8th,90.7,5.2,73,64,80,217.0,GRADUATE,Yes,pass
61,Sadia Khan,14,Other,Barisal,06,-4.9,4.6,52,39,98,189.0,Secondary,no,Pass
5776,Rakib Das,13,M,sylhet,Six,89.8,21.6,51,34,87,172.0,Post Graduate,No,
STU-05513,Rakib Ahmed,17,other,  Dhaka,8,94.6,2.6,52,31,50,133.0,N/A,yes,PASS
4269,Nusrat Khan,16,Other,CHATTOGRAM,Six,80.5,3.4,77,65,259,401.0,Higher Secondary,NO,fail
STU-03723,Sabbir Islam,14,female,mymensingh,Seven,80.2,5.1,41,51,30,122.0,Higher Secondary,NO,P
7760,Lima Ahmed,17,female,Mymensign,Ten,160.9,3.5,47,89,31,167.0,unknown,Yes,pass
7071,rupa chowdhury,13,F,Sylhet,8th,91.1,3.2,78,91,68,237.0,Primary,,Fail
5174,Nusrat Ahmed,17,Male,Mymensign,06,93.8,2.3,34,47,46,127.0,unknown,1,P
7116,Shila Rahman,11,MALE,mymensingh,9,105.5,6.2,61,210,92,363.0,Unknown,yes,Fail
8800,Farhan Chowdhury,14,Female,rangpur,8,90.1,-4.0,85,41,82,208.0,,no,
164,Sadia Talukder,18,Male,Mymensingh,10,87.0,1.5,67,63,46,176.0,Illiterate,No,F
3724,Nadia Talukder,16,M,KHULNA ,6th,71.6,3.7,50,42,90,182.0,PRIMARY,no,pass
8265,Fatema Ahmed,18,Other,Dhaka,Seven,76.3,4.2,50,68,69,187.0,Primary,n/a,FAIL
6014,Kabir Ahmed,291,Male,rajshahi,10th,91.2,1.6,40,69,33,142.0,secondary,N,FAIL
4064,Tanvir Talukder,18,female,mymensingh,Six,96.5,3.4,56,36,52,,postgraduate,0,FAIL
6761,Hasan Akter,12,Other,KHULNA ,8,88.2,3.0,74,77,78,229.0,Graduate,,FAIL
2169,Nusrat Akter,18,other,Rajshahi ,Nine,88.9,1.4,55,38,49,142.0,PRIMARY,n/a,
3024,Shila Das,16,M,Rajshahi ,Six,73.7,3.4,74,63,31,168.0,unknown,yes,Fail
4232,Priya Hossain,13,MALE,KHULNA ,10th,69.9,5.3,71,33,68,172.0,secondary,No,FAIL
4707,Jannat Sarker,15,FEMALE,rajshahi,9th,92.1,5.3,60,59,54,173.0,Secondary,n/a,P
6690,Tamim Ahmed,14,Female,Chattogram,10,86.8,1.7,68,90,52,210.0,illiterate,No,Pass
5636,Jannat Akter,18,female,mymensingh,6th,81.6,1.7,70,57,30,157.0,higher secondary,yes,pass
3884,Rakib Sarker,18,other,Dacca,7th,87.6,0.8,83,88,68,239.0,N/A,Y,pass
113,Nusrat Hossain,17,other,Rangpur,8,80.6,5.4,71,70,35,176.0,Post Graduate,No,pass
5444,Nusrat Das,13,Other,Rangpur,10,89.3,2.6,98,absent,74,171.0,illiterate,no,fail
1674,Rafi Sarker,12,Female,Barishal,Six,77.9,4.0,80,69,97,246.0,Graduate,,pass
8582,Riya Ahmed,18,M,chittagong,10th,86.4,1.9,77,44,69,190.0,Unknown,N,FAIL
9343,Momo Das,12,MALE,Mymensign,9th,92.2,4.5,82,42,87,211.0,postgraduate,,pass
8099,Fatema Rahman,15,FEMALE,Sylhet,Seven,90.7,3.6,81,70,-41,110.0,higher secondary,0,
4160,Arif Akter,150,Male,chittagong,9,77.2,4.5,93,60,87,240.0,Graduate,n/a,Fail
1330,Mitu Islam,17,Female,rangpur,06,98.0,3.8,59,35,48,142.0,illiterate,yes,P
9521,Tanvir Khan,-8,MALE,khulna,10th,118.7,3.1,34,75,98,207.0,GRADUATE,1,Fail
3332,Rahim Das,17,other,khulna,6,82.6,1.2,41,67,53,161.0,Graduate,n/a,PASS
4765,Rahim Islam,12,male,Barishal,8th,,6.1,70,62,42,174.0,Post Graduate,no,P
3788,Sadia Akter,16,Other,KHULNA ,10th,92.7,0.8,86,49,34,169.0,GRADUATE,N,fail
8851,Momo Akter,fifteen,F,Rajshahi ,9,86.3,3.3,33,96,93,222.0,PRIMARY,N,F
6758,zayed khan,17,Female,Barishal,Ten,83.7,1.4,63,83,90,236.0,PRIMARY,yes,FAIL
797,Priya Akter,14,Male,Rajshahi,8,90.6,3.3,80,98,60,238.0,PRIMARY,No,PASS
4149,Riya Talukder,17,male,khulna,Nine,91.1,2.2,92,98,35,225.0,postgraduate,n/a,Pass
3363,Nusrat Akter,15,F,KHULNA ,9,96.3,2.3,58,55,66,179.0,illiterate,Y,pass
4837,Kabir Hossain,17,M,mymensingh,9th,80.2,4.2,65,57,39,161.0,unknown,N,Pass
653,Sadia Rahman,17,female,mymensingh,Ten,74.6,1.4,30,95,59,184.0,Graduate,Y,F
8772,Sohan Khan,12,Female,Chittagong,9th,79.4,2.3,92,46,-12,126.0,Secondary,0,pass
1230,Nusrat Islam,18,MALE,sylhet,9th,80.5,3.5,84,44,63,191.0,unknown,yes,Pass
4572,Zayed Akter,13,MALE,SYLHET,10th,94.4,5.1,78,39,58,175.0,Higher Secondary,1,F
7973,Bristi Khan,13,female,khulna,10,69.8,1.4,89,80,78,247.0,Higher Secondary,1,F
8008,Mitu Rahman,17,other,mymensingh,6th,84.9,3.9,53,78,69,200.0,GRADUATE,YES,F
413,Tanvir Ahmed,14,F,DHAKA,10,100.0,3.7,52,77,61,190.0,unknown,,P
2400,Jannat Hossain,17,M,Dacca,8,84.2,3.9,63,75,98,236.0,Unknown,No,FAIL
5719,Sohan Hossain,18,F,Rajshahi,10,85.9,2.7,60,31,72,163.0,Post Graduate,yes,P
4348,Tanvir Sarker,14,FEMALE,Sylhet,9th,91.6,2.2,77,36,69,182.0,postgraduate,No,PASS
228,Mim Sarker,16,O,Dhaka,7th,105.8,2.0,70,89,43,202.0,postgraduate,NO,P
6644,Tamim Hossain,11,female,rangpur,10,79.6,2.1,34,96,79,209.0,PRIMARY,,pass
7111,Rahim Ahmed,16,other,  Dhaka,Ten,84.5,2.7,83,83,57,223.0,higher secondary,Y,
2574,Kabir Sarker,150,Female,dhaka,9,95.9,0.2,47,61,74,182.0,PRIMARY,N,Fail
762,Mitu Khan,17,F,rangpur,Six,-26.4,3.9,76,33,80,189.0,unknown,No,fail
1461,Sohan Rahman,12,male,Chittagong,8th,87.6,3.7,51,76,58,185.0,higher secondary,0,FAIL
2905,Rupa Ahmed,16,Male,rangpur,Seven,81.9,3.6,87,63,82,232.0,secondary,n/a,
2369,Imran Hossain,12,,mymensingh,8,77.2,4.1,32,89,46,167.0,Higher Secondary,NO,fail
1562,Nadia Islam,11,M,Dhaka,Ten,80.3,5.3,93,299,63,455.0,Unknown,YES,Pass
4485,Sabbir Das,12,male,DHAKA,9,86.0,2.6,72,79,42,error,illiterate,No,pass
8289,Tamim Das,11,F,rangpur,06,76.1,5.1,86,,68,154.0,Secondary,Yes,FAIL
3677,Rakib Khan,17,Male,sylhet,9,77.4,3.4,61,83,66,210.0,Higher Secondary,N,FAIL
8076,Kabir Ahmed,12,M,Rajshahi ,7,,3.7,42,71,55,168.0,primary,no,PASS
1364,Tamim Ahmed,16,MALE,Khulna,Seven,73.5,2.3,47,97,36,180.0,N/A,NO,P
6490,Jannat Ahmed,14,M,Chittagong,Ten,78.0,2.7,93,37,,130.0,Primary,N,P
9322,Nusrat Khan,17,male,Mymensingh,Six,78.0,1.6,33,,33,66.0,,Yes,
9821,Sadia Das,18,other,DHAKA,8th,76.9,,83,85,73,241.0,secondary,Y,FAIL
4759,Shila Talukder,13,female,Barisal,Six,82.9,2.5,81,82,32,195.0,unknown,n/a,
1742,Zayed Talukder,16,other,mymensingh,8,100.0,4.2,47,49,91,,primary,N,fail
9679,Sohan Rahman,14,other,Khulna,7,97.0,2.6,31,99,99,229.0,Graduate,Y,Fail
9676,Nadia Rahman,13,male,Chittagong,9,89.7,2.2,-44,99,37,92.0,graduate,YES,FAIL
8057,Hasan Das,14,other,Barishal,Six,77.3,2.6,65,204,68,337.0,Illiterate,,P
4722,Ayesha Ahmed,14,female,rajshahi,Eight,90.6,0.4,34,30,96,160.0,Graduate,No,fail
1420,Sabbir Islam,15,F,Dhaka ,10th,100.1,1.3,93,30,92,215.0,higher secondary,0,Pass
6968,Tanvir Sarker,11,Female,Mymensingh,Nine,71.4,3.3,48,99,76,223.0,Illiterate,YES,pass
8613,Lima Ahmed,16,male,Barishal,8th,77.6,2.6,61,53,42,156.0,unknown,Y,F
6741,Riya Khan,12,O,Barishal,7,81.3,4.4,75,41,38,154.0,secondary,N,PASS
4123,Tanvir Talukder,13,Male,barisal,9,94.0,3.3,67,96,71,234.0,Graduate,N,P
8663,Sadia Islam,13,female,barisal,8th,85.4,2.3,44,71,67,182.0,higher secondary,N,PASS
5537,Riya Ahmed,16,,rangpur,Nine,79.7,2.1,34,41,88,163.0,Unknown,YES,P
609,Sabbir Akter,16,Male,Chattogram,9,73.7,3.9,74,88,85,247.0,Illiterate,0,
7460,Farhan Chowdhury,11,male,Rangpur,6th,82.6,6.9,48,93,34,175.0,higher secondary,n/a,pass
695,Nusrat Sarker,16,O,Dhaka,7,74.6,0.4,45,47,98,190.0,unknown,NO,
6395,Jannat Das,11,O,rangpur,10,80.2,4.6,73,69,63,205.0,Unknown,No,P
8295,Nadia Ahmed,14,female,Rangpur,10th,,1.8,79,55,66,200.0,primary,,P
7050,Sohan Talukder,18,Female,Barishal,6,86.7,1.2,52,84,71,207.0,illiterate,Yes,PASS
7438,Rakib Islam,15,,Khulna,Six,102.3,0.9,49,35,40,124.0,primary,NO,Fail
9603,Lima Akter,16,Female,dhaka,10th,77.3,0.7,34,48,87,169.0,Secondary,no,Fail
5465,Fatema Chowdhury,18,female,Dhaka ,8th,75.7,3.6,75,44,82,201.0,,Yes,FAIL
1643,Farhan Ahmed,15,,khulna,10,98.3,,87,81,58,226.0,primary,yes,
2125,Priya Talukder,17,Male,Dacca,Nine,84.9,1.8,92,50,34,176.0,primary,NO,Fail
7857,Zayed Khan,12,F,Rajshahi,Nine,74.8,3.2,88,40,38,166.0,Post Graduate,0,PASS
7635,Arif Akter,11,Female,  Dhaka,9th,69.7,4.6,86,88,51,225.0,Graduate,YES,FAIL
1040,Sabbir Rahman,15,other,dhaka,8th,97.1,4.7,32,95,75,203.0,,YES,P
STU-04241,Arif Chowdhury,14,,Barishal,7th,82.1,5.6,47,90,66,203.0,primary,,Pass
4007,Ayesha Islam,13,female,SYLHET,10th,97.5,1.5,32,88,30,150.0,Higher Secondary,Y,fail
9482,Rupa Khan,16,male,rangpur,Eight,83.0,2.2,48,98,51,197.0,unknown,n/a,pass
7132,Hasan Rahman,15,F,KHULNA ,8th,90.9,,55,92,75,222.0,unknown,NO,F
3951,Mim Sarker,14,O,Khulna,06,85.8,1.7,91,31,44,166.0,Illiterate,0,Fail
7393,Rakib Khan,13,FEMALE,Rangpur,8th,115.2,3.7,90,97,59,246.0,higher secondary,1,PASS
1299,Tanvir Akter,17,other,Chittagong,7th,85.3,2.9,42,98,96,236.0,unknown,No,Pass
5099,Sabbir Islam,12,F,  Dhaka,Six,85.2,1.4,47,98,77,222.0,Higher Secondary,N,Pass
7498,Riya Ahmed,16,female,Khulna,6,76.1,4.1,45,37,32,114.0,N/A,0,F
4252,Momo Khan,17,,,7,82.7,1.0,81,62,66,209.0,N/A,Y,Fail
359,Anik Akter,15,MALE,KHULNA ,6th,88.2,3.0,55,92,95,242.0,Illiterate,NO,PASS
8412,Zayed Das,16,Female,rangpur,9th,83.8,2.9,36,97,53,186.0,Illiterate,NO,P
1873,Riya Ahmed,15,FEMALE,mymensingh,10th,94.9,3.6,79,87,47,213.0,Unknown,NO,Pass
2255 ,Karim Ahmed,17,F,Chattogram,6,89.5,1.8,76,81,47,204.0,secondary,,P
8355,Zayed Islam,11,F,,Eight,100.9,1.8,81,83,64,228.0,Illiterate,yes,
5760,Shila Hossain,18,,Khulna,9,85.7,3.1,38,83,30,151.0,graduate,No,
681,Shila Khan,16,F,Khulna,Eight,82.6,4.9,,51,40,91.0,secondary,,Pass
414 ,Bristi Sarker,12,MALE,Mymensign,Ten,82.3,2.9,62,53,68,183.0,Secondary,1,F
2398,Jannat Ahmed,13,O,rajshahi,10th,83.1,6.3,47,50,30,127.0,Higher Secondary,No,FAIL
3346,Ayesha Das,16,FEMALE,sylhet,6th,79.9,6.8,90,33,30,153.0,higher secondary,YES,
795,Kabir Das,18,male,rajshahi,8,82.2,3.7,71,42,65,178.0,Secondary,YES,fail
3581,Jannat Das,16,Male,sylhet,Eight,88.6,6.4,41,31,30,102.0,Secondary,n/a,fail
9551,Shila Ahmed,12,female,SYLHET,8th,94.6,2.8,88,63,85,236.0,Primary,YES,
3895,Momo Islam,16,FEMALE,khulna,Nine,85.8,6.1,76,31,81,188.0,Secondary,NO,pass
2162,Anik Islam,15,Female,sylhet,Eight,62.6,4.2,82,80,66,228.0,Graduate,Yes,
4039,Nadia Islam,18,male,  Dhaka,Eight,82.3,5.3,88,59,96,243.0,Unknown,n/a,
8279,Ayesha Ahmed,18,Female,  Dhaka,8,82.9,2.8,43,64,74,181.0,Primary,1,pass
9284,Rafi Rahman,13,other,Ctg,Ten,88.1,3.4,97,62,99,258.0,Graduate,NO,
6018,Hasan Islam,16,,Chattogram,Eight,93.5,-2.3,52,95,90,237.0,,N,PASS
3778,Kabir Das,11,M,KHULNA ,Eight,80.2,1.6,42,94,77,213.0,secondary,0,fail
9168,Sadia Das,12,female,Mymensingh,10th,104.6,1.0,65,42,94,201.0,GRADUATE,No,fail
6807,Rakib Rahman,17,Other,rajshahi,10th,99.9,1.1,47,52,77,176.0,illiterate,YES,Fail
2722,Kabir Ahmed,14,FEMALE,Rangpur,Seven,92.6,4.0,57,32,35,124.0,GRADUATE,n/a,F
459,Fatema Ahmed,14,FEMALE,sylhet,7,88.8,1.8,54,50,41,145.0,secondary,NO,fail
8506,Bristi Khan,14,Male,rajshahi,Nine,81.3,4.1,64,,54,118.0,Post Graduate,NO,P
2283,Rahim Akter,11,Other,rangpur,8,86.9,0.8,90,76,83,249.0,GRADUATE,YES,F
3177,Imran Talukder,16,M,Ctg,Ten,85.2,0.3,32,42,47,121.0,Graduate,yes,pass
4885,Sadia Sarker,16,male,Rangpur,10,84.8,5.9,88,49,61,198.0,N/A,yes,P
4853,Riya Hossain,13,female,rangpur,9,89.4,3.2,58,97,95,250.0,postgraduate,N,fail
7209,Rahim Chowdhury,14,Female,mymensingh,10th,86.3,2.2,74,31,63,168.0,,NO,pass
9103,Priya Chowdhury,11,MALE,Sylhet,9th,82.0,1.8,57,91,76,224.0,Graduate,1,PASS
9151,Riya Khan,14,F,Mymensign,8,66.2,0.6,,56,94,,Primary,N,FAIL
9700,Mitu Rahman,11,Female,DHAKA,7,87.3,4.3,67,92,72,231.0,higher secondary,no,Fail
9479,Ayesha Ahmed,18,Female,Mymensingh,9,104.0,2.6,87,55,96,226.0,GRADUATE,N,PASS
7729,Imran Rahman,13,female,SYLHET,Seven,90.7,2.4,65,39,99,203.0,illiterate,YES,FAIL
9513,Tanvir Rahman,17,other,khulna,Seven,73.5,3.6,75,,42,117.0,postgraduate,No,PASS
7569,Tamim Chowdhury,13,Female,Dacca,6th,75.8,1.1,75,84,68,227.0,postgraduate,yes,P
676,Rakib Khan,17,female,Mymensingh,6,87.3,4.0,86,59,,145.0,illiterate,Yes,
7207,Sadia Hossain,11,,KHULNA ,6,87.3,4.0,62,30,97,189.0,secondary,No,F
2105,Rakib Das,14,MALE,rangpur,10th,88.1,3.3,46,95,65,206.0,N/A,N,FAIL
2763,Ayesha Hossain,17,Other,Dhaka,9,82.5,1.3,63,46,absent,109.0,Post Graduate,,pass
8619,Ayesha Hossain,13,,Mymensign,9th,101.2,3.2,61,71,86,218.0,primary,yes,FAIL
6679,Rakib Talukder,15,FEMALE,Chattogram,06,96.8,5.5,64,42,73,179.0,secondary,no,P
4675,Arif Khan,13,M,Mymensingh,7,77.5,2.4,92,51,67,210.0,secondary,no,P
8266,Rupa Talukder,14,,Mymensingh,6th,,0.7,67,53,88,208.0,Higher Secondary,,pass
2864,Nusrat Sarker,15,F,Mymensingh,9,83.9,5.1,41,51,,92.0,Higher Secondary,yes,Pass
4491,Hasan Talukder,11,M,rajshahi,10th,96.8,4.1,40,95,85,220.0,N/A,0,FAIL
4049,Arif Ahmed,18,F,KHULNA ,8th,87.1,1.5,45,55,76,176.0,PRIMARY,Yes,PASS
6579,Rahim Akter,11,MALE,,10,90.8,3.8,61,53,79,193.0,Post Graduate,Y,pass
6955,Rupa Chowdhury,12,female,  Dhaka,8,81.7,1.9,61,169,97,327.0,unknown,n/a,F
724,Kabir Rahman,16,other,Chittagong,7,80.6,4.8,95,74,98,267.0,graduate,0,P
1226,Tanvir Ahmed,11,MALE,rangpur,6,81.2,3.0,79,91,78,248.0,Secondary,No,Pass
4201,Ayesha Ahmed,17,female,KHULNA ,10th,96.2,2.3,41,53,62,156.0,primary,N,F
9544,Riya Rahman,11,,KHULNA ,8,77.0,3.2,81,37,45,163.0,Post Graduate,yes,P
2269,Lima Talukder,17,male,CHATTOGRAM,9,93.5,3.0,81,59,84,224.0,unknown,no,Pass
4886,Fatema Rahman,17,FEMALE,Rajshahi ,9,77.3,5.6,84,45,97,226.0,Secondary,n/a,F
4836,Rahim Chowdhury,14,M,sylhet,9,83.5,3.3,57,-27,90,,Primary,NO,P
6799,Bristi Sarker,15,O,Ctg,06,83.8,3.4,97,55,62,214.0,unknown,1,FAIL
8293,Arif Sarker,18,male,Barisal,9th,80.0,1.5,82,31,142,255.0,Unknown,No,Pass
4798,Jannat Rahman,18,F,Dhaka,10th,83.7,4.4,31,90,85,206.0,Illiterate,YES,pass
489,Mim Khan,15,female,mymensingh,Ten,93.9,-0.2,72,71,95,238.0,unknown,,F
1153,Mim Sarker,180,O,barisal,06,88.1,6.1,87,85,53,225.0,Illiterate,0,Fail
3587,Nusrat Das,14,other,Sylhet,8th,92.8,,66,78,71,215.0,illiterate,Y,fail
2786,Jannat Rahman,18,MALE,Mymensingh,Eight,81.1,3.2,99,63,87,249.0,Primary,1,PASS
7799,Mitu Hossain,16,female,Khulna,7,77.3,3.9,37,93,52,182.0,secondary,N,fail
6764,Rafi Rahman,14,Other,khulna,9,84.3,6.1,,99,76,175.0,Primary,yes,
5840,Arif Islam,18,Female,rajshahi,Seven,76.1,2.3,56,82,38,176.0,Graduate,YES,Fail
7009,Tamim Talukder,11,other,Rajshahi,Ten,65.0,4.3,45,-10,57,92.0,Secondary,,Fail
8575,Ayesha Hossain,17,F,DHAKA,7th,74.0,2.6,70,68,49,187.0,N/A,Yes,Fail
3407,Kabir Akter,16,male,Rajshahi ,7,75.5,3.1,48,80,93,221.0,Graduate,yes,Fail
1,Arif Rahman,17,Other,Ctg,6,79.5,3.8,,50,53,103.0,Graduate,NO,Fail
3996,Riya Talukder,14,FEMALE,barisal,06,80.6,2.5,86,84,42,212.0,postgraduate,No,pass
7745,Sadia Ahmed,14,other,Dhaka,06,68.7,5.7,45,35,81,161.0,Illiterate,yes,Fail
1415,Kabir Rahman,11,FEMALE,rajshahi,7,90.1,3.8,48,-6,30,72.0,Post Graduate,YES,
7424,Farhan Rahman,18,M,Chattogram,7,91.5,0.7,82,57,82,221.0,postgraduate,1,
6214,Rupa Akter,11,F,chittagong,8th,-11.8,4.3,43,46,57,146.0,Graduate,,Fail
4505,Rafi Hossain,13,M,khulna,Nine,68.9,1.5,61,67,61,189.0,unknown,yes,Fail
6809,Imran Khan,17,M,Sylhet,6th,89.2,1.6,71,91,82,244.0,unknown,YES,fail
9334,Anik Akter,14,O,barisal,Seven,81.2,2.4,41,83,89,213.0,graduate,1,Fail
6654,Lima Hossain,16,Female,KHULNA ,8th,96.3,2.4,87,46,63,196.0,unknown,NO,fail
2721,Priya Talukder,14,Other,Mymensingh,6,81.8,2.6,78,77,94,249.0,graduate,YES,Pass
717,Farhan Talukder,14,Female,CHATTOGRAM,8,69.1,4.3,74,65,49,188.0,PRIMARY,yes,PASS
7146,Rafi Akter,13,,KHULNA ,8th,88.2,2.4,45,47,42,134.0,Unknown,0,Fail
8222,Hasan Talukder,,female,Rajshahi,7th,82.8,3.4,56,142,51,,Higher Secondary,NO,P
2709,Mim Hossain,14,,Rangpur,10,78.2,3.8,33,94,69,196.0,postgraduate,no,F
8911,Zayed Sarker,14,other,rangpur,7,74.8,3.0,53,64,93,210.0,Higher Secondary,0,fail
6638,Tamim Ahmed,18,female,Rajshahi ,8,89.2,3.1,92,86,33,211.0,illiterate,n/a,Pass
4268,Sadia Khan,13,Other,SYLHET,7th,84.1,0.1,33,76,82,191.0,PRIMARY,NO,fail
3004,Mim Khan,11,other,Rangpur,8th,74.8,1.8,89,51,72,212.0,Primary,0,Fail
6071,Momo Islam,11,O,sylhet,8,90.4,2.3,67,59,43,169.0,higher secondary,yes,Pass
8438,Sohan Ahmed,12,other,mymensingh,Eight,77.3,26.5,94,59,34,187.0,primary,Y,Pass
4101,Rupa Akter,14,,Barisal,8th,97.3,1.9,60,88,83,231.0,primary,Yes,fail
8862,Ayesha Talukder,14,male,barisal,Six,79.8,3.3,46,90,86,222.0,postgraduate,N,PASS
5887,Nusrat Ahmed,152,MALE,Rangpur,6,73.1,5.7,37,36,66,139.0,N/A,No,fail
STU-04251,Rakib Akter,15,MALE,Chittagong,06,92.1,1.4,37,59,69,165.0,PRIMARY,0,Fail
8113,Zayed Rahman,12,M,Rangpur,6th,98.2,3.1,56,54,78,,N/A,1,Pass
5373,Kabir Chowdhury,13,Male,KHULNA ,6,,1.7,88,43,50,181.0,postgraduate,Yes,P
6537,Sabbir Talukder,14,Male,Barisal,10th,89.3,2.2,63,59,71,193.0,primary,NO,F
8336,Zayed Ahmed,fifteen,Male,,Seven,94.2,3.7,83,47,42,165.0,Graduate,n/a,PASS
7578,Bristi Chowdhury,15,O,Dhaka,8,90.2,2.3,absent,56,75,131.0,postgraduate,yes,PASS
9198,Karim Rahman,18,other,Sylhet,Ten,84.1,4.9,86,60,72,218.0,Higher Secondary,no,Fail
857,Nusrat Hossain,12,F,SYLHET,Nine,75.7,4.6,74,46,43,163.0,unknown,Y,
3878,Nadia Khan,13,M,Khulna,6,71.6,1.7,78,93,86,257.0,GRADUATE,No,FAIL
4495,Sadia Ahmed,11,MALE,Dhaka ,Eight,93.8,1.2,47,80,52,179.0,postgraduate,n/a,P
4748,Tanvir Akter,16,other,rangpur,Seven,84.3,3.3,61,58,75,194.0,PRIMARY,YES,P
8351,Arif Talukder,17,O,khulna,Six,84.1,4.7,85,,67,152.0,unknown,NO,fail
9807,Mim Das,17,other,Rangpur,Nine,79.0,0.0,52,88,79,219.0,illiterate,1,F
1486,Rakib Sarker,18,O,rangpur,7th,91.8,2.4,48,51,62,161.0,postgraduate,NO,pass
3711,Farhan Sarker,14,F,Ctg,6th,88.9,3.4,69,74,37,180.0,GRADUATE,no,P
8219,Sohan Khan,17,Male,Rajshahi,9th,91.5,2.7,37,84,45,166.0,postgraduate,yes,Fail
2656,Sabbir Talukder,15,Male,Dacca,10,78.9,2.1,65,34,93,192.0,Higher Secondary,No,Fail
2520,Sadia Islam,16,Female,Chattogram,7,93.0,2.6,45,50,39,134.0,unknown,no,P
7278,Tamim Rahman,16,F,Khulna,6,78.2,3.8,62,62,95,219.0,Unknown,Yes,F
4425,Farhan Khan,15,female,rangpur,8,93.2,2.2,53,64,98,215.0,PRIMARY,no,pass
4489 ,Sadia Khan,14,female,Rangpur,Ten,89.4,2.0,93,58,90,241.0,GRADUATE,1,fail
8797,Imran Rahman,11,F,Mymensingh,6,86.7,3.3,83,30,54,167.0,Illiterate,NO,
8159 ,Kabir Akter,13,M,Rangpur,9,79.6,1.8,35,92,47,174.0,higher secondary,0,
5542,Momo Akter,12,O,rajshahi,8th,84.1,3.2,99,83,54,236.0,secondary,0,P
2278,Lima Rahman,16,F,Barisal,Ten,83.2,3.3,61,76,92,229.0,graduate,,fail
3250,Mitu Rahman,13,FEMALE,rangpur,10,91.8,3.2,71,61,80,212.0,Illiterate,n/a,fail
7317,Rupa Islam,16,,sylhet,9,51.8,3.9,70,98,54,222.0,Secondary,Yes,
9515,Rafi Khan,17,M,SYLHET,7,87.2,3.0,59,58,72,189.0,,1,pass
5241,Mim Sarker,14,,SYLHET,10,82.4,3.4,37,68,87,192.0,Graduate,yes,P
1792,Shila Akter,13,MALE,Rajshahi ,8th,82.3,3.4,89,73,34,196.0,PRIMARY,no,P
8334,Ayesha Sarker,17,O,KHULNA ,10th,85.8,3.0,47,35,33,115.0,Unknown,1,Pass
9373,Rahim Hossain,14,,sylhet,9th,88.5,2.5,32,65,30,127.0,Graduate,no,
3193,Tamim Khan,12,M,Sylhet,7,,3.4,63,61,35,159.0,GRADUATE,Y,F
7783,Hasan Chowdhury,18,Male,rangpur,10th,100.6,3.7,99,67,75,241.0,Post Graduate,0,P
522,Sadia Hossain,14,female,Mymensign,9,78.1,2.8,88,62,91,241.0,secondary,0,Fail
6446,Mim Rahman,18,female,DHAKA,06,84.4,1.6,77,72,77,226.0,GRADUATE,yes,FAIL
4897,Riya Ahmed,12,FEMALE,barisal,10th,92.9,-4.8,42,55,93,190.0,PRIMARY,0,
3388,Mim Khan,14,other,khulna,Nine,84.7,1.8,72,59,70,201.0,PRIMARY,0,P
5633,Riya Khan,16,MALE,barisal,8,82.4,4.1,93,80,92,265.0,N/A,YES,P
2444,Rakib Das,14,male,Khulna,6,,2.2,93,72,87,252.0,unknown,No,P
7626,Shila Chowdhury,15,Female,KHULNA ,6,85.9,3.4,39,39,66,144.0,Illiterate,Y,Fail
2951,Rupa Islam,13,female,Mymensign,7th,88.5,2.1,79,42,59,180.0,Post Graduate,Yes,FAIL
8512,Tamim Chowdhury,14,FEMALE,mymensingh,10th,77.7,3.4,81,69,99,244.0,Graduate,0,F
5813,Sabbir Hossain,12,Female,Ctg,Ten,88.1,3.2,72,81,absent,152.0,,n/a,F
6858,Karim Hossain,14,O,KHULNA ,9,87.2,5.2,48,35,59,142.0,higher secondary,YES,F
5620,Mim Hossain,11,FEMALE,dhaka,Nine,82.6,2.2,186,95,38,319.0,,no,PASS
8569,Kabir Das,14,MALE,rangpur,Eight,-1.6,-1.4,30,98,43,171.0,Unknown,,F
3905,Tanvir Islam,14,O,sylhet,Eight,80.8,0.3,46,84,38,168.0,Secondary,NO,fail
5148,Farhan Chowdhury,16,,Mymensingh,10th,,5.2,81,95,35,211.0,unknown,n/a,F
7801,Imran Ahmed,13,MALE,DHAKA,6th,81.9,2.2,70,61,66,197.0,primary,0,
277 ,Ayesha Talukder,17,Female,Sylhet,10,77.5,4.3,65,32,37,134.0,Secondary,yes,PASS
8642,Momo Ahmed,17,FEMALE,,9,77.6,2.2,62,55,71,188.0,graduate,No,PASS
1803,Anik Ahmed,11,Female,Dhaka,Eight,69.4,4.1,68,39,83,190.0,N/A,Y,F
8760,Zayed Chowdhury,17,M,Chittagong,10,93.2,1.1,90,32,,122.0,GRADUATE,NO,Fail
2368,Rahim Chowdhury,17,Male,Rangpur,10,112.8,4.2,75,78,94,247.0,Graduate,no,Fail
6272,Lima Rahman,11,female,Ctg,Eight,95.4,1.0,63,74,30,167.0,GRADUATE,yes,P
4228,Rafi Talukder,12,female,chittagong,Eight,84.6,3.9,75,51,62,188.0,Graduate,n/a,P
4643,Bristi Akter,16,FEMALE,KHULNA ,Eight,-17.6,4.7,74,89,94,257.0,illiterate,YES,pass
7437,Priya Islam,18,M,KHULNA ,Six,92.8,1.3,36,67,77,180.0,higher secondary,Yes,P
STU-02322,Karim Das,14,female,Mymensingh,9th,84.8,3.2,71,68,59,198.0,Primary,no,F
3642,Zayed Khan,13,male,khulna,6th,86.1,-0.9,43,53,78,174.0,,N,FAIL
1294,Jannat Chowdhury,11,O,CHATTOGRAM,9th,104.6,2.3,40,58,89,187.0,Secondary,0,F
5333,Rupa Akter,16,MALE,Rajshahi,06,77.4,5.9,88,96,61,245.0,higher secondary,1,PASS
6796,Sabbir Sarker,12,Other,Dhaka,Eight,88.3,2.6,50,45,61,156.0,graduate,YES,FAIL
4839,Mim Das,17,Other,  Dhaka,10th,77.2,2.6,,36,95,131.0,Illiterate,0,pass
2524,Hasan Talukder,11,F,Ctg,10th,85.8,2.2,51,68,42,161.0,N/A,N,fail
4043,Sabbir Hossain,14,M,Sylhet,Six,86.4,2.3,40,74,61,175.0,secondary,N,Pass
5769,Sabbir Hossain,11,Female,Sylhet,8,97.4,3.9,32,43,39,114.0,unknown,Y,Pass
6087,Fatema Sarker,13,other,Sylhet,Seven,94.4,1.3,68,32,67,167.0,Unknown,NO,
7851,Nadia Talukder,16,O,Rangpur,7,80.2,4.3,84,34,40,158.0,Secondary,Yes,Pass
6513,Jannat Sarker,16,FEMALE,KHULNA ,8,82.8,5.7,98,59,56,213.0,Post Graduate,n/a,FAIL
3544,Rafi Hossain,11,Female,Khulna,Ten,66.5,3.3,,66,44,110.0,Higher Secondary,YES,fail
3827,Tamim Chowdhury,18,female,Chittagong,6,75.3,1.8,40,53,90,183.0,Primary,No,Fail
4087,Rupa Das,,Male,Rangpur,06,80.7,1.1,52,87,84,223.0,primary,yes,Pass
3115,Tanvir Sarker,17,other,DHAKA,7,90.1,1.9,40,58,42,140.0,,Yes,Fail
3914,nusrat islam,17,female,khulna,8th,110.1,2.5,47,67,-20,94.0,Post Graduate,Y,P
2126,Rakib Chowdhury,15,MALE,Khulna,Eight,-26.6,3.9,77,91,64,232.0,Primary,yes,pass
4487,Priya Sarker,,,  Dhaka,7,99.0,2.2,63,56,84,203.0,PRIMARY,No,PASS
8540,Sohan Khan,17,F,Barishal,Nine,80.4,2.9,63,73,36,172.0,Higher Secondary,no,FAIL
7862,Farhan Talukder,11,FEMALE,Mymensign,Seven,87.6,,40,75,74,189.0,GRADUATE,YES,fail
9476,Rahim Islam,14,Female,Rajshahi,Ten,69.4,4.0,43,32,42,117.0,Illiterate,no,Pass
7660,Jannat Islam,13,O,,7,89.3,4.9,42,80,absent,122.0,illiterate,no,fail
4641,Tamim Islam,16,F,mymensingh,9,96.6,4.8,57,84,98,239.0,primary,n/a,P
9740,Bristi Islam,17,Female,barisal,Ten,85.7,5.0,66,43,77,186.0,Higher Secondary,Y,Pass
7086,Shila Talukder,17,F,barisal,7,74.5,3.0,52,40,53,145.0,unknown,,PASS
6235,Rupa Islam,13,Male,SYLHET,06,87.7,4.6,85,97,73,255.0,secondary,NO,Fail
7265,Bristi Khan,18,female,CHATTOGRAM,10,118.2,1.3,94,47,84,225.0,,1,FAIL
8724,Nusrat Hossain,12,M,Ctg,Ten,70.4,3.0,80,78,,158.0,Secondary,Yes,FAIL
9457,Shila Sarker,17,O,sylhet,06,98.4,4.8,72,91,32,,Graduate,1,Fail
3608,Priya Ahmed,15,female,Barishal,6th,87.8,6.1,-15,61,81,127.0,higher secondary,,P
141,Ayesha Rahman,15,Male,KHULNA ,Six,78.7,2.3,65,83,86,234.0,Secondary,N,PASS
7474,Tanvir Chowdhury,17,FEMALE,KHULNA ,9th,106.6,5.3,38,84,96,218.0,higher secondary,N,F
2806,Rakib Talukder,16,Male,Rajshahi ,Nine,94.4,,61,44,42,147.0,unknown,n/a,fail
7975,Shila Islam,14,,Mymensign,9,72.3,2.7,39,79,39,157.0,Secondary,n/a,P
7622,Rakib Hossain,16,Other,CHATTOGRAM,9th,80.1,2.6,90,,56,146.0,secondary,NO,
4576,Mim Chowdhury,13,,Rajshahi,7th,89.8,2.8,94,34,-38,90.0,graduate,NO,
4516,Rakib Ahmed,15,Female,Dacca,8th,70.1,2.4,66,84,61,211.0,Primary,yes,fail
9016,Nadia Sarker,16,Male,khulna,Nine,103.6,2.0,38,86,85,209.0,,YES,PASS
5674,Fatema Hossain,11,MALE,Khulna,Ten,83.1,3.6,67,,,67.0,PRIMARY,Y,P
2964,Rahim Rahman,12,Other,KHULNA ,Seven,91.3,0.6,36,73,36,145.0,Post Graduate,Yes,Pass
5828,Imran Chowdhury,18,other,Chattogram,Six,85.5,6.0,46,70,74,190.0,primary,Y,pass
214,Sabbir Sarker,11,Female,Mymensingh,Ten,66.5,2.1,87,67,44,198.0,primary,N,fail
2093,Arif Hossain,16,O,rajshahi,10th,78.1,1.2,42,45,,87.0,graduate,No,Pass
2658,Farhan Sarker,16,,Rajshahi,8th,93.2,4.8,38,51,92,181.0,Primary,n/a,P
9414,priya islam,15,O,Ctg,8,87.9,-2.9,57,36,81,174.0,postgraduate,,
2906,Fatema Sarker,14,Female,Khulna,Ten,75.2,2.2,74,74,64,212.0,PRIMARY,Y,FAIL
3351,Fatema Sarker,18,other,Barishal,6,68.0,-3.5,61,66,95,222.0,higher secondary,no,pass
1344,Hasan Sarker,11,FEMALE,barisal,6th,83.5,1.4,65,67,62,194.0,secondary,No,pass
6918,Hasan Talukder,17,F,rangpur,Seven,92.8,4.6,30,74,35,139.0,GRADUATE,YES,fail
3855,Rakib Chowdhury,15,O,barisal,Nine,109.8,4.6,33,96,72,201.0,unknown,,FAIL
8006,Jannat Khan,fifteen,FEMALE,khulna,9,84.8,2.4,77,90,82,249.0,Unknown,Yes,Fail
3964,Arif Talukder,17,FEMALE,Sylhet,7,73.4,4.6,93,93,41,227.0,N/A,N,P
6428 ,Rakib Sarker,,Male,DHAKA,Ten,86.8,4.7,91,35,63,189.0,higher secondary,Y,Fail
7863,Lima Rahman,15,M,sylhet,Ten,89.2,2.7,54,41,55,150.0,Primary,no,Fail
STU-08531,Fatema Hossain,11,Male,Dhaka ,Nine,71.0,3.0,35,84,44,163.0,Illiterate,Y,
9496,Ayesha Khan,17,Female,,6th,70.6,0.4,70,71,82,223.0,Higher Secondary,1,Pass
1647,Mitu Khan,13,F,CHATTOGRAM,10th,92.9,5.0,95,34,71,200.0,Post Graduate,No,P
6905,Nadia Talukder,18,Female,Barishal,10th,66.4,3.9,81,90,48,219.0,Primary,,fail
6290,Kabir Akter,13,MALE,barisal,7,79.1,,absent,48,96,144.0,Graduate,yes,Pass
2140,Shila Rahman,12,FEMALE,khulna,9,76.9,2.3,44,91,32,167.0,Graduate,Y,
9038,Arif Ahmed,15,Other,sylhet,06,70.1,3.9,86,67,98,251.0,GRADUATE,YES,Pass
2568,Tanvir Akter,11,other,Mymensingh,10,65.9,,71,97,61,229.0,Post Graduate,no,Pass
9205,Anik Rahman,14,O,Rajshahi,Seven,95.1,25.2,80,80,48,208.0,higher secondary,no,FAIL
492,Mitu Khan,18,other,khulna,6th,-48.0,6.0,96,49,64,209.0,Primary,Yes,Fail
8277,Sadia Sarker,16,other,DHAKA,Eight,87.4,4.1,33,95,62,190.0,higher secondary,0,Fail
4338,Imran Akter,13,FEMALE,chittagong,10th,67.7,0.7,64,49,64,177.0,secondary,N,PASS
STU-03617,Tanvir Islam,17,O,mymensingh,9th,84.2,2.3,72,48,95,215.0,unknown,Y,FAIL
5580,Momo Chowdhury,15,Female,barisal,7,88.8,5.6,53,75,31,159.0,secondary,1,PASS
5088,Nadia Das,17,male,Rangpur,10th,81.6,3.1,94,72,89,255.0,primary,NO,pass
6725,Priya Sarker,13,F,Mymensingh,8,99.5,26.7,92,31,58,181.0,Primary,no,PASS
9517,Arif Akter,13,female,Barishal,Eight,82.2,3.1,32,69,57,158.0,illiterate,no,F
3866,Mim Hossain,15,Other,SYLHET,10,82.9,0.8,62,34,65,,,yes,Pass
306,Rafi Khan,15,O,Barisal,10th,73.1,2.9,81,81,58,220.0,Unknown,No,fail
3020,Nadia Das,12,MALE,Barisal,8,85.9,2.4,35,68,40,143.0,Unknown,,Pass
5621,Ayesha Das,15,Other,SYLHET,6th,90.9,2.8,82,75,,157.0,postgraduate,0,FAIL
4989,Fatema Sarker,18,F,khulna,8,92.7,5.5,43,112,46,201.0,N/A,YES,PASS
7673,Anik Talukder,14,MALE,sylhet,6,89.8,2.5,68,44,47,159.0,GRADUATE,yes,
4027,Rahim Hossain,15,MALE,Barisal,8,80.7,4.1,67,67,89,223.0,N/A,n/a,Fail
7798,Momo Ahmed,16,,Rangpur,10th,,4.3,80,58,38,176.0,postgraduate,YES,P
4542,Sadia Khan,14,MALE,barisal,6th,82.5,3.9,71,35,82,188.0,PRIMARY,no,fail
8933,Riya Das,14,Other,Barisal,10th,97.3,4.1,93,61,91,245.0,primary,N,PASS
7463,Momo Talukder,11,other,Barisal,Nine,91.9,4.7,95,58,43,196.0,Illiterate,Yes,Fail
4706,Rafi Hossain,11,Female,Dacca,7th,77.6,5.5,49,93,93,235.0,Graduate,Y,fail
6404 ,Shila Das,18,other,KHULNA ,Six,75.6,2.8,95,174,61,330.0,PRIMARY,NO,PASS
7149,Karim Islam,11,FEMALE,rajshahi,8th,75.1,0.8,48,58,36,142.0,PRIMARY,,PASS
8260,Riya Akter,18,FEMALE,sylhet,10,74.9,3.1,52,36,74,162.0,Unknown,NO,F
5411,Momo Khan,17,Female,khulna,Seven,92.8,5.2,35,90,50,175.0,Illiterate,N,FAIL
9,Fatema Islam,15,O,Mymensingh,10th,92.4,3.3,91,69,82,242.0,illiterate,no,F
4755,Sohan Sarker,17,M,Rangpur,Seven,90.2,3.6,86,34,42,162.0,Secondary,Yes,pass
871,Ayesha Talukder,283,female,Chattogram,06,71.7,3.0,47,41,81,169.0,,n/a,F
2117,Zayed Hossain,16,Female,khulna,9,81.5,4.5,45,34,96,175.0,unknown,yes,P
2802,Sohan Islam,14,female,Rangpur,Six,77.7,1.1,35,44,71,150.0,graduate,yes,pass
3091,Jannat Ahmed,13,female,CHATTOGRAM,Seven,66.6,0.6,39,98,97,234.0,unknown,No,P
4128,Nadia Islam,12,Male,sylhet,Ten,83.3,1.1,75,39,38,152.0,illiterate,YES,FAIL
8016,Nadia Khan,18,,  Dhaka,Six,91.9,3.5,47,39,68,154.0,PRIMARY,No,Fail
8160,Fatema Rahman,17,Male,Rajshahi,6th,73.2,1.1,91,81,34,206.0,graduate,Yes,P
2706,Rupa Hossain,18,male,CHATTOGRAM,10th,82.1,3.6,47,74,97,218.0,Primary,yes,FAIL
5990,Karim Sarker,15,MALE,chittagong,Eight,76.1,0.4,98,80,61,239.0,PRIMARY,No,
81,Sohan Das,13,,Mymensign,9th,89.9,3.1,92,54,85,231.0,Unknown,,PASS
8860,Priya Islam,17,O,Chattogram,10th,94.0,2.2,90,93,35,218.0,N/A,yes,F
9360 ,Karim Khan,fifteen,MALE,Chattogram,9th,95.8,1.4,44,44,94,182.0,Graduate,N,Pass
3921,Riya Sarker,16,male,Barisal,9,94.8,7.6,90,82,55,227.0,Primary,yes,PASS
9526,Rupa Chowdhury,12,Female,rangpur,10,-2.0,0.2,98,70,58,226.0,Primary,,fail
806,Momo Hossain,13,Female,Mymensingh,Eight,74.5,3.0,57,32,67,156.0,primary,Y,Pass
3184,Anik Rahman,15,Female,Khulna,Eight,93.7,3.0,95,77,88,260.0,Secondary,yes,
9227,Anik Ahmed,14,Female,CHATTOGRAM,Six,83.8,1.4,38,35,48,121.0,,yes,F
4186,Rupa Islam,16,M,khulna,10th,84.5,2.3,49,89,38,176.0,N/A,yes,PASS
2790,Sadia Akter,14,,Mymensign,Nine,80.3,4.3,91,55,80,,graduate,No,P
907,Sadia Chowdhury,16,,Khulna,Ten,75.9,1.2,85,80,72,237.0,Unknown,,
95,Sabbir Chowdhury,11,M,mymensingh,6th,105.6,5.6,86,46,76,208.0,higher secondary,YES,FAIL
5945,Shila Chowdhury,14,male,Mymensign,Six,93.8,4.8,62,42,66,170.0,primary,1,F
2248,Jannat Akter,12,female,SYLHET,9,104.0,2.8,77,43,32,152.0,Secondary,yes,fail
9722,Lima Chowdhury,11,M,Rajshahi,9,87.4,2.9,84,76,78,238.0,Illiterate,YES,Pass
7661 ,Farhan Hossain,14,Male,rangpur,7th,87.0,2.5,78,45,31,154.0,Unknown,N,FAIL
4071,Priya Sarker,15,Other,SYLHET,Nine,81.5,5.5,88,68,96,252.0,Secondary,yes,fail
4873,Nadia Das,11,FEMALE,Rangpur,10,94.2,4.6,57,62,53,172.0,Secondary,0,P
7816,Ayesha Ahmed,16,O,khulna,9th,76.4,-1.7,95,40,96,231.0,Graduate,N,PASS
7753,Imran Das,13,Female,Chittagong,8,68.8,3.0,93,80,90,263.0,Higher Secondary,0,F
2142,Hasan Talukder,16,other,rajshahi,9th,104.6,0.9,30,36,65,131.0,Graduate,1,F
7427,Tanvir Das,13,Male,Khulna,Six,90.9,1.6,96,94,69,259.0,GRADUATE,yes,FAIL
480,Rakib Ahmed,11,F,SYLHET,9th,88.3,3.9,55,34,,79.0,Primary,YES,pass
6893,Sadia Hossain,17,Female,barisal,Six,87.9,0.9,64,34,91,189.0,Higher Secondary,1,F
8414,Bristi Islam,18,female,Dhaka,Ten,80.0,2.0,36,68,31,135.0,unknown,N,Fail
8697,Rahim Rahman,11,F,khulna,10,81.0,3.0,72,83,47,202.0,,N,F
1970,Ayesha Chowdhury,14,Male,Barishal,06,83.3,0.7,68,57,93,218.0,Unknown,no,fail
6431,Karim Das,11,female,Dhaka,10,95.3,2.3,43,65,37,145.0,Higher Secondary,No,FAIL
3172,Ayesha Khan,12,M,Khulna,10th,86.9,2.9,35,99,37,171.0,Illiterate,No,Pass
7043,Momo Sarker,18,Female,rangpur,8,91.4,2.7,62,96,35,193.0,graduate,Y,
4544,Fatema Hossain,17,,Mymensign,9,103.3,4.6,91,81,76,248.0,Illiterate,NO,Fail
2517,Rahim Islam,18,,Rajshahi,6,72.2,1.9,58,81,75,214.0,,no,FAIL
6130,Tamim Akter,11,M,barisal,10th,100.6,2.6,,60,96,156.0,Higher Secondary,0,pass
195,Karim Talukder,12,male,Sylhet,Ten,87.9,3.5,69,54,34,157.0,higher secondary,No,F
8186,Ayesha Rahman,18,M,KHULNA ,8,84.1,3.1,48,93,72,213.0,Illiterate,N,fail
5268,Ayesha Talukder,18,FEMALE,Barisal,8,76.5,2.9,94,31,74,199.0,higher secondary,,
7045,Tamim Das,16,,rajshahi,Seven,92.0,2.2,78,91,89,258.0,Primary,No,fail
3886,Nusrat Sarker,11,O,Rajshahi,10th,98.9,0.4,51,65,58,174.0,Post Graduate,N,F
8906,Lima Talukder,16,O,rangpur,7,89.6,4.6,96,34,98,228.0,Post Graduate,Y,Fail
9564,Rahim Chowdhury,15,F,Khulna,8,91.0,5.5,61,59,90,210.0,PRIMARY,No,P
3953,Rupa Sarker,18,,rangpur,Six,102.3,2.7,70,58,99,227.0,Primary,n/a,F
1321,Priya Das,15,other,rangpur,Nine,74.7,3.8,67,70,36,173.0,secondary,No,PASS
1855,Momo Rahman,11,O,Rajshahi ,Seven,90.4,4.8,94,66,99,259.0,,NO,F
7354,Rupa Das,17,F,Chittagong,10th,83.9,3.5,38,31,78,147.0,Unknown,Yes,FAIL
4648,Momo Das,14,other,Sylhet,06,78.1,4.0,67,40,74,181.0,Graduate,,
8103,Sabbir Talukder,12,F,Rajshahi,9,81.2,2.2,83,64,60,207.0,Post Graduate,0,F
6773,Kabir Ahmed,15,Female,SYLHET,Seven,88.8,25.5,47,46,70,163.0,Post Graduate,yes,F
2987,Sabbir Islam,18,Female,CHATTOGRAM,8,105.4,2.8,47,41,70,158.0,Post Graduate,YES,FAIL
673,Momo Islam,14,Other,Chattogram,Ten,102.3,1.7,43,66,97,206.0,PRIMARY,NO,Fail
STU-02743,Ayesha Islam,18,MALE,Ctg,6,,2.7,68,77,78,223.0,Secondary,YES,
5656,Lima Khan,11,O,Rajshahi,Six,92.5,2.4,52,38,84,174.0,N/A,1,pass
3440,Anik Das,12,,Dhaka,7th,79.3,6.1,56,40,37,133.0,GRADUATE,Y,PASS
9823,Nusrat Ahmed,15,male,  Dhaka,8th,78.8,2.3,45,99,44,188.0,Higher Secondary,n/a,PASS
7287,Tamim Talukder,18,FEMALE,khulna,9,82.7,5.2,32,60,81,173.0,postgraduate,n/a,fail
245,Rafi Talukder,16,M,khulna,10th,86.9,1.7,41,49,82,172.0,illiterate,no,Fail
7651,Sabbir Das,17,Other,Khulna,06,89.0,2.6,58,90,90,238.0,Higher Secondary,n/a,
5290,Nusrat Rahman,11,male,Rangpur,6th,80.1,5.2,50,44,96,190.0,secondary,Y,PASS
7631,Riya Sarker,15,male,barisal,Seven,79.5,1.0,74,34,60,168.0,illiterate,NO,Fail
1681,Ayesha Talukder,14,Other,barisal,Eight,67.9,2.5,92,93,91,276.0,illiterate,0,F
2600,Shila Hossain,11,M,,9,85.4,2.0,93,39,60,192.0,GRADUATE,N,F
2456,Rupa Talukder,13,MALE,CHATTOGRAM,8,90.3,0.7,87,92,78,257.0,Post Graduate,NO,
8365,Farhan Khan,17,male,Mymensign,06,72.6,1.9,59,65,51,175.0,GRADUATE,No,fail
5644,Mim Das,17,FEMALE,Sylhet,Eight,99.0,2.0,87,72,44,203.0,Post Graduate,n/a,F
9781,Nadia Chowdhury,11,O,rangpur,6,92.2,1.0,83,39,96,218.0,N/A,No,FAIL
5303,Hasan Sarker,13,male,mymensingh,10,96.6,3.9,76,37,86,199.0,PRIMARY,YES,P
5588,Lima Ahmed,12,FEMALE,Barisal,Six,89.8,-0.4,78,35,41,154.0,,Yes,FAIL
7701,Imran Khan,17,FEMALE,Rangpur,Six,81.8,-0.2,57,33,45,135.0,Graduate,Yes,pass
8386,Mitu Rahman,17,O,Rajshahi,Ten,87.6,-1.7,49,82,55,186.0,graduate,N,FAIL
6017,Ayesha Ahmed,15,male,Chittagong,9,82.9,2.7,86,91,32,209.0,higher secondary,,P
3845,Bristi Khan,15,other,Ctg,Nine,75.5,5.4,67,88,,155.0,N/A,yes,Fail
3165,Hasan Ahmed,12,Other,mymensingh,Ten,88.9,1.8,257,90,97,444.0,illiterate,,P
4343,Rupa Sarker,15,,CHATTOGRAM,8,81.1,1.0,33,61,48,142.0,graduate,,
9170,Sabbir Das,14,,barisal,Seven,85.1,4.8,51,94,40,185.0,Primary,No,pass
3984,Farhan Akter,14,M,rangpur,8th,83.9,3.9,60,48,97,205.0,PRIMARY,NO,F
5134,Imran Hossain,180,Other,Rajshahi,9,100.2,2.7,98,98,78,274.0,Illiterate,no,PASS
9030,Farhan Chowdhury,11,Female,Rangpur,7th,70.1,4.8,79,43,74,208.0,Primary,,pass
3038,Sadia Rahman,15,male,Dacca,10,81.4,2.5,82,76,62,220.0,Illiterate,YES,P
5346,Priya Islam,11,,Mymensingh,6,128.0,3.4,56,46,62,164.0,higher secondary,No,fail
1430,Arif Talukder,12,male,Mymensingh,Nine,90.9,6.8,77,85,46,208.0,primary,NO,Fail
7797,Mitu Das,12,female,Mymensingh,8th,85.8,2.4,98,87,72,257.0,illiterate,no,P
8241,Sohan Das,11,male,mymensingh,Ten,79.6,2.0,99,64,46,209.0,illiterate,N,F
8887,Kabir Hossain,12,Male,DHAKA,6,84.6,2.2,57,47,81,185.0,Higher Secondary,Yes,PASS
STU-02348,Zayed Akter,15,O,rajshahi,10,80.4,2.5,81,98,40,219.0,Graduate,1,Fail
4176,Arif Ahmed,16,male,Mymensign,Ten,90.5,4.3,88,67,60,215.0,graduate,Y,P
3156,Rahim Khan,13,M,KHULNA ,7th,65.0,3.1,42,63,67,172.0,secondary,,PASS
9001,Jannat Ahmed,18,FEMALE,Mymensign,9,74.6,4.5,84,44,80,208.0,graduate,,fail
4899,Nadia Islam,18,Male,CHATTOGRAM,8th,92.5,2.5,79,,88,167.0,Primary,no,Fail
7535,Bristi Sarker,16,Other,rangpur,9,66.2,3.4,30,71,98,199.0,Unknown,Yes,fail
6094,Tanvir Sarker,11,M,rajshahi,9th,68.9,0.7,34,30,51,115.0,illiterate,YES,Pass
6906,Bristi Sarker,14,Male,khulna,7,86.1,3.8,43,46,59,148.0,GRADUATE,n/a,Fail
9751,Tanvir Chowdhury,16,other,Barishal,9,76.1,2.8,59,63,68,190.0,Unknown,0,F
2588,Tanvir Islam,18,F,SYLHET,6,83.4,2.1,66,99,70,235.0,Primary,yes,pass
4574,Rahim Islam,17,Male,CHATTOGRAM,Six,92.1,4.1,54,134,82,270.0,secondary,YES,Fail
5418,Imran Ahmed,17,male,Rajshahi,10th,86.1,2.1,36,66,,102.0,Higher Secondary,,Fail
9383,Riya Talukder,14,Female,Chattogram,8th,75.0,3.5,65,71,36,172.0,Post Graduate,YES,
336,Sadia Ahmed,,female,mymensingh,7,94.5,4.0,93,48,77,218.0,higher secondary,0,Pass
2606,Ayesha Sarker,15,MALE,rangpur,10th,92.0,4.9,44,88,79,211.0,Secondary,YES,fail
5177,Fatema Chowdhury,14,MALE,KHULNA ,Nine,97.1,3.1,60,56,99,215.0,GRADUATE,Yes,Fail
3040,Zayed Hossain,16,Female,rangpur,8th,72.6,1.4,35,57,79,171.0,secondary,No,F
8244,Fatema Rahman,12,,SYLHET,Eight,66.9,3.6,75,76,47,198.0,postgraduate,no,fail
4345,Mitu Talukder,11,Other,Rajshahi ,6,97.2,0.7,31,,46,77.0,Secondary,Y,P
7731,Rupa Rahman,16,Male,mymensingh,Six,97.3,0.1,65,82,62,209.0,N/A,NO,Pass
6068,shila islam,13,other,sylhet,7,81.3,3.5,68,99,37,204.0,primary,No,fail
1687,Sohan Akter,17,Female,dhaka,Nine,90.8,1.2,35,82,49,166.0,Higher Secondary,Yes,PASS
543,Karim Das,12,Other,rajshahi,Seven,91.8,5.2,45,77,39,161.0,graduate,N,
5230,Tamim Hossain,,O,DHAKA,10th,87.1,3.6,77,68,95,240.0,postgraduate,No,P
5368,Lima Ahmed,11,M,KHULNA ,Eight,83.1,4.5,55,30,94,179.0,Graduate,1,FAIL
6240,Karim Sarker,11,MALE,rangpur,8,84.8,4.0,52,87,97,236.0,postgraduate,YES,
3907,Bristi Ahmed,16,O,khulna,10,87.5,2.4,70,82,,152.0,postgraduate,NO,P
6812,Karim Sarker,14,O,CHATTOGRAM,8,87.2,1.9,65,71,51,187.0,Unknown,,F
8992,Karim Ahmed,16,M,Barisal,10,96.1,2.0,40,47,64,151.0,postgraduate,1,
2978,Sabbir Das,18,male,Barishal,8th,75.8,4.8,56,31,97,184.0,secondary,Y,F
2071,Sadia Ahmed,16,F,sylhet,Nine,82.9,1.8,32,92,69,190.0,graduate,No,Pass
1011,Rakib Islam,11,F,Rangpur,7th,85.7,2.8,96,59,58,,Illiterate,,P
8901,Momo Ahmed,17,Male,Chattogram,7,86.0,5.0,72,34,33,157.0,Illiterate,0,FAIL
6851,Farhan Akter,18,Female,Dacca,9th,81.9,1.2,49,41,67,157.0,Graduate,n/a,F
7806,Rahim Akter,15,Other,Rangpur,6,75.0,3.0,50,82,84,216.0,secondary,no,F
9265,Tamim Ahmed,12,Other,barisal,7,89.0,4.6,44,71,49,164.0,higher secondary,Y,pass
2632,Priya Akter,13,other,Barisal,7,74.6,3.6,75,62,87,224.0,Primary,YES,fail
4234,Hasan Khan,18,Female,sylhet,7,114.3,5.8,98,,33,131.0,Illiterate,Y,pass
2737,Tanvir Talukder,18,other,Rajshahi,Ten,95.2,5.9,32,78,96,206.0,higher secondary,Yes,Fail
9289,Rupa Khan,13,M,Rangpur,7th,95.8,5.9,51,61,71,183.0,Unknown,yes,
3936,Sabbir Das,11,F,CHATTOGRAM,10,106.0,4.8,74,31,86,191.0,Primary,Y,Pass
8683,Bristi Khan,16,F,Ctg,06,90.0,3.1,58,41,44,143.0,N/A,No,F
182,Rupa Akter,15,female,Chattogram,10,97.3,4.3,62,45,71,178.0,unknown,n/a,Pass
8166,Tamim Ahmed,17,Male,Sylhet,Seven,86.1,,31,68,43,142.0,Post Graduate,1,Pass
101,Shila Talukder,18,FEMALE,Barisal,6,74.0,3.7,85,54,-32,107.0,Secondary,0,Pass
9703,Tamim Akter,15,,sylhet,Nine,90.3,4.8,80,31,94,205.0,Graduate,no,PASS
8942,Ayesha Sarker,17,FEMALE,Rangpur,Nine,78.7,3.6,90,67,34,191.0,Unknown,YES,Pass
718,Zayed Talukder,12,female,DHAKA,9,69.6,3.8,45,88,98,231.0,PRIMARY,n/a,P
8059,Lima Rahman,13,,chittagong,8th,92.4,,70,42,97,209.0,PRIMARY,n/a,FAIL
2039,Fatema Hossain,18,male,mymensingh,Ten,96.1,3.6,95,61,42,198.0,Secondary,0,Fail
6527,Kabir Akter,16,MALE,Rajshahi,7th,89.2,3.2,48,49,72,169.0,higher secondary,,fail
9717,Hasan Hossain,12,Female,Mymensign,8th,75.7,3.8,70,absent,33,103.0,unknown,N,pass
7634 ,Tanvir Hossain,16,MALE,khulna,6th,100.1,2.9,64,53,32,149.0,graduate,1,PASS
1884,Rahim Das,14,other,Mymensingh,6,72.7,2.2,88,61,36,185.0,Graduate,,
7932,Tamim Islam,15,MALE,Barishal,9th,93.7,3.5,55,80,35,170.0,illiterate,Y,pass
8573,Riya Khan,16,FEMALE,Mymensingh,Six,94.4,3.1,51,34,81,166.0,Higher Secondary,Y,F
6732,Nusrat Ahmed,17,other,SYLHET,06,84.6,-0.6,54,31,90,175.0,secondary,Yes,Pass
5690,Arif Ahmed,18,female,Rangpur,10,70.4,3.2,39,44,85,168.0,N/A,NO,F
3629,Priya Das,11,O,mymensingh,Six,107.8,0.9,70,37,61,168.0,postgraduate,Y,fail
4968,Hasan Chowdhury,14,FEMALE,  Dhaka,Six,76.3,4.0,37,87,52,176.0,,no,Pass
4440,Zayed Sarker,17,FEMALE,SYLHET,Seven,64.8,1.3,84,47,46,177.0,higher secondary,no,Pass
5059 ,Rupa Islam,15,,khulna,9,73.4,4.3,77,36,43,156.0,primary,no,
966,Imran Ahmed,16,MALE,  Dhaka,06,72.9,4.3,98,82,74,254.0,Primary,0,PASS
2610,Sabbir Das,16,M,rangpur,8,92.3,2.0,46,57,79,182.0,PRIMARY,Y,F
3406,jannat rahman,17,F,khulna,6,84.0,3.7,41,61,53,155.0,Post Graduate,YES,F
7066,Shila Akter,15,Male,rajshahi,7,83.4,2.2,58,36,86,180.0,,YES,pass
5007,Tanvir Sarker,16,M,Rajshahi ,6,80.1,2.9,80,195,32,307.0,Graduate,N,Fail
4953,Zayed Talukder,13,Male,Rajshahi,7,101.6,6.0,74,70,37,181.0,Illiterate,No,Pass
2539,Priya Hossain,13,Other,Mymensingh,06,78.2,3.2,93,79,70,242.0,N/A,,F
5045,Kabir Ahmed,18,M,Barishal,9,71.8,5.9,85,44,98,227.0,N/A,YES,P
9543,Farhan Ahmed,14,male,Dhaka,8th,88.8,1.3,91,87,63,241.0,primary,1,P
9124,Nusrat Akter,12,female,sylhet,10,90.0,1.9,93,67,67,,unknown,,FAIL
4803,Tanvir Ahmed,17,F,Rangpur,9th,91.9,2.3,97,82,69,248.0,primary,No,P
STU-01173,Anik Khan,12,FEMALE,Dhaka ,10,86.8,1.6,39,94,71,204.0,,Yes,FAIL
3223,Farhan Islam,18,Other,Barishal,Ten,81.1,2.9,63,99,89,251.0,primary,Yes,fail
5704,Karim Khan,17,F,,7,82.3,4.7,61,93,43,197.0,secondary,0,FAIL
8110,Rupa Hossain,16,F,Sylhet,9th,92.9,2.7,31,59,67,157.0,,YES,Fail
2982,Nadia Chowdhury,13,Female,sylhet,9th,80.2,2.1,70,48,77,195.0,secondary,yes,pass
8546,Shila Chowdhury,18,M,Rangpur,8th,84.7,2.1,97,47,31,175.0,GRADUATE,no,P
4381,Kabir Akter,15,male,khulna,8th,77.0,2.3,65,56,58,179.0,primary,0,pass
7865,Anik Das,13,Female,sylhet,10th,64.9,3.9,61,-11,84,134.0,illiterate,Yes,Fail
3200,Priya Chowdhury,18,M,mymensingh,6th,83.7,2.7,59,-36,56,79.0,illiterate,yes,P
3862,Rafi Khan,14,MALE,Sylhet,8th,,1.1,96,96,45,237.0,postgraduate,n/a,
6798,Kabir Akter,16,M,mymensingh,9th,90.4,2.3,50,92,71,213.0,secondary,0,FAIL
4122,Imran Ahmed,13,Other,Rajshahi ,06,93.8,3.3,31,54,70,155.0,graduate,yes,FAIL
3743,Jannat Ahmed,17,F,Barishal,9th,85.6,1.0,77,68,53,198.0,illiterate,,
4238,Rafi Chowdhury,13,,Barisal,10th,83.5,3.3,77,68,34,179.0,unknown,yes,fail
8106 ,Zayed Talukder,17,Male,Mymensingh,6th,104.1,0.9,63,97,86,246.0,Primary,,P
9281,Sadia Akter,16,other,rangpur,7th,98.1,2.1,84,39,71,194.0,GRADUATE,N,pass
3784,Ayesha Islam,11,Other,Rangpur,9,73.0,3.3,absent,52,59,111.0,Unknown,N,fail
2455,Priya Islam,14,,KHULNA ,Seven,80.1,1.3,47,76,61,184.0,Post Graduate,N,Pass
2404,Sadia Hossain,16,MALE,Rajshahi,7,73.8,3.1,54,71,58,183.0,Illiterate,no,Pass
7755,Mitu Hossain,12,Male,khulna,6,86.5,4.1,64,77,52,193.0,primary,0,Pass
2990,Rupa Talukder,15,Male,sylhet,6,,0.9,80,77,69,226.0,PRIMARY,no,pass
8921,Tanvir Rahman,11,,chittagong,8th,95.1,0.5,78,75,83,236.0,secondary,YES,FAIL
2700,Nadia Akter,12,other,Mymensign,6,,0.7,43,129,-16,156.0,illiterate,no,FAIL
8249,Nadia Das,12,M,mymensingh,06,80.5,4.4,52,50,41,143.0,Secondary,YES,FAIL
8321,Riya Islam,17,Female,Barisal,10th,87.3,3.5,67,53,52,,Secondary,0,pass
7258,Anik Hossain,15,M,Sylhet,9,90.2,5.5,93,42,83,218.0,Secondary,Y,PASS
9314,Lima Chowdhury,16,FEMALE,Barisal,9,86.0,2.3,47,31,83,161.0,Unknown,Y,
1281,Zayed Akter,11,Female,Ctg,7th,85.2,6.0,90,31,79,200.0,primary,no,Fail
5627,Rakib Das,13,F,Mymensign,Nine,103.7,3.8,59,74,87,220.0,,,F
7604,Zayed Ahmed,17,O,barisal,Eight,94.2,4.1,59,78,71,208.0,Secondary,1,Fail
122,Rahim Rahman,12,male,Ctg,8,105.7,0.1,39,73,31,143.0,Illiterate,0,pass
7982,nadia sarker,11,MALE,Rangpur,9th,87.0,-0.2,absent,82,85,167.0,Post Graduate,yes,pass
2931,Fatema Chowdhury,12,Female,Sylhet,8th,80.1,1.9,64,96,85,245.0,GRADUATE,YES,FAIL
7761,Sabbir Das,12,Other,mymensingh,10th,79.1,2.5,94,94,83,271.0,higher secondary,1,Fail
288,Karim Hossain,14,FEMALE,Dhaka,10,86.9,,84,35,64,183.0,Post Graduate,no,P
3792,Momo Khan,18,other,,Six,,0.9,41,95,52,188.0,Post Graduate,No,FAIL
943,Anik Das,16,female,rangpur,8th,92.6,2.6,93,54,57,204.0,primary,N,F
1649,Farhan Islam,14,O,Barishal,10,62.4,4.0,62,55,69,186.0,PRIMARY,0,F
7093,Zayed Islam,14,F,rangpur,8,85.4,4.4,,93,91,,unknown,No,Pass
6178,Rafi Hossain,16,Other,KHULNA ,Six,86.6,5.9,43,79,54,176.0,postgraduate,yes,P
1024,Karim Rahman,12,Other,SYLHET,10,80.1,1.4,98,78,55,231.0,illiterate,YES,Pass
7248,Momo Chowdhury,11,M,rangpur,Seven,90.5,2.1,39,69,87,195.0,Graduate,No,pass
5918,Ayesha Sarker,11,other,Sylhet,Eight,81.6,4.7,30,37,40,,unknown,NO,Pass
1724,Priya Akter,18,M,Mymensingh,7,105.3,2.6,93,75,64,232.0,illiterate,Y,P
1158,Arif Sarker,17,male,chittagong,6th,76.8,2.4,40,94,63,197.0,secondary,Yes,FAIL
5641,Nadia Hossain,16,M,Dhaka ,6,95.7,2.6,94,39,96,229.0,primary,n/a,P
1832,Rakib Islam,14,male,SYLHET,9th,82.7,3.0,37,44,36,117.0,unknown,,pass
2218,Imran Chowdhury,12,Other,dhaka,8th,81.4,2.7,95,91,48,234.0,Graduate,,F
6192,Rakib Islam,15,O,  Dhaka,8th,83.5,1.1,81,53,36,170.0,secondary,NO,P
1798,Anik Talukder,17,M,Khulna,7th,106.7,1.3,82,67,88,237.0,postgraduate,YES,pass
16,Rahim Ahmed,17,Other,DHAKA,Seven,81.0,2.9,80,92,81,253.0,higher secondary,,P
9110,Shila Akter,17,O,Barisal,Ten,94.5,3.6,94,50,84,228.0,Unknown,Yes,pass
9129,Jannat Islam,,Other,KHULNA ,9th,94.8,1.7,49,37,62,,,No,Pass
4084,Momo Talukder,15,O,chittagong,Ten,86.4,1.9,70,44,32,146.0,Unknown,N,FAIL
STU-03748,Zayed Das,14,male,Rajshahi,7,96.9,3.3,68,74,93,235.0,Graduate,Y,
5586,Fatema Akter,15,Other,mymensingh,10th,71.6,4.5,95,74,97,266.0,Illiterate,1,F
9595,Karim Islam,18,FEMALE,Chattogram,8th,80.4,0.1,98,45,84,227.0,primary,1,PASS
1770,Fatema Khan,18,F,mymensingh,9,83.0,3.7,53,73,89,215.0,Illiterate,No,FAIL
1761,Fatema Ahmed,15,MALE,Dacca,Ten,77.8,3.9,79,80,72,231.0,PRIMARY,n/a,pass
563,Mitu Hossain,16,Male,Sylhet,9,95.2,6.1,,62,91,153.0,Illiterate,Y,PASS
6938,Rahim Hossain,13,,mymensingh,7,76.2,-2.5,66,30,48,144.0,unknown,N,Pass
557,Karim Ahmed,17,FEMALE,Rangpur,7,86.7,3.2,96,59,86,241.0,Graduate,YES,
2915,Sabbir Rahman,-8,O,,9th,56.8,4.3,54,,72,126.0,Unknown,0,FAIL
5706,Sadia Khan,11,female,Rajshahi ,8th,75.2,4.6,87,30,31,148.0,GRADUATE,0,fail
5610,Tamim Akter,17,O,khulna,7th,76.4,1.7,64,42,56,162.0,Illiterate,n/a,FAIL
9719,Tamim Hossain,14,F,Mymensign,Six,100.8,3.2,94,66,92,252.0,postgraduate,n/a,P
7656,Sohan Akter,15,male,Chittagong,9th,86.0,1.6,31,34,31,96.0,unknown,NO,P
5759,Hasan Akter,15,other,Sylhet,8th,72.0,1.4,53,63,89,205.0,Post Graduate,1,fail
6419,Farhan Sarker,14,F,barisal,9th,63.9,4.1,65,63,66,194.0,illiterate,yes,P
STU-04402,Lima Chowdhury,17,M,SYLHET,6th,81.4,4.1,79,32,60,171.0,primary,1,Pass
1091,nadia sarker,15,F,DHAKA,7th,84.3,4.5,51,32,77,160.0,GRADUATE,n/a,Pass
8149,Farhan Sarker,-13,F,Barisal,06,98.7,27.1,61,42,82,185.0,unknown,Y,PASS
7835 ,Tamim Chowdhury,15,MALE,rangpur,7th,77.1,3.4,82,57,95,234.0,Illiterate,no,fail
7807,Riya Islam,11,Other,Sylhet,Eight,90.6,2.8,34,55,101,190.0,Illiterate,1,P
1842,Bristi Chowdhury,14,O,sylhet,10th,91.0,3.1,99,54,88,error,Illiterate,0,P
5847,Imran Rahman,17,male,rajshahi,7,77.7,2.3,87,48,93,228.0,Secondary,No,
5673,Hasan Rahman,17,,Khulna,9th,71.7,5.5,96,45,86,227.0,graduate,No,P
STU-04790,Mim Ahmed,12,female,  Dhaka,10th,75.2,2.2,61,73,55,189.0,Unknown,Yes,Fail
2036,Nadia Talukder,11,other,Sylhet,10,88.3,4.1,77,92,69,238.0,Unknown,0,Pass
8126,Zayed Das,17,F,dhaka,6,89.6,,69,61,80,210.0,unknown,NO,FAIL
8324,Hasan Khan,16,other,Rajshahi ,Ten,87.2,3.0,83,74,69,226.0,Higher Secondary,No,Pass
3237,Sabbir Chowdhury,18,other,Khulna,10,88.5,23.0,51,49,62,162.0,N/A,N,P
8139,Fatema Rahman,14,O,CHATTOGRAM,9th,-15.0,3.9,91,83,64,238.0,higher secondary,Y,pass
3835,Tanvir Rahman,13,,Sylhet,8,N/A,5.9,42,61,56,159.0,GRADUATE,NO,Pass
4355,Momo Sarker,18,other,mymensingh,6,70.5,4.7,89,76,54,219.0,primary,NO,FAIL
1502,Shila Khan,11,Other,mymensingh,10,73.9,4.0,89,40,,,Unknown,N,FAIL
2747,Nadia Talukder,12,F,KHULNA ,9th,107.9,3.7,30,absent,30,60.0,graduate,no,pass
6561 ,Priya Talukder,fifteen,O,mymensingh,7,81.6,3.6,83,61,79,223.0,Higher Secondary,NO,FAIL
148,Nusrat Khan,16,,dhaka,Nine,86.1,4.7,78,30,42,150.0,postgraduate,0,Pass
6540,Rakib Akter,18,other,barisal,7,86.5,4.5,45,36,49,130.0,unknown,No,fail
7834,Rafi Das,12,other,Barisal,7,83.3,4.0,46,34,42,122.0,graduate,No,Pass
7772,Priya Chowdhury,18,MALE,Ctg,9,83.1,0.7,56,33,78,167.0,GRADUATE,N,F
209,Karim Khan,16,O,Sylhet,10th,79.4,3.6,36,,40,,Higher Secondary,yes,Fail
5213,Arif Das,13,O,Rajshahi,7th,98.3,3.9,80,89,57,226.0,Secondary,0,PASS
55,Hasan Das,18,Other,sylhet,9,64.7,3.3,46,92,48,186.0,illiterate,NO,P
356,Nadia Das,16,MALE,CHATTOGRAM,Seven,94.4,2.0,67,89,88,244.0,secondary,NO,P
7873,Anik Hossain,13,female,,9th,95.7,2.0,86,51,73,210.0,N/A,Yes,
8263,Lima Ahmed,16,,Mymensingh,9,79.9,2.2,34,85,34,153.0,GRADUATE,,Pass
STU-08812,Rakib Chowdhury,17,MALE,Khulna,7,96.7,3.2,93,97,,190.0,unknown,NO,Fail
1997,Karim Hossain,15,O,Sylhet,Ten,87.0,27.0,71,91,61,223.0,Graduate,NO,pass
7081,Jannat Islam,13,FEMALE,Sylhet,7th,197.3,2.6,89,49,78,216.0,,n/a,F
7047,Tamim Sarker,17,F,KHULNA ,9,76.0,4.3,72,99,82,,graduate,YES,pass
4203,Sadia Islam,17,O,KHULNA ,9th,84.5,0.2,80,46,99,error,postgraduate,n/a,Pass
8149,Farhan Sarker,-13,F,Barisal,06,98.7,27.1,61,42,82,185.0,unknown,Y,PASS
2846,Rupa Sarker,,F,Ctg,Ten,78.6,1.1,39,90,92,221.0,GRADUATE,1,Pass
5581,Hasan Das,17,Male,Rangpur,9th,87.1,3.7,94,74,76,244.0,PRIMARY,n/a,fail
3480,Nusrat Chowdhury,13,other,KHULNA ,9,86.7,1.9,84,35,99,218.0,Higher Secondary,No,
2468,Hasan Islam,14,Male,SYLHET,Eight,97.4,0.8,77,60,296,433.0,Secondary,,Pass
1754,Jannat Hossain,13,M,Rajshahi,Nine,106.2,4.5,41,77,51,169.0,Illiterate,N,
4815,Nusrat Sarker,,M,Barishal,8,76.5,4.3,34,55,46,135.0,PRIMARY,,P
6201,Ayesha Khan,16,MALE,SYLHET,9,93.5,3.4,91,92,64,247.0,,YES,fail
4693,Nadia Das,13,FEMALE,rangpur,7th,78.7,2.6,87,55,41,183.0,secondary,N,Pass
6726,Imran Rahman,15,other,SYLHET,9th,86.9,2.4,85,65,71,221.0,graduate,N,FAIL
8466,Riya Islam,14,male,rangpur,Seven,83.5,2.0,57,38,88,,,YES,FAIL
7072,Sohan Talukder,15,Other,rangpur,10,62.3,2.4,74,57,82,213.0,,No,FAIL
8643,Momo Das,12,MALE,chittagong,7,93.5,1.0,72,58,48,178.0,N/A,N,
5554,Imran Rahman,14,male,Rajshahi,06,90.1,4.1,66,90,36,192.0,illiterate,NO,F
3171,Sabbir Khan,14,other,CHATTOGRAM,8th,75.3,1.3,84,85,78,247.0,Primary,no,Pass
8568,Farhan Rahman,18,M,Chittagong,10th,74.1,4.3,243,61,33,337.0,Secondary,NO,
2308,Tamim Islam,18,,dhaka,8,66.5,3.3,37,64,98,199.0,illiterate,NO,
2668,Zayed Sarker,13,FEMALE,chittagong,06,78.0,2.4,30,,56,86.0,Higher Secondary,YES,Fail
8721,Riya Akter,17,FEMALE,mymensingh,7,70.6,3.4,81,83,98,262.0,PRIMARY,no,pass
7054,Priya Talukder,12,FEMALE,khulna,8th,100.2,3.0,59,71,67,197.0,higher secondary,,P
9054,Fatema Ahmed,18,Female,Barisal,8,78.4,2.0,50,52,71,173.0,illiterate,,F
3485,Fatema Sarker,13,MALE,SYLHET,8,75.6,0.9,54,68,68,190.0,,YES,
8559,Mitu Ahmed,18,other,Mymensingh,Nine,77.6,3.1,94,46,66,206.0,Post Graduate,N,Pass
118,Arif Khan,16,other,Mymensign,10th,86.0,,37,55,80,172.0,PRIMARY,yes,P
5369,Sohan Talukder,11,Other,chittagong,7,93.1,2.9,44,43,84,171.0,postgraduate,1,Pass
8379,Bristi Das,11,F,chittagong,Nine,80.7,3.0,81,64,,145.0,Secondary,YES,Pass
385,Bristi Akter,18,MALE,Mymensign,8,68.0,3.8,43,82,88,213.0,Unknown,Yes,fail
5160,Hasan Akter,12,Female,rangpur,7th,88.8,3.7,-32,92,41,101.0,primary,1,
3266,farhan khan,11,male,khulna,06,90.0,4.2,94,97,40,,secondary,Y,
8819,Arif Talukder,13,FEMALE,Rajshahi,06,88.2,5.2,61,88,99,248.0,Unknown,,Pass
3312,Sabbir Sarker,18,Male,Mymensingh,9th,83.6,4.5,89,79,65,233.0,Secondary,N,FAIL
7740,Sohan Das,18,Male,khulna,Eight,69.2,2.7,70,47,32,149.0,unknown,YES,P
8176,Shila Khan,12,male,Rangpur,06,87.7,3.1,absent,80,75,155.0,GRADUATE,N,
1110,Karim Islam,15,female,SYLHET,9,92.2,6.6,76,67,96,239.0,PRIMARY,,F
3481,Farhan Khan,-4,Other,SYLHET,8,88.8,2.2,55,67,65,187.0,Illiterate,YES,F
976,Sadia Islam,16,Female,Sylhet,7,83.0,-2.4,78,32,34,144.0,Primary,0,Fail
5607,Mim Talukder,14,Male,Dhaka ,Eight,74.5,5.4,32,91,58,181.0,Illiterate,1,P
2800,Tamim Das,16,,Barisal,Nine,83.6,3.3,92,54,73,219.0,illiterate,no,
5577,Rupa Das,17,FEMALE,Rangpur,Seven,90.4,4.8,51,99,53,203.0,primary,N,fail
2739,Mitu Khan,12,other,rajshahi,8th,93.6,2.4,75,87,90,252.0,Illiterate,n/a,
3270,Bristi Das,11,other,Rajshahi,7th,92.2,3.0,90,40,65,195.0,Primary,N,fail
3377,Imran Akter,17,female,rajshahi,06,85.5,1.7,60,37,54,151.0,N/A,no,fail
8123,Rahim Talukder,14,Other,Mymensingh,10th,89.5,1.4,96,59,48,203.0,Illiterate,N,P
7469,Mim Chowdhury,16,O,Mymensign,8th,88.7,4.8,31,41,84,156.0,GRADUATE,no,PASS
1236,Momo Sarker,15,Other,Mymensign,Six,89.1,2.6,82,73,83,238.0,PRIMARY,1,Fail
3641,Rafi Sarker,18,Other,KHULNA ,7th,65.0,,48,86,61,195.0,Unknown,0,PASS
7366,Riya Akter,16,female,khulna,9th,100.3,1.6,81,46,65,192.0,postgraduate,Yes,fail
9188,Rafi Akter,13,female,dhaka,10,87.2,0.0,49,65,33,147.0,Unknown,1,fail
516,Lima Islam,15,Female,khulna,9,86.3,1.7,58,35,78,error,PRIMARY,1,
8382,Momo Sarker,11,female,rangpur,9th,68.5,2.2,42,69,61,172.0,primary,No,PASS
7858,Rahim Sarker,18,M,CHATTOGRAM,7,79.2,1.0,67,95,93,255.0,N/A,Y,pass
7939,Zayed Khan,18,F,Khulna,Ten,98.1,1.4,34,48,71,153.0,illiterate,Yes,fail
7839,Bristi Sarker,16,M,rangpur,8,79.9,2.5,75,34,absent,109.0,Post Graduate,yes,PASS
8359,Fatema Das,12,Male,Rangpur,10,81.9,4.1,45,74,44,163.0,Primary,Yes,Fail
5184,Sadia Ahmed,18,female,Mymensign,Seven,76.2,3.7,73,66,57,196.0,,0,Fail
6019 ,,12,Female,Sylhet,6,79.1,2.4,51,53,88,192.0,Illiterate,No,Fail
6624,Ayesha Islam,14,male,mymensingh,8th,93.5,5.8,41,92,85,218.0,postgraduate,,fail
6286,Bristi Ahmed,fifteen,Female,rangpur,Six,81.6,5.0,89,78,34,201.0,higher secondary,yes,Pass
411,Jannat Talukder,17,O,Chittagong,Six,95.5,2.5,65,74,82,221.0,Secondary,,PASS
9831,Riya Sarker,14,MALE,Mymensign,8,84.6,3.7,74,90,84,248.0,higher secondary,,PASS
9230,Jannat Islam,14,Male,Mymensingh,8,88.5,2.2,53,67,39,159.0,illiterate,Yes,F
8446,Imran Talukder,15,O,rajshahi,Ten,87.3,1.0,38,67,72,177.0,PRIMARY,yes,fail
3031,Rupa Islam,15,,KHULNA ,8,93.2,2.5,81,93,69,243.0,graduate,No,Pass
5189,Nadia Chowdhury,16,Female,Barishal,7th,91.7,1.0,73,31,71,189.0,illiterate,N,Pass
7070,Mim Islam,16,F,rajshahi,Eight,95.2,2.1,94,89,37,220.0,higher secondary,Yes,FAIL
8547,Karim Khan,12,,rajshahi,6,102.1,4.6,77,94,71,242.0,graduate,1,P
4453,Riya Talukder,13,male,KHULNA ,9th,79.3,-0.2,87,37,93,217.0,N/A,yes,Fail
9498,Rahim Chowdhury,18,male,Rajshahi,8th,80.3,4.8,40,-36,60,64.0,Primary,YES,Fail
2822,Sabbir Ahmed,17,Male,Mymensingh,7,92.9,5.3,75,74,33,182.0,Primary,yes,PASS
4761,rafi sarker,18,male,  Dhaka,8,98.5,1.6,83,70,95,248.0,Unknown,No,pass
6863,Fatema Rahman,12,other,Mymensign,9,101.0,2.1,72,78,40,190.0,PRIMARY,yes,pass
1097,Jannat Islam,13,male,Rangpur,Six,74.4,3.6,37,83,66,186.0,Unknown,1,FAIL
4155,Momo Khan,14,Female,khulna,7,104.5,1.1,95,59,39,193.0,Secondary,Y,fail
1814,arif chowdhury,11,Male,mymensingh,7,108.8,2.8,99,57,74,235.0,N/A,YES,FAIL
4518,Rafi Akter,13,other,Rajshahi ,10,97.1,27.9,76,50,61,187.0,secondary,Yes,P
7409,Farhan Islam,15,FEMALE,mymensingh,8,84.0,2.7,-31,56,45,70.0,Secondary,No,PASS
4594,Arif Sarker,12,other,Rajshahi ,10th,83.5,4.7,68,63,83,214.0,N/A,NO,fail
5479,Jannat Ahmed,11,male,Barishal,Nine,83.1,4.8,97,88,36,221.0,N/A,YES,F
1138,Rakib Khan,11,Male,rangpur,Eight,86.4,7.4,47,39,40,126.0,,1,FAIL
2532,Karim Talukder,18,Female,sylhet,8,84.0,0.5,63,89,42,194.0,Post Graduate,1,FAIL
2778,Nadia Akter,16,Female,SYLHET,8,84.2,4.1,34,47,44,125.0,Post Graduate,No,Pass
9355,Mitu Islam,18,,chittagong,06,92.5,5.4,85,61,64,210.0,Primary,Y,Fail
523,Ayesha Ahmed,12,FEMALE,Rajshahi,Six,103.1,2.0,98,95,76,269.0,primary,no,Pass
243,Rupa Islam,18,FEMALE,,Eight,95.3,3.4,90,49,31,170.0,Illiterate,Yes,
1898,Kabir Akter,17,MALE,Barisal,7,84.7,4.4,82,31,97,210.0,N/A,,Pass
6892,Rahim Ahmed,14,O,dhaka,Nine,92.2,5.2,55,50,51,,PRIMARY,1,Pass
1726,Nadia Ahmed,18,MALE,sylhet,6,79.6,5.6,90,68,84,242.0,GRADUATE,YES,pass
8313,Nusrat Sarker,18,Other,Rangpur,6th,93.4,1.8,32,90,31,153.0,Primary,No,F
1168,Zayed Khan,14,M,CHATTOGRAM,10,56.0,2.9,47,72,68,187.0,secondary,No,Pass
9681,Rupa Ahmed,17,F,sylhet,Six,105.8,3.2,87,74,43,204.0,Illiterate,Yes,fail
1584,Zayed Khan,11,F,Rangpur,9th,83.8,4.9,92,81,39,212.0,Illiterate,Yes,
1155,Hasan Hossain,16,Male,Mymensingh,6th,90.1,0.9,99,96,163,358.0,unknown,,FAIL
5218,Karim Chowdhury,18,,Dhaka,Ten,64.8,3.5,49,30,38,117.0,primary,no,pass
7483,Mim Khan,12,female,chittagong,06,81.6,4.6,69,30,93,192.0,Post Graduate,yes,F
5573,Farhan Akter,17,male,Mymensingh,7,73.5,4.4,93,88,55,236.0,secondary,N,pass
326,Arif Sarker,18,Other,Barishal,8th,91.0,4.2,32,94,33,159.0,postgraduate,1,Pass
7077,Imran Sarker,231,other,rajshahi,06,88.4,1.3,31,55,52,138.0,Unknown,,fail
8448,Sadia Talukder,13,M,CHATTOGRAM,Seven,80.5,3.2,76,54,93,223.0,N/A,N,fail
7264,Anik Chowdhury,11,O,Ctg,7,99.4,2.2,56,98,31,,postgraduate,no,Fail
1392,Anik Chowdhury,11,M,khulna,Ten,91.8,2.9,55,44,62,161.0,illiterate,n/a,
5286,Shila Ahmed,16,Other,Khulna,10th,76.3,2.4,92,58,60,210.0,PRIMARY,N,fail
4377,Hasan Islam,16,male,Rajshahi,6th,86.7,4.9,99,31,58,188.0,Post Graduate,,fail
9018,Fatema Hossain,18,F,Barisal,6th,86.5,-0.0,40,89,45,174.0,illiterate,NO,PASS
1858,Hasan Hossain,17,male,mymensingh,Eight,83.1,0.1,38,54,71,163.0,Post Graduate,N,F
2839,Rupa Hossain,15,MALE,Rangpur,6th,88.1,6.2,64,65,85,214.0,GRADUATE,0,P
5967,Karim Rahman,12,FEMALE,Sylhet,10,77.5,3.3,-39,70,80,111.0,graduate,,
9337,Ayesha Sarker,18,female,Khulna,Six,80.2,2.1,57,51,57,,,YES,Fail
5127,Riya Chowdhury,12,Other,Rajshahi ,7th,88.7,3.3,53,80,71,204.0,graduate,N,
8858,Bristi Talukder,11,MALE,Rangpur,8,95.7,3.9,37,83,34,154.0,secondary,Y,PASS
4105,Rakib Hossain,11,MALE,KHULNA ,7th,79.4,4.4,79,96,55,230.0,Graduate,N,Fail
5569,Rupa Das,12,M,dhaka,Seven,81.9,4.1,32,44,31,107.0,Post Graduate,No,
3993,Tamim Das,12,F,rangpur,6th,86.1,2.1,41,40,56,137.0,graduate,1,fail
STU-01142,Nadia Rahman,17,M,Dhaka,Ten,65.5,6.1,85,-46,45,84.0,graduate,0,P
5435,Kabir Sarker,12,O,rajshahi,9,92.2,2.5,62,54,81,197.0,Post Graduate,,PASS
4904,Farhan Khan,14,Male,Mymensingh,7,106.7,4.5,45,97,55,197.0,primary,,
2515,Bristi Talukder,16,,DHAKA,6th,79.1,2.8,40,63,75,178.0,Secondary,Y,pass
4259,Rafi Hossain,18,F,Rajshahi,Ten,68.4,4.0,45,69,56,170.0,Illiterate,yes,PASS
3781,Arif Talukder,17,M,Ctg,Seven,80.4,1.7,59,96,85,240.0,Primary,No,Fail
6666 ,Arif Das,16,M,Rajshahi,9,93.7,1.5,50,78,85,213.0,graduate,YES,pass
2175,Fatema Akter,14,FEMALE,dhaka,6th,79.3,1.7,62,81,47,190.0,Secondary,NO,PASS
7259,Arif Ahmed,14,M,Mymensign,Ten,98.3,4.6,42,74,48,164.0,unknown,Y,
2293,Shila Khan,14,female,Khulna,Ten,87.8,5.2,78,37,87,202.0,Higher Secondary,YES,pass
9709,Bristi Khan,13,Male,barisal,10th,78.3,1.4,82,35,50,167.0,GRADUATE,1,P
6050,Nadia Talukder,14,other,Rajshahi ,Ten,93.9,0.8,30,59,46,135.0,Unknown,Y,Fail
4017,Ayesha Rahman,14,Male,barisal,Six,96.0,3.2,91,80,77,248.0,illiterate,no,PASS
2589,Arif Sarker,17,F,mymensingh,Six,72.3,5.2,70,76,43,189.0,illiterate,1,pass
668,Hasan Hossain,17,female,Sylhet,9th,60.1,2.0,99,88,93,280.0,postgraduate,,F
3211,Hasan Akter,14,M,rajshahi,8th,102.3,4.1,47,31,80,158.0,N/A,N,Fail
4478,Bristi Islam,15,,rangpur,8th,77.9,3.7,36,61,62,159.0,GRADUATE,YES,F
664,Lima Islam,13,Female,mymensingh,7,72.1,0.9,76,46,46,168.0,illiterate,,Pass
3899,Momo Ahmed,16,female,Barishal,7th,89.9,3.3,79,46,-44,81.0,illiterate,1,FAIL
6797,Hasan Islam,14,other,Rajshahi ,Eight,81.5,4.3,48,76,93,217.0,N/A,no,Pass
4153,Ayesha Sarker,13,Female,Sylhet,6th,83.9,3.6,63,45,71,179.0,primary,NO,Fail
4376,Rakib Ahmed,17,M,khulna,9,84.2,3.7,absent,43,75,118.0,graduate,No,PASS
6040,Rafi Talukder,16,female,Dacca,06,86.4,3.8,30,49,51,130.0,primary,N,
6670,Mitu Chowdhury,11,FEMALE,Rangpur,9,93.9,2.6,-19,43,120,144.0,higher secondary,0,fail
4512,Rafi Das,15,Male,Rajshahi ,7th,99.5,-0.5,86,60,45,191.0,Unknown,Yes,Pass
5520,Hasan Chowdhury,11,F,sylhet,06,82.7,2.4,76,54,79,209.0,Post Graduate,NO,
596,Bristi Chowdhury,15,F,Mymensingh,8th,68.5,0.8,97,90,58,245.0,secondary,YES,F
2601,Anik Khan,17,O,Rajshahi,9th,79.8,0.8,73,91,38,,N/A,,
1847,Nadia Islam,18,O,Barishal,Seven,92.8,1.3,94,90,49,233.0,Illiterate,no,fail
4848,Rakib Khan,14,O,KHULNA ,9th,138.8,4.9,71,75,54,200.0,,Y,
1058,Sadia Chowdhury,12,FEMALE,barisal,Seven,76.2,2.2,36,45,45,126.0,,NO,P
8593,Sabbir Sarker,12,F,  Dhaka,Seven,80.9,0.6,62,38,40,140.0,Higher Secondary,n/a,
1269,Karim Das,13,female,rangpur,7,83.3,5.7,79,66,75,220.0,illiterate,No,P
6307,Mitu Talukder,,,rangpur,6,93.3,2.4,31,-14,97,114.0,postgraduate,,P
2897,Rakib Islam,13,MALE,DHAKA,8,78.6,2.2,67,31,46,144.0,higher secondary,yes,PASS
5330,Momo Talukder,17,MALE,Chattogram,9,81.2,3.3,62,35,,97.0,illiterate,1,pass
5236,Mitu Islam,13,FEMALE,Ctg,9th,100.1,3.9,48,54,47,149.0,Post Graduate,yes,F
8330,Rakib Akter,12,Other,rajshahi,9th,85.2,3.8,64,42,84,190.0,primary,,Fail
7565,Hasan Talukder,14,M,Chattogram,8,83.8,0.2,69,99,31,199.0,postgraduate,1,Pass
1872,Karim Sarker,18,other,Dacca,9th,74.6,-0.5,85,46,47,178.0,postgraduate,1,FAIL
8384,Fatema Hossain,11,F,CHATTOGRAM,Eight,93.8,3.2,83,95,33,211.0,,1,
2135,Mim Ahmed,15,MALE,Rajshahi,6th,93.7,7.2,40,53,-20,73.0,unknown,n/a,FAIL
7633,Nadia Talukder,12,M,Sylhet,10,-1.7,2.0,83,43,61,187.0,Higher Secondary,,PASS
6902,Kabir Talukder,15,female,Rangpur,8,85.6,4.0,74,58,78,210.0,,N,
514,Tamim Hossain,12,other,Rajshahi,Ten,89.5,2.2,97,47,72,216.0,GRADUATE,N,F
3547,Sohan Islam,17,Male,dhaka,8th,93.3,3.2,81,86,38,205.0,secondary,0,F
1143,Riya Akter,16,FEMALE,Rangpur,8,83.0,3.6,37,32,48,117.0,Illiterate,Y,P
6977,Shila Akter,14,Female,sylhet,10th,86.6,1.8,97,67,31,195.0,N/A,1,PASS
1180,Tanvir Chowdhury,15,M,CHATTOGRAM,8,65.0,3.1,90,49,39,178.0,Primary,1,fail
9459,Lima Chowdhury,12,Other,Dhaka,8th,65.2,3.5,36,41,,77.0,GRADUATE,Yes,P
8598,Shila Rahman,13,female,CHATTOGRAM,6,77.1,2.8,45,98,70,213.0,Higher Secondary,NO,Fail
1545,Mitu Akter,14,FEMALE,khulna,7,93.5,3.8,79,46,64,189.0,postgraduate,0,F
STU-07467,Nusrat Hossain,12,Other,mymensingh,7th,-4.1,-0.5,90,92,31,213.0,secondary,no,pass
6095,Kabir Sarker,18,Other,khulna,Seven,79.6,3.3,87,36,54,177.0,PRIMARY,N,
8787,Imran Ahmed,13,MALE,Khulna,7,87.3,1.4,94,72,32,198.0,,N,F
7049,Bristi Rahman,18,O,barisal,Nine,100.7,0.0,58,61,54,173.0,Graduate,1,FAIL
64,Imran Chowdhury,13,male,sylhet,6th,91.1,4.5,64,62,62,188.0,,0,
2941,Mitu Talukder,12,male,KHULNA ,Eight,79.4,5.5,90,48,31,169.0,graduate,yes,F
3397,Tanvir Islam,13,MALE,,9th,71.0,2.1,84,56,36,,graduate,,F
222,Priya Rahman,16,Female,,10,78.9,1.3,260,31,62,353.0,Primary,no,Fail
1498,Momo Das,16,female,Chittagong,06,73.8,1.9,66,93,69,228.0,Illiterate,,F
577,Sohan Khan,18,MALE,dhaka,7th,-32.2,3.0,90,77,54,221.0,postgraduate,,PASS
583,Farhan Chowdhury,15,M,Mymensingh,Ten,76.9,5.3,88,86,69,243.0,Post Graduate,,
STU-01638,Karim Sarker,16,FEMALE,Sylhet,Eight,85.9,0.8,83,41,66,190.0,primary,NO,
211,Fatema Talukder,12,Female,SYLHET,9th,70.5,-0.3,68,44,58,170.0,Primary,NO,pass
6985,Mim Islam,14,Other,rangpur,Six,68.4,2.2,80,64,91,235.0,Primary,0,FAIL
8591,Arif Khan,14,female,Mymensign,8th,65.9,2.2,83,44,80,207.0,N/A,n/a,Fail
7141,Sohan Khan,12,M,rangpur,Eight,81.7,0.0,93,32,283,408.0,Post Graduate,No,
8670,Momo Sarker,18,Female,Barishal,6th,94.5,4.1,69,37,67,173.0,secondary,n/a,pass
5844,Lima Islam,12,female,Rangpur,Six,77.1,5.7,48,97,39,184.0,unknown,n/a,Fail
5692,Ayesha Talukder,14,O,Mymensign,7th,70.5,3.5,91,39,83,213.0,primary,Y,Pass
891,Shila Sarker,15,other,Barishal,7,80.8,2.6,64,80,47,191.0,unknown,0,PASS
2910,Mim Rahman,14,F,Rangpur,10,88.0,6.1,63,70,39,172.0,Higher Secondary,YES,fail
3728,Sohan Rahman,13,Female,Rajshahi ,10,79.2,5.0,77,48,81,206.0,,n/a,
2000,Imran Talukder,14,Male,CHATTOGRAM,Eight,92.2,2.8,99,30,91,220.0,illiterate,No,PASS
1499,Sadia Sarker,15,O,Rangpur,Ten,78.8,4.3,77,48,62,187.0,N/A,no,PASS
STU-05050,Imran Hossain,17,M,khulna,8,88.6,5.8,65,59,76,200.0,,YES,Pass
2394,Rupa Das,12,Female,barisal,6th,96.0,,36,76,37,149.0,N/A,NO,
2893,Rafi Islam,15,MALE,mymensingh,10th,80.8,4.1,40,-45,47,42.0,higher secondary,0,fail
3867,Momo Akter,15,Male,mymensingh,Nine,71.7,3.6,63,41,48,152.0,higher secondary,Yes,F
805,Zayed Islam,17,MALE,,Eight,80.7,4.3,84,75,53,212.0,PRIMARY,No,F
3028,Mitu Hossain,13,O,  Dhaka,7th,112.4,3.9,54,71,74,199.0,,YES,fail
9419,Fatema Rahman,14,Other,rangpur,Eight,90.7,2.2,52,39,39,130.0,primary,,pass
3382,Nusrat Talukder,18,Male,sylhet,Nine,82.4,3.9,55,58,54,167.0,graduate,no,Pass
6154,Karim Talukder,12,Other,rangpur,8th,84.2,3.0,34,76,53,163.0,,No,FAIL
4927,Mitu Sarker,11,FEMALE,Mymensingh,Eight,69.5,2.3,,78,75,153.0,secondary,yes,pass
9658,Rahim Rahman,11,FEMALE,rajshahi,Eight,84.8,5.7,82,39,78,199.0,Primary,No,
4928,Arif Rahman,13,M,Chattogram,10th,96.6,5.0,41,86,93,220.0,primary,n/a,Fail
4081,Kabir Islam,11,,Mymensign,7th,101.1,1.9,89,60,32,181.0,primary,Yes,fail
8634,Jannat Islam,15,female,SYLHET,Nine,96.6,0.6,51,98,78,227.0,Post Graduate,NO,FAIL
1286,Karim Chowdhury,15,M,Sylhet,Eight,95.9,1.3,72,81,96,249.0,primary,n/a,Pass
9271,Arif Talukder,14,male,barisal,10th,98.1,5.4,56,81,63,200.0,unknown,,Fail
8964,Hasan Das,15,Female,khulna,Six,74.7,-3.6,64,84,92,240.0,Unknown,1,
8362,Karim Chowdhury,14,,Barisal,10,92.5,4.2,47,65,68,180.0,Post Graduate,Y,Pass
6986,Bristi Islam,13,Other,mymensingh,Six,56.1,2.5,79,59,48,186.0,PRIMARY,0,Pass
4299,Rafi Talukder,13,F,KHULNA ,10th,104.8,6.6,75,57,81,213.0,PRIMARY,NO,FAIL
4804,Shila Islam,235,other,Rajshahi ,6th,80.9,4.3,59,39,87,185.0,Secondary,N,Fail
5550,Mitu Das,16,M,Barishal,7,73.2,5.5,94,40,78,212.0,graduate,Yes,FAIL
5677,Tamim Chowdhury,16,female,Barisal,9,82.3,-3.7,72,75,65,212.0,Primary,no,
1588,Nusrat Rahman,15,female,Dhaka ,Eight,99.0,3.4,80,61,53,194.0,Illiterate,,F
325,Zayed Khan,17,male,sylhet,7th,92.5,3.6,54,37,87,178.0,Graduate,no,P
4697,Priya Sarker,15,FEMALE,chittagong,9,83.9,3.1,,91,89,180.0,Primary,n/a,fail
276,Rupa Chowdhury,17,O,rangpur,7th,95.4,2.2,97,71,61,229.0,Primary,,Pass
4097 ,Karim Hossain,12,FEMALE,Dhaka ,06,79.9,3.9,50,78,95,223.0,postgraduate,N,Pass
3836,Ayesha Das,13,O,Dhaka ,9th,86.7,3.8,-29,38,42,51.0,unknown,NO,
6027,Rafi Rahman,170,FEMALE,mymensingh,Nine,112.6,3.7,68,186,81,335.0,,N,FAIL
7128,Zayed Khan,11,M,  Dhaka,6th,83.5,3.7,75,53,53,181.0,GRADUATE,YES,
150,Sabbir Islam,11,male,Barisal,9th,84.7,2.2,69,48,47,164.0,N/A,,fail
3475,Ayesha Sarker,17,FEMALE,Mymensingh,10,86.0,-1.0,87,48,42,177.0,Graduate,0,F
5921,Nadia Akter,11,MALE,Dhaka,Eight,97.2,3.8,49,65,57,171.0,Graduate,NO,F
296,Zayed Talukder,17,O,chittagong,9,56.1,3.4,89,92,35,216.0,secondary,NO,PASS
7892,Rahim Talukder,12,MALE,rangpur,6,97.0,1.7,52,87,44,183.0,GRADUATE,Yes,pass
8108,Arif Rahman,13,other,Dacca,7,83.7,3.1,76,48,63,187.0,GRADUATE,NO,FAIL
2572,Zayed Hossain,14,FEMALE,barisal,Seven,82.3,5.3,50,80,75,205.0,Graduate,1,
4317,Farhan Talukder,11,MALE,DHAKA,9th,74.4,2.4,51,46,62,159.0,Higher Secondary,N,P
5695,Arif Sarker,fifteen,FEMALE,Rajshahi,Seven,93.6,2.6,34,59,74,167.0,Unknown,No,
3196,Sohan Das,17,FEMALE,Rajshahi,9,89.2,3.8,73,36,31,140.0,secondary,NO,Pass
9187,Arif Das,17,male,Barishal,Ten,69.8,0.6,73,99,92,264.0,Post Graduate,n/a,fail
6568,Tanvir Chowdhury,15,female,Rajshahi ,10th,74.5,4.6,87,53,68,208.0,higher secondary,Yes,pass
2387,Farhan Das,11,FEMALE,barisal,7th,218.1,2.6,42,59,98,199.0,,,FAIL
8775,Sabbir Hossain,11,M,Chittagong,8,84.7,-0.4,45,48,66,159.0,unknown,No,fail
7051,Sohan Chowdhury,13,M,sylhet,7,81.5,1.4,70,66,84,220.0,postgraduate,No,fail
5182,Nadia Hossain,12,M,  Dhaka,10,81.1,0.1,61,74,56,191.0,Unknown,,pass
5676 ,Tamim Sarker,12,O,KHULNA ,Seven,79.7,3.1,73,45,57,175.0,primary,YES,F
6793,Sabbir Talukder,18,male,SYLHET,10,91.5,3.5,50,50,80,180.0,unknown,1,fail
2154,Rafi Das,15,male,barisal,6,96.8,3.2,74,84,88,246.0,Higher Secondary,n/a,Fail
5849,Rahim Das,11,Female,  Dhaka,10th,99.6,4.3,46,92,55,193.0,Secondary,yes,pass
7231,Rahim Hossain,12,Female,  Dhaka,6,90.3,3.8,,60,38,98.0,Post Graduate,Yes,Fail
6913,Lima Akter,13,MALE,KHULNA ,9th,76.7,2.0,81,65,76,222.0,Graduate,no,fail
1874,Riya Islam,18,,DHAKA,Nine,93.6,4.3,32,73,99,204.0,,n/a,Pass
48,Anik Hossain,16,,Rangpur,Ten,71.2,1.6,55,79,54,188.0,GRADUATE,n/a,fail
2769,Fatema Khan,18,,rangpur,Ten,70.7,6.3,87,46,41,,higher secondary,N,Fail
6627,Hasan Chowdhury,18,Male,Rajshahi,9,74.8,1.9,44,52,41,137.0,higher secondary,N,fail
180,Jannat Islam,18,Male,Ctg,8th,80.7,2.5,32,66,72,170.0,,No,
6132,Imran Akter,15,F,Dhaka,Seven,81.9,2.7,86,75,64,225.0,Secondary,Yes,fail
5728,Karim Rahman,12,MALE,barisal,Nine,75.1,0.3,75,53,43,171.0,GRADUATE,yes,FAIL
3319,Sohan Chowdhury,17,F,mymensingh,7,99.6,1.3,70,42,62,174.0,Illiterate,,PASS
3215,Fatema Das,18,Male,Dacca,7,72.1,2.7,43,38,55,136.0,Higher Secondary,no,FAIL
STU-03660,Kabir Das,18,other,,10th,98.4,3.5,97,67,30,194.0,Graduate,,Pass
6429,Kabir Sarker,17,FEMALE,  Dhaka,7th,77.5,1.3,82,49,-31,100.0,,Y,Pass
9252,Lima Rahman,13,male,Chattogram,Nine,86.5,2.9,98,65,71,234.0,Graduate,Yes,
9144,Nadia Ahmed,12,,Dacca,Nine,88.8,1.7,43,52,57,152.0,Secondary,NO,
6421,Rakib Akter,16,Male,rajshahi,Ten,85.2,3.5,76,71,33,180.0,N/A,N,P
3571,Karim Ahmed,-9,female,Dacca,06,82.3,4.3,41,59,89,189.0,,no,F
4218,Sohan Das,11,Female,SYLHET,06,79.6,3.4,40,,55,95.0,N/A,N,F
7514,Hasan Talukder,13,O,Sylhet,10th,66.5,3.9,98,64,40,202.0,secondary,NO,F
2655,Sohan Islam,17,FEMALE,SYLHET,8th,100.6,7.4,76,77,49,202.0,unknown,Yes,PASS
5072,Kabir Chowdhury,13,Male,rangpur,Eight,94.5,1.6,69,59,39,167.0,secondary,yes,Fail
3966,Jannat Akter,11,M,Sylhet,Seven,101.8,2.5,68,63,66,209.0,illiterate,no,F
3354,Shila Khan,13,M,Sylhet,10th,84.6,2.8,69,46,34,149.0,N/A,YES,Fail
STU-09804,Nusrat Akter,12,MALE,barisal,8th,74.0,0.9,31,43,96,170.0,Post Graduate,N,P
5417,Riya Akter,12,FEMALE,Rajshahi ,8th,73.2,5.1,37,46,34,117.0,primary,No,pass
3847,Mim Khan,15,O,Dhaka,06,88.8,3.9,92,34,73,199.0,illiterate,N,
223,Priya Hossain,11,MALE,KHULNA ,Nine,82.3,2.9,55,51,95,201.0,graduate,1,
6173,Nadia Rahman,12,M,rajshahi,Nine,78.3,-0.2,34,45,44,123.0,,N,P
4248,Tanvir Islam,11,F,Dhaka,Ten,88.0,4.6,99,76,37,212.0,N/A,n/a,P
4943,Rakib Hossain,17,M,CHATTOGRAM,Six,82.6,3.7,72,33,80,185.0,illiterate,n/a,PASS
6166,Mitu Ahmed,13,F,  Dhaka,Ten,101.2,4.2,94,86,,180.0,secondary,1,P
2496,Sadia Rahman,11,M,KHULNA ,7,80.2,2.0,46,88,60,194.0,,0,P
163,Jannat Das,12,Other,barisal,8th,88.0,3.9,,99,47,146.0,higher secondary,Y,P
8480,Shila Khan,12,F,rangpur,8th,80.1,3.6,62,36,32,130.0,Primary,,Pass
6817,Sabbir Sarker,17,FEMALE,rangpur,7th,98.1,2.2,94,88,53,235.0,N/A,0,PASS
3203,Rupa Khan,16,M,Mymensingh,7,74.3,2.3,78,71,53,,Illiterate,YES,F
6091,lima rahman,17,FEMALE,Barisal,7,,1.2,90,46,98,234.0,primary,yes,Fail
4702,Hasan Rahman,15,Other,Barishal,6th,76.5,1.8,89,59,95,243.0,PRIMARY,NO,F
3595,Zayed Chowdhury,14,other,Mymensign,9th,77.3,3.5,61,70,71,202.0,unknown,no,F
8390,Sabbir Islam,17,,Dhaka,9,82.5,,37,66,88,191.0,GRADUATE,1,
9235,Shila Talukder,17,F,KHULNA ,Ten,88.4,3.7,90,56,30,176.0,primary,n/a,Fail
2396,Tanvir Das,17,female,Rangpur,9th,94.4,2.5,93,97,34,224.0,N/A,Yes,pass
3767,Mitu Sarker,16,M,Chittagong,8,88.6,0.4,49,73,61,183.0,unknown,YES,fail
3975,Tanvir Islam,17,other,Rangpur,6,78.6,2.8,54,62,89,205.0,Secondary,,fail
7645,Nadia Chowdhury,13,MALE,Barishal,10,86.8,1.8,60,92,74,227.0,Higher Secondary,1,P
6981,Farhan Khan,17,MALE,,Ten,78.3,5.0,84,63,70,203.0,secondary,0,F
5106,Sadia Hossain,fifteen,female,Dhaka ,6th,240.9,4.4,30,44,57,131.0,Unknown,NO,fail
6229,Mim Ahmed,15,Male,DHAKA,9,95.4,,60,80,79,219.0,N/A,YES,Fail
2591,Lima Das,18,Female,Rajshahi ,9th,,4.8,74,47,74,195.0,Secondary,no,P
1911,Bristi Ahmed,13,male,khulna,Ten,88.3,3.7,86,60,35,181.0,higher secondary,NO,pass
995,Shila Akter,13,female,rangpur,8,90.5,2.5,62,77,31,170.0,GRADUATE,,pass
7455,Imran Ahmed,18,Male,rajshahi,7,82.8,4.4,232,87,69,388.0,higher secondary,no,
3588,Zayed Akter,16,Male,sylhet,Nine,88.3,6.3,46,61,97,204.0,Illiterate,Y,PASS
6846,Rafi Ahmed,17,Female,Barishal,Nine,-4.2,3.3,33,59,91,183.0,illiterate,0,pass
4923,Tamim Talukder,15,,  Dhaka,8,70.3,6.2,40,53,80,173.0,higher secondary,YES,pass
2587,Jannat Chowdhury,13,female,barisal,7,82.0,3.3,46,77,37,160.0,GRADUATE,n/a,pass
4446,Nusrat Hossain,14,F,Rajshahi ,6th,N/A,2.9,59,53,34,146.0,postgraduate,no,Fail
4747,Nadia Talukder,11,MALE,Rangpur,Nine,92.0,1.9,46,41,73,160.0,Illiterate,NO,FAIL
4406,Nadia Das,,FEMALE,mymensingh,6,,1.3,89,84,64,237.0,illiterate,NO,Pass
4459,Hasan Rahman,13,MALE,KHULNA ,Nine,77.1,2.5,34,88,64,186.0,Graduate,No,F
5722,Riya Akter,18,other,KHULNA ,06,87.5,4.4,33,72,76,181.0,Primary,No,FAIL
6185,Imran Rahman,182,Female,dhaka,10th,71.2,2.0,48,36,55,139.0,Post Graduate,N,P
9662,Rafi Sarker,13,Other,Rajshahi ,Seven,85.2,0.0,32,57,76,165.0,,yes,
9581,Priya Akter,17,O,barisal,7,101.6,4.7,43,50,43,136.0,illiterate,n/a,PASS
7368,Mim Hossain,14,male,Dhaka,10,75.4,2.6,30,84,78,192.0,unknown,NO,FAIL
47,Shila Islam,12,Female,Rajshahi ,7th,88.6,3.8,62,38,72,172.0,Secondary,,Pass
9830,Jannat Hossain,11,,mymensingh,7,85.0,4.5,99,92,82,error,primary,1,Fail
4709,Ayesha Talukder,14,female,mymensingh,Eight,67.4,4.2,35,91,62,188.0,PRIMARY,Yes,
9475,Zayed Islam,,,Rangpur,7th,81.2,3.9,55,32,75,162.0,,n/a,Fail
8495,Kabir Talukder,11,M,mymensingh,7th,76.8,1.7,41,38,88,167.0,higher secondary,0,PASS
9291,Nusrat Talukder,16,Other,barisal,10th,89.1,3.5,75,33,44,152.0,GRADUATE,NO,P
3542,Mim Hossain,16,M,,Nine,74.1,6.2,58,72,71,201.0,Unknown,n/a,FAIL
5216,Rahim Islam,11,other,mymensingh,Seven,85.5,4.1,36,48,62,146.0,Post Graduate,1,Pass
393,Ayesha Talukder,14,Male,Sylhet,7,76.9,3.6,33,51,74,158.0,unknown,,pass
9590,Mim Khan,12,MALE,Khulna,9,98.2,2.4,213,50,88,351.0,Illiterate,No,
STU-08130,Zayed Hossain,12,FEMALE,Rajshahi ,9,82.0,3.6,53,57,47,157.0,Graduate,0,FAIL
STU-01990,Sohan Rahman,17,O,Rajshahi,9,76.5,2.8,68,32,59,,Primary,Yes,Fail
5639,Rakib Rahman,15,MALE,mymensingh,Ten,76.4,2.3,96,58,37,191.0,postgraduate,0,
3330,Shila Chowdhury,13,male,DHAKA,6th,82.0,5.0,87,77,30,194.0,Higher Secondary,YES,Pass
9150,Momo Ahmed,11,M,rajshahi,06,101.1,3.4,37,69,75,181.0,Higher Secondary,No,FAIL
STU-03222,Rafi Ahmed,16,Female,rangpur,Seven,77.5,3.9,97,72,46,215.0,Unknown,N,FAIL
9523,Shila Akter,12,male,Ctg,Eight,,2.6,51,38,76,165.0,primary,0,
3911,Sadia Talukder,-11,male,Ctg,Eight,72.5,2.7,40,44,41,125.0,Secondary,0,FAIL
4244 ,Zayed Islam,12,F,Dhaka,Nine,90.0,2.6,68,91,225,384.0,GRADUATE,yes,fail
7222,Bristi Ahmed,fifteen,Male,Dhaka,7,89.1,1.7,87,77,30,194.0,Higher Secondary,NO,FAIL
2245,Anik Das,18,other,Dhaka,6th,83.3,3.2,60,57,37,154.0,primary,n/a,FAIL
117,Sabbir Akter,17,other,Rajshahi ,7th,86.7,,33,35,80,148.0,PRIMARY,no,F
7027,Mitu Ahmed,15,other,sylhet,9th,85.4,4.4,76,78,53,207.0,primary,No,Fail
4366,Sohan Khan,17,male,KHULNA ,Eight,70.7,3.9,31,90,88,209.0,primary,yes,PASS
616,Tanvir Akter,14,other,rangpur,Eight,80.4,3.3,55,33,93,181.0,secondary,No,P
8163,Anik Sarker,18,Other,Khulna,Seven,93.7,3.5,67,37,30,134.0,PRIMARY,Y,P
8138,Nusrat Hossain,269,other,rangpur,Nine,89.3,3.8,83,76,78,237.0,GRADUATE,NO,F
2388,Kabir Hossain,227,Female,Chittagong,8th,74.2,2.2,60,80,56,196.0,graduate,YES,
876 ,Zayed Islam,18,FEMALE,mymensingh,10,86.3,3.4,43,43,39,125.0,PRIMARY,no,pass
4197,Rakib Hossain,14,other,Mymensign,Seven,86.2,3.6,92,52,84,228.0,Higher Secondary,Yes,
4725,Nadia Ahmed,17,Female,barisal,Seven,76.9,4.5,82,66,83,231.0,Illiterate,n/a,fail
1662,Hasan Sarker,15,Other,sylhet,10th,73.7,4.6,74,96,98,268.0,unknown,n/a,F
2817,Sabbir Chowdhury,17,O,Dhaka ,8,79.1,5.2,35,87,97,219.0,Unknown,1,Fail
8439,Shila Islam,13,,rajshahi,Eight,81.9,4.0,75,269,41,385.0,PRIMARY,1,fail
9328,Shila Sarker,18,,barisal,Eight,81.3,5.8,30,61,93,184.0,Graduate,Yes,P
7274,Anik Rahman,16,,mymensingh,8,86.6,1.7,57,61,51,169.0,PRIMARY,,pass
5744,Nusrat Chowdhury,11,M,Chittagong,8th,85.5,1.9,84,48,50,182.0,secondary,N,
7736,Kabir Khan,17,male,Rangpur,Nine,71.2,2.6,95,48,54,197.0,Graduate,0,PASS
8494,Bristi Rahman,12,other,sylhet,10th,84.4,5.7,61,45,99,205.0,higher secondary,n/a,Pass
719,Tamim Sarker,14,female,Rajshahi,7,77.0,-3.7,99,41,45,,Post Graduate,NO,pass
7825,Anik Ahmed,18,O,Dhaka,6,88.8,0.8,30,56,92,178.0,Post Graduate,,F
1166,Imran Chowdhury,fifteen,M,Mymensign,Six,78.9,4.4,59,81,38,178.0,Post Graduate,,Fail
STU-04028,Kabir Chowdhury,14,Male,rajshahi,Ten,89.2,6.3,92,79,51,222.0,unknown,no,fail
5313,Farhan Akter,13,,Rangpur,8,76.8,2.1,90,33,51,174.0,Post Graduate,yes,Pass
5524,Mim Islam,12,M,Sylhet,8th,69.2,1.0,33,91,93,217.0,Secondary,yes,F
739,Nadia Khan,14,Other,chittagong,6th,87.2,1.5,86,55,54,203.0,N/A,Y,PASS
159,Priya Hossain,17,Male,Rangpur,7th,70.0,4.7,31,96,41,168.0,GRADUATE,N,fail
4076,Farhan Ahmed,17,F,Rajshahi,8th,83.4,3.7,31,49,38,118.0,Post Graduate,0,F
2863,Anik Hossain,fifteen,,khulna,10,66.5,2.1,52,92,55,199.0,PRIMARY,yes,F
7316 ,Rafi Khan,14,M,Ctg,6th,84.1,5.3,74,94,95,263.0,graduate,NO,
STU-07465,Zayed Akter,18,other,mymensingh,7th,74.4,3.2,84,59,78,221.0,,,Pass
1773,Sohan Hossain,16,Male,  Dhaka,6th,-45.6,4.8,98,87,34,219.0,Primary,Yes,Pass
2432,Arif Ahmed,13,MALE,Barishal,Ten,97.5,5.3,74,74,44,192.0,secondary,,FAIL
9838,Sabbir Hossain,17,,Rangpur,10th,95.0,6.9,33,,46,79.0,secondary,Yes,Pass
4069,Rafi Ahmed,13,F,Khulna,Eight,103.5,3.9,73,95,39,207.0,higher secondary,Y,Pass
1783,Ayesha Ahmed,12,MALE,Rajshahi ,6th,77.8,0.6,87,70,86,243.0,illiterate,N,Pass
6066,Fatema Akter,13,other,Khulna,6,88.3,5.5,44,99,39,182.0,Primary,,Fail
4655,Zayed Chowdhury,11,Other,  Dhaka,7,91.9,4.7,36,67,99,202.0,Graduate,No,P
1437,Nusrat Hossain,12,male,Chittagong,6th,69.5,5.3,32,84,87,203.0,Unknown,,fail
6183,Sohan Sarker,16,F,Mymensign,Eight,85.6,1.5,48,76,90,214.0,Graduate,0,Pass
6563,Tanvir Rahman,fifteen,Female,barisal,6,99.2,2.5,80,72,71,223.0,Graduate,1,
3853,Bristi Ahmed,18,,barisal,9th,99.7,2.1,51,49,34,134.0,Secondary,Y,PASS
3303,Kabir Rahman,12,Other,KHULNA ,7th,71.2,4.3,60,74,76,210.0,postgraduate,No,F
4522,Momo Talukder,15,Other,barisal,Six,88.2,1.4,33,85,63,181.0,postgraduate,no,Pass
9062,Mitu Islam,12,M,Rajshahi,7th,75.6,3.8,65,53,37,155.0,Illiterate,1,fail
2475,Momo Sarker,292,M,KHULNA ,7th,94.8,2.7,81,52,66,199.0,graduate,YES,pass
5875,Momo Talukder,13,MALE,CHATTOGRAM,7,101.3,2.0,40,38,57,135.0,Illiterate,N,PASS
STU-08496,Shila Das,17,O,mymensingh,9,66.7,1.2,92,-32,50,110.0,unknown,,pass
6402,Sadia Talukder,15,Female,Mymensingh,10th,86.9,3.3,62,83,43,188.0,higher secondary,No,P
2238,Tanvir Hossain,16,Male,rajshahi,Seven,69.1,2.3,63,94,84,241.0,Secondary,yes,fail
9500,Bristi Talukder,13,F,rangpur,Nine,84.3,3.5,42,48,86,176.0,Illiterate,Yes,Fail
4688,Mim Sarker,13,O,CHATTOGRAM,6th,94.8,1.0,56,97,46,199.0,,YES,Pass
4665,Priya Hossain,16,O,barisal,06,79.1,5.4,65,92,76,233.0,,Y,P
5587 ,Riya Ahmed,18,other,Rajshahi ,Eight,84.4,5.0,41,42,39,122.0,Post Graduate,N,P
941,Rakib Akter,14,Other,khulna,Eight,95.6,3.3,262,65,47,374.0,primary,No,F
4189,Rafi Talukder,12,other,Chittagong,8,100.4,1.7,95,69,44,208.0,GRADUATE,YES,PASS
STU-07040,Shila Das,16,,Mymensingh,9,77.8,2.8,50,32,50,132.0,Secondary,n/a,F
6603,Mim Khan,18,FEMALE,CHATTOGRAM,Nine,80.8,4.4,65,60,56,181.0,GRADUATE,1,Pass
1921,Anik Islam,17,Male,barisal,7th,72.9,5.7,94,84,39,217.0,higher secondary,n/a,PASS
2662,Lima Islam,12,MALE,KHULNA ,7,79.0,3.9,83,75,39,197.0,primary,N,P
9003,Bristi Islam,18,Female,Ctg,9,79.4,3.2,67,65,66,198.0,GRADUATE,n/a,Fail
2092,Arif Rahman,12,MALE,rajshahi,Eight,87.9,4.7,62,36,32,130.0,N/A,N,fail
3577,Kabir Rahman,14,Female,Chattogram,7th,80.2,2.9,69,34,79,182.0,primary,N,Fail
1114,Jannat Khan,18,MALE,rajshahi,10th,81.7,4.1,67,67,82,216.0,Post Graduate,Yes,FAIL
7513,Tanvir Khan,12,,Khulna,06,84.5,6.1,41,84,39,164.0,Higher Secondary,Y,Pass
2336,Tamim Hossain,14,other,Mymensign,6,84.8,2.2,93,55,36,184.0,GRADUATE,No,Fail
686,Sadia Sarker,16,male,Khulna,6,89.9,2.5,71,83,45,199.0,illiterate,Y,Pass
4669,Tamim Akter,17,Female,Chittagong,10th,70.3,2.3,74,43,51,168.0,Higher Secondary,1,P
STU-09350,Imran Akter,11,O,barisal,10th,82.7,4.1,95,46,42,183.0,Higher Secondary,YES,P
3484,Tanvir Das,16,Female,Mymensign,6,94.2,2.2,63,73,73,209.0,higher secondary,Y,P
8162,Farhan Rahman,17,MALE,Rajshahi,8,89.2,6.0,61,54,82,197.0,graduate,no,F
5081,Rakib Talukder,16,M,Dhaka ,10,95.6,1.0,38,71,58,167.0,Primary,0,F
2282,Farhan Talukder,11,Male,Barisal,10,76.4,4.9,50,39,86,175.0,Post Graduate,Yes,Fail
4005,Shila Das,17,Male,Rajshahi ,9th,92.1,5.1,65,42,34,141.0,primary,n/a,Fail
1635,Anik Rahman,14,Male,SYLHET,6th,97.3,3.7,64,83,45,192.0,PRIMARY,,F
7351,Nadia Ahmed,15,Female,Khulna,Ten,76.6,3.3,93,46,45,184.0,higher secondary,yes,PASS
8601,Nusrat Chowdhury,16,,Rangpur,06,97.1,3.1,70,64,93,227.0,Graduate,Y,pass
5463,Kabir Chowdhury,14,female,rajshahi,Ten,87.9,4.2,84,41,43,168.0,graduate,yes,F
485,Rahim Sarker,17,Other,CHATTOGRAM,Seven,86.9,2.0,55,35,33,123.0,illiterate,Y,Fail
5646,Zayed Talukder,18,F,Rajshahi ,10th,95.0,2.8,31,39,72,142.0,Post Graduate,NO,P
7764,Rafi Talukder,12,F,CHATTOGRAM,06,69.6,3.7,63,95,60,218.0,N/A,YES,PASS
1096,Rafi Chowdhury,16,O,khulna,9th,78.4,2.6,53,75,51,179.0,secondary,Y,F
5616,Ayesha Sarker,17,O,Chattogram,8th,99.5,1.3,55,70,32,,Unknown,Y,FAIL
2681,Riya Chowdhury,17,FEMALE,khulna,9th,86.5,2.2,38,83,,121.0,Unknown,no,F
1084,Rupa Sarker,12,other,Ctg,Ten,81.1,1.5,76,55,86,217.0,Illiterate,yes,
3334,Fatema Sarker,18,other,Rajshahi ,9,78.8,0.3,60,63,36,159.0,Post Graduate,1,FAIL
8312,Nusrat Talukder,11,Male,Khulna,7th,83.8,4.5,77,68,59,204.0,Illiterate,No,Fail
734,Lima Talukder,13,FEMALE,SYLHET,06,85.4,4.1,48,93,35,176.0,graduate,Yes,FAIL
1418,Arif Hossain,14,male,Khulna,7th,89.1,1.8,91,58,61,,illiterate,No,Pass
8273,Farhan Sarker,16,,Rangpur,9th,74.6,2.4,94,51,70,215.0,Illiterate,0,Fail
2430,Zayed Chowdhury,11,other,Rajshahi ,7th,84.6,3.2,39,36,65,,higher secondary,NO,fail
1067,Tamim Khan,11,other,Ctg,9,93.7,1.2,59,82,92,233.0,graduate,NO,Fail
1901,Hasan Khan,14,Other,Barishal,10th,81.8,3.8,90,63,68,221.0,Post Graduate,YES,PASS
7016,Momo Sarker,17,,Mymensign,Ten,89.1,1.2,75,81,95,error,Illiterate,Yes,pass
972,Fatema Sarker,17,Male,SYLHET,7,98.3,5.0,64,60,57,181.0,illiterate,yes,FAIL
2781,Kabir Khan,fifteen,F,barisal,10,77.0,5.0,97,36,69,202.0,unknown,yes,
5243,Nusrat Hossain,16,Female,Mymensign,10th,86.8,2.1,62,77,96,235.0,,0,Pass
188,Karim Akter,13,Female,DHAKA,7,83.3,1.8,85,92,75,252.0,N/A,0,
4065,Sadia Chowdhury,13,other,  Dhaka,Six,,2.3,34,31,80,145.0,higher secondary,YES,Pass
1755,Imran Ahmed,13,F,Chattogram,Ten,85.5,2.8,30,95,93,218.0,Primary,No,fail
4763,Rahim Ahmed,15,Male,SYLHET,9th,78.2,3.3,58,60,31,149.0,GRADUATE,NO,Pass
7849,Karim Hossain,12,female,Mymensingh,10,83.7,2.9,41,51,87,,Unknown,Yes,F
4545,Karim Khan,16,Other,Rangpur,9,79.7,0.2,64,61,31,156.0,higher secondary,NO,
9442,Sadia Islam,18,Male,Sylhet,06,75.6,3.3,61,30,36,127.0,graduate,1,F
831,Fatema Akter,15,male,CHATTOGRAM,Ten,96.4,3.2,76,71,80,227.0,Primary,yes,F
5295,Sabbir Akter,14,other,Mymensingh,Seven,63.4,3.8,63,42,34,139.0,Higher Secondary,,FAIL
5495,Jannat Das,11,male,khulna,8th,83.9,0.2,64,77,37,178.0,GRADUATE,0,P
1926,Hasan Islam,18,,mymensingh,10,100.1,0.7,75,98,60,233.0,Graduate,N,pass
9224,Rahim Hossain,16,Female,Mymensign,7,76.4,5.2,58,55,37,150.0,illiterate,,PASS
8381,Nusrat Khan,12,MALE,Barisal,10,74.7,2.1,45,72,93,210.0,higher secondary,yes,Pass
7829,Mitu Akter,14,Other,CHATTOGRAM,Ten,70.5,3.8,35,67,87,189.0,Illiterate,Yes,Fail
2927,Tanvir Islam,13,Other,Rajshahi,Eight,,4.1,71,58,95,224.0,Unknown,n/a,FAIL
4774,Tamim Talukder,17,Male,Khulna,10,103.6,1.3,83,81,42,206.0,higher secondary,0,PASS
7562,Kabir Rahman,13,other,Chittagong,Nine,89.7,4.8,52,94,69,215.0,Primary,0,FAIL
STU-02645,Hasan Ahmed,14,other,sylhet,9,-7.8,3.2,73,83,80,236.0,Unknown,No,fail
9051,Tamim Sarker,11,,CHATTOGRAM,10th,72.9,6.4,42,32,61,135.0,unknown,1,Pass
6063,Kabir Sarker,13,Other,barisal,6,96.7,6.6,31,88,92,211.0,N/A,Yes,FAIL
4981,Rupa Chowdhury,18,O,Rangpur,8,94.4,4.7,61,54,92,207.0,GRADUATE,No,PASS
54,Farhan Rahman,14,O,sylhet,6,84.5,3.8,35,76,84,195.0,PRIMARY,No,PASS
6810,Tanvir Chowdhury,12,,KHULNA ,Seven,90.0,4.1,98,56,46,200.0,Post Graduate,Yes,pass
2457,Jannat Sarker,18,other,CHATTOGRAM,10,91.8,3.1,76,61,82,219.0,illiterate,no,pass
9747 ,Lima Talukder,14,M,Khulna,7,84.9,2.9,52,63,51,166.0,secondary,yes,FAIL
6022,Hasan Khan,17,other,Dhaka ,6,72.6,2.5,55,55,59,,primary,NO,Fail
8378,Bristi Rahman,13,Other,barisal,8th,106.1,1.9,98,93,81,272.0,primary,1,Fail
8841 ,Jannat Chowdhury,13,FEMALE,mymensingh,7th,88.8,3.7,55,58,31,153.0,postgraduate,Yes,
3022,Sabbir Hossain,17,Male,Dacca,10,107.9,1.7,66,82,45,193.0,primary,,FAIL
9499,Hasan Das,14,O,Rajshahi ,Ten,74.1,1.3,69,46,79,194.0,higher secondary,No,Fail
6706,Nadia Rahman,16,MALE,Rangpur,7th,96.9,2.5,51,61,70,182.0,GRADUATE,YES,fail
564,Shila Khan,11,FEMALE,Rajshahi ,Ten,N/A,3.6,,94,58,152.0,Secondary,no,
912,Sadia Rahman,17,FEMALE,rangpur,10,,3.5,64,75,71,210.0,graduate,no,Pass
6169,Rupa Hossain,18,FEMALE,mymensingh,6th,60.0,1.7,35,30,62,127.0,Illiterate,N,fail
5917,Hasan Das,17,female,Rangpur,Seven,79.3,5.4,37,34,52,123.0,N/A,0,Pass
7418,Shila Das,17,O,  Dhaka,Nine,69.2,2.8,30,77,39,146.0,graduate,N,
8197 ,Mitu Akter,18,F,Barishal,8th,77.7,3.8,60,96,85,241.0,GRADUATE,n/a,
5891,Jannat Talukder,18,,Dacca,10th,89.9,3.5,43,32,86,161.0,N/A,YES,P
6961,Fatema Das,13,Other,khulna,8th,86.2,4.2,69,38,31,138.0,graduate,0,fail
1057 ,Priya Chowdhury,13,,dhaka,9,92.3,2.0,63,54,97,214.0,GRADUATE,Yes,fail
541,Mim Talukder,17,F,DHAKA,8th,87.9,2.6,81,76,92,249.0,secondary,1,
6408,Momo Talukder,18,MALE,Rangpur,7,63.1,3.1,41,91,59,180.0,Unknown,no,FAIL
6503,Riya Khan,15,Other,Chattogram,9,78.2,2.0,43,44,68,155.0,Illiterate,,FAIL
8371,Nusrat Chowdhury,15,O,Rajshahi,6th,97.7,1.6,41,42,131,214.0,graduate,,Fail
7547,Farhan Khan,11,male,Chittagong,Nine,68.4,2.3,76,79,65,220.0,Primary,no,Pass
9421,Nusrat Talukder,12,Female,Mymensingh,Eight,73.5,2.9,56,97,96,,Post Graduate,,Fail
6460,Tanvir Islam,15,M,Rajshahi ,06,84.4,29.8,72,55,96,223.0,unknown,n/a,FAIL
9609 ,Jannat Chowdhury,16,Other,  Dhaka,Six,87.9,3.3,97,57,59,213.0,unknown,1,
3369,Hasan Talukder,15,M,Rajshahi ,06,85.8,3.0,56,74,92,222.0,Graduate,Y,fail
3709,Lima Das,15,O,Dhaka,10th,94.6,3.1,30,42,83,155.0,Graduate,n/a,FAIL
1178,Mitu Akter,12,F,SYLHET,8th,86.0,0.2,97,91,80,268.0,Primary,1,FAIL
246,Kabir Chowdhury,12,Male,SYLHET,7th,86.4,3.7,86,68,85,239.0,N/A,n/a,fail
2540,Sadia Rahman,18,Male,Rajshahi,9,96.3,2.9,46,70,64,180.0,unknown,N,FAIL
7985,Rakib Khan,15,MALE,Khulna,Six,81.8,2.6,38,32,90,160.0,Unknown,0,PASS
5699,Sohan Das,18,M,sylhet,8th,87.6,2.2,99,74,54,227.0,postgraduate,0,P
8522,Rakib Rahman,11,Other,chittagong,6th,84.5,5.4,-16,73,79,136.0,Unknown,YES,F
5561,Imran Das,13,M,khulna,Eight,80.0,3.9,71,35,53,159.0,Illiterate,no,Pass
8019,Sadia Akter,13,other,Khulna,9,89.1,2.9,75,52,49,176.0,illiterate,1,
5511,Kabir Islam,12,FEMALE,barisal,Eight,78.7,3.4,38,41,45,124.0,postgraduate,N,
2335,Karim Ahmed,14,other,Mymensingh,6,97.9,3.2,78,50,,128.0,Secondary,Yes,fail
6940,Rafi Chowdhury,17,M,Khulna,7th,81.7,2.6,95,41,86,222.0,Graduate,No,Fail
5348,Sabbir Sarker,12,male,Barishal,9th,68.0,1.7,43,86,77,206.0,PRIMARY,YES,
1355,Karim Khan,12,Male,Mymensign,Eight,83.4,1.6,85,60,88,233.0,primary,1,PASS
43,Sabbir Ahmed,15,FEMALE,Dacca,7,91.1,2.5,66,53,75,194.0,Unknown,no,fail
3243,Zayed Ahmed,14,MALE,  Dhaka,7th,102.4,1.5,63,42,36,141.0,,no,PASS
1897 ,Sadia Khan,17,F,dhaka,7,71.1,3.1,39,42,76,157.0,Post Graduate,yes,
7992,Farhan Akter,17,male,,10,76.9,2.5,34,82,41,157.0,graduate,Yes,P
5493,Rahim Hossain,13,FEMALE,Mymensingh,9,76.3,2.4,52,73,73,198.0,Illiterate,NO,fail
8111,Lima Talukder,17,other,rangpur,Nine,92.9,0.0,43,-13,40,70.0,Higher Secondary,Yes,Pass
STU-09529,Jannat Islam,13,male,Dacca,Six,86.7,3.4,76,65,64,,graduate,,FAIL
8588,Anik Akter,18,Male,dhaka,8,70.0,2.3,30,43,39,112.0,graduate,yes,pass
1403,Sadia Khan,11,male,Barisal,06,72.3,3.7,95,79,43,217.0,Higher Secondary,n/a,fail
6274,Imran Islam,15,Male,sylhet,Six,96.6,4.0,94,85,79,258.0,PRIMARY,1,F
8401,Nadia Hossain,11,other,Ctg,9th,104.3,24.4,49,,51,100.0,unknown,0,FAIL
8020 ,Ayesha Ahmed,14,,rajshahi,8th,96.6,5.2,63,79,76,218.0,,yes,fail
2902,Momo Hossain,16,male,Mymensign,6th,92.2,5.5,64,84,95,243.0,Primary,1,pass
2173,Karim Khan,12,male,Rangpur,Nine,96.1,4.1,90,43,50,183.0,higher secondary,YES,F
7846,Hasan Talukder,16,female,barisal,10th,68.2,2.7,52,77,84,213.0,Graduate,no,F
5352,Rahim Hossain,18,O,Sylhet,6th,83.7,5.0,71,47,32,150.0,Graduate,NO,fail
4399,Imran Akter,13,Other,Sylhet,8,76.1,3.2,96,57,73,226.0,Graduate,NO,pass
9752,Rakib Khan,11,other,mymensingh,06,91.8,2.7,34,72,76,182.0,primary,n/a,pass
422,Kabir Chowdhury,14,,Barishal,8th,92.0,2.5,97,47,58,202.0,GRADUATE,Y,PASS
7192,Arif Rahman,14,other,Rangpur,9th,93.1,2.1,87,78,93,258.0,Higher Secondary,0,P
8608,Bristi Sarker,11,FEMALE,khulna,9th,77.8,21.3,61,49,90,200.0,illiterate,no,
7526,Lima Akter,15,F,Mymensingh,8th,81.9,2.9,87,72,66,225.0,secondary,No,Pass
6427,Nusrat Hossain,16,female,rajshahi,10th,76.7,1.7,51,42,51,144.0,,N,Fail
2884,Mitu Akter,17,O,khulna,6,99.4,4.6,45,69,59,,Primary,yes,pass
4048,Sabbir Das,17,Other,Mymensingh,9,86.4,5.2,65,78,73,216.0,Illiterate,N,F
5611,Anik Akter,14,male,Dhaka,9,68.5,23.8,60,98,66,224.0,N/A,No,Fail
131,Tamim Rahman,17,MALE,Mymensingh,7th,70.2,27.0,93,44,58,195.0,PRIMARY,Y,FAIL
4715,Farhan Das,11,MALE,Mymensign,9,83.1,3.7,65,40,50,155.0,primary,Yes,FAIL
6107,Sohan Islam,15,Other,Rangpur,7,91.1,2.4,71,50,31,152.0,Higher Secondary,N,Pass
7990,Tamim Hossain,13,F,mymensingh,9th,86.5,5.2,32,88,91,211.0,unknown,,FAIL
7341,Tanvir Rahman,15,Female,Rajshahi ,Ten,95.8,4.4,42,67,87,196.0,Graduate,0,FAIL
7177,Tamim Islam,15,MALE,barisal,06,101.4,4.8,74,50,82,206.0,unknown,yes,FAIL
5066,Sadia Chowdhury,13,Other,Mymensingh,10th,82.4,4.6,35,80,43,158.0,Higher Secondary,Yes,FAIL
4022,Farhan Rahman,14,female,Rajshahi,Seven,90.9,4.0,67,87,34,188.0,Post Graduate,no,F
3854,Rupa Khan,16,MALE,rangpur,Eight,78.3,3.8,61,59,182,302.0,Illiterate,yes,F
4601,Momo Akter,14,MALE,Ctg,8,81.5,3.6,30,88,63,181.0,Secondary,,F
7187,Bristi Chowdhury,17,FEMALE,Chattogram,6th,-34.0,2.3,91,54,92,237.0,primary,N,
8685,Hasan Islam,17,F,Dhaka,9,84.5,1.5,,40,96,136.0,Illiterate,1,Fail
3919,Karim Chowdhury,-2,female,Rangpur,06,74.9,1.9,71,35,38,144.0,Unknown,Y,fail
7916,Sabbir Ahmed,18,O,chittagong,7th,83.1,5.4,33,66,35,134.0,Secondary,no,pass
4931,Nadia Islam,17,,chittagong,9th,88.5,-3.7,93,62,67,222.0,secondary,no,Pass
8441,Fatema Akter,13,M,barisal,Ten,86.6,5.3,50,66,-17,error,graduate,0,F
6118,Ayesha Hossain,12,M,chittagong,Nine,,4.9,31,53,72,156.0,,0,PASS
248,Shila Akter,14,other,  Dhaka,9,75.6,4.0,37,30,,67.0,primary,Y,Fail
7549,Kabir Ahmed,14,M,Rajshahi ,8th,76.3,4.1,71,50,61,182.0,postgraduate,Yes,Pass
9185,Sabbir Islam,11,M,SYLHET,Nine,88.9,3.1,98,57,68,,primary,YES,
6640,Farhan Hossain,14,M,sylhet,Ten,79.3,3.5,61,98,80,239.0,PRIMARY,1,FAIL
3132,Sabbir Das,17,male,SYLHET,Nine,93.3,6.1,63,51,81,195.0,graduate,no,F
7068,Arif Talukder,12,other,mymensingh,10th,76.0,3.3,50,95,88,233.0,illiterate,Y,Fail
8135,Rafi Chowdhury,12,FEMALE,Rangpur,Ten,80.3,3.5,75,84,99,258.0,higher secondary,No,Fail
7321,Arif Chowdhury,11,O,mymensingh,7,94.9,-0.5,56,68,59,183.0,secondary,yes,Fail
9729,Ayesha Ahmed,14,F,barisal,06,63.4,1.9,90,32,58,180.0,postgraduate,NO,P
6621,Rafi Rahman,14,Other,  Dhaka,10th,88.7,0.8,30,66,78,174.0,N/A,n/a,FAIL
5110,Lima Khan,-4,Male,Dhaka,Seven,82.0,2.8,87,83,67,237.0,Illiterate,Y,PASS
2421,Riya Das,18,O,Rangpur,Ten,82.2,0.5,44,66,33,143.0,GRADUATE,No,P
9234,Farhan Chowdhury,14,M,barisal,7,77.8,2.9,39,70,90,199.0,secondary,Yes,Pass
3654,Rakib Islam,13,,barisal,7th,105.3,4.2,44,68,99,211.0,Secondary,0,Fail
893,Nadia Ahmed,12,MALE,Rangpur,9,86.9,4.6,62,76,42,180.0,Unknown,,
1336,Priya Akter,15,F,Dacca,7th,85.6,2.3,97,76,83,239.0,PRIMARY,0,fail
3340,Rupa Das,17,Female,Rangpur,06,75.8,1.9,81,41,91,213.0,illiterate,NO,PASS
3917,Tamim Chowdhury,13,,,06,76.5,3.4,62,30,57,149.0,secondary,Yes,pass
4664,Rahim Chowdhury,17,Female,Dhaka ,9,65.3,2.4,74,76,63,213.0,Secondary,0,Pass
397 ,Rupa Das,16,Other,dhaka,6th,70.0,4.1,85,78,42,205.0,higher secondary,YES,FAIL
7683,Momo Das,18,Male,rangpur,9,76.6,4.5,50,66,41,157.0,higher secondary,yes,F
8533,Ayesha Chowdhury,11,male,,Eight,88.3,3.0,46,92,43,181.0,Unknown,0,Fail
2129,Riya Ahmed,14,,Sylhet,Ten,,3.2,54,70,93,217.0,higher secondary,YES,Fail
7196,Lima Islam,17,other,rangpur,9,78.4,4.0,91,88,42,221.0,illiterate,Y,Fail
8215,Tanvir Rahman,17,O,KHULNA ,10th,76.5,4.0,44,71,33,148.0,unknown,Yes,fail
3846,Imran Islam,12,Other,sylhet,9th,86.2,3.4,96,84,67,247.0,Secondary,n/a,PASS
6411,Nadia Rahman,12,female,Barisal,8,83.9,-3.6,71,78,78,227.0,illiterate,No,FAIL
5375,Riya Sarker,14,Male,Rangpur,7th,99.9,1.0,99,68,86,253.0,,Yes,P
7836,Shila Islam,15,other,Mymensign,Seven,148.1,4.8,,84,31,115.0,Post Graduate,Y,P
3688,Farhan Rahman,18,M,Chittagong,9,73.5,3.7,95,73,67,235.0,higher secondary,no,Pass
9837,Lima Islam,16,FEMALE,Rajshahi ,6,76.8,2.4,37,92,49,178.0,Higher Secondary,N,fail
4703,Nusrat Ahmed,12,Female,Mymensingh,9,67.3,4.5,absent,47,34,81.0,GRADUATE,n/a,FAIL
4016,Tamim Khan,15,Other,CHATTOGRAM,Seven,94.5,-2.6,98,51,94,243.0,Post Graduate,1,Pass
906,Bristi Chowdhury,16,male,SYLHET,10th,98.5,5.2,98,87,71,256.0,,1,P
4484,Rahim Talukder,13,Female,Rangpur,9th,74.9,2.1,80,92,37,209.0,Post Graduate,YES,fail
2464,Sohan Talukder,16,Male,Chattogram,06,102.7,-0.0,41,70,58,169.0,Post Graduate,Y,P
8326,Mitu Sarker,11,FEMALE,rajshahi,6th,78.6,2.1,65,64,58,187.0,GRADUATE,yes,Fail
5604,Mitu Sarker,17,O,KHULNA ,7th,98.4,5.0,79,68,83,230.0,postgraduate,YES,FAIL
8656,Fatema Sarker,12,M,DHAKA,Eight,76.0,1.6,88,46,-31,103.0,Graduate,1,PASS
6360,Shila Islam,14,Female,rangpur,8,83.9,2.7,97,74,38,209.0,Primary,yes,fail
2259,Imran Rahman,17,MALE,rangpur,Seven,85.8,3.3,81,77,97,255.0,primary,No,P
5750,Momo Islam,11,MALE,Rajshahi ,Seven,85.4,4.4,88,59,96,243.0,GRADUATE,,P
7665,Bristi Rahman,14,Male,Dacca,Seven,78.9,4.2,175,89,51,315.0,higher secondary,No,Pass
2533,Imran Rahman,17,Male,Ctg,Ten,82.2,3.8,79,57,97,233.0,primary,Y,fail
7470 ,Tanvir Rahman,15,MALE,sylhet,9th,91.4,3.0,38,61,37,136.0,Unknown,n/a,FAIL
4316,Mitu Ahmed,248,,Rangpur,7th,89.7,2.8,75,73,53,201.0,Illiterate,1,Pass
4178,Tamim Rahman,17,other,Mymensingh,7th,92.2,2.2,55,36,44,135.0,Graduate,Yes,pass
3292,Shila Das,14,Male,khulna,7,92.6,4.8,32,48,82,162.0,unknown,no,pass
9258,Nadia Sarker,17,female,Ctg,9th,72.3,1.6,44,76,85,205.0,Post Graduate,N,P
5668,Bristi Rahman,,other,Ctg,Eight,79.3,3.2,57,47,76,180.0,unknown,YES,pass
2012,Sadia Sarker,11,Male,  Dhaka,Ten,85.4,3.5,44,42,33,119.0,graduate,YES,pass
9847,Rafi Das,14,FEMALE,rangpur,7th,79.6,3.2,96,82,94,272.0,primary,Yes,
5827,farhan rahman,13,female,rajshahi,7th,76.2,1.4,66,45,33,144.0,GRADUATE,No,fail
8143,Rahim Hossain,12,M,Rangpur,Ten,90.7,2.7,51,53,41,145.0,N/A,No,pass
1232,Tanvir Ahmed,17,,Rangpur,Six,91.4,2.1,97,92,93,282.0,Illiterate,0,Pass
8708,Farhan Rahman,15,other,Rajshahi,Seven,86.6,2.1,62,82,65,209.0,Higher Secondary,NO,fail
7133,Nusrat Das,15,O,dhaka,Six,62.8,2.5,56,99,70,225.0,Unknown,N,FAIL
9814,Lima Hossain,16,male,mymensingh,8th,91.8,2.1,126,55,95,276.0,secondary,0,pass
6388,Fatema Talukder,17,F,Dacca,Six,73.1,1.8,53,34,-3,84.0,,YES,PASS
STU-09392,Riya Das,17,female,khulna,7,88.8,4.2,63,absent,85,,illiterate,yes,FAIL
4464,Ayesha Das,16,FEMALE,barisal,10,73.1,2.5,84,81,66,231.0,unknown,NO,P
1302,Mim Hossain,15,other,KHULNA ,7th,91.4,3.1,33,68,83,184.0,Post Graduate,0,Pass
3187,Rafi Hossain,,other,chittagong,10th,98.0,2.9,69,75,71,215.0,PRIMARY,yes,Pass
3325,Bristi Islam,18,FEMALE,Dhaka,10,97.6,1.3,68,84,65,217.0,higher secondary,N,FAIL
3175,Farhan Ahmed,13,O,sylhet,Seven,82.1,1.7,70,77,68,215.0,,YES,pass
8164,Tamim Das,12,Other,Rajshahi ,9,98.0,3.1,45,43,34,122.0,secondary,Y,fail
3789,Mim Akter,18,,sylhet,6th,100.1,1.9,80,36,71,187.0,graduate,YES,pass
8927,Rakib Ahmed,17,Other,rangpur,8th,81.5,3.6,35,40,120,195.0,Post Graduate,Yes,P
1904,Momo Islam,15,Other,mymensingh,9th,76.6,,51,44,44,139.0,Secondary,,pass
3625,Anik Das,13,M,Barisal,9th,87.8,2.7,81,72,48,201.0,Higher Secondary,no,PASS
155,Tanvir Akter,11,Female,sylhet,06,79.8,3.7,37,63,64,164.0,N/A,Y,pass
4726 ,Lima Rahman,12,Female,Mymensign,9th,84.7,2.0,88,76,78,242.0,Unknown,N,fail
4318,Bristi Hossain,11,Female,Barishal,Nine,90.9,1.6,62,,56,118.0,graduate,No,P
1335,Sabbir Rahman,14,Other,DHAKA,Eight,74.9,3.3,184,62,34,280.0,GRADUATE,YES,fail
4620,Sadia Ahmed,18,F,KHULNA ,9,,3.2,58,72,34,164.0,Graduate,yes,Fail
8079,Farhan Das,17,other,dhaka,06,80.2,,99,98,37,234.0,Secondary,,PASS
5130,Rahim Rahman,16,Male,CHATTOGRAM,6,82.3,4.9,49,51,59,159.0,Higher Secondary,YES,F
3686,Rupa Talukder,11,Female,Rangpur,Nine,96.2,2.9,51,46,48,145.0,Secondary,0,pass
4887,Kabir Talukder,14,male,Ctg,8,91.4,3.9,34,95,34,163.0,primary,NO,F
5971,Lima Khan,14,Male,Barishal,Ten,81.8,,78,81,39,198.0,N/A,No,Pass
3548,Sabbir Hossain,16,Female,Rajshahi,10,81.4,4.4,85,76,32,193.0,higher secondary,No,PASS
6219,Kabir Ahmed,13,Other,Mymensingh,Nine,61.2,1.4,80,32,85,197.0,Post Graduate,n/a,P
9532,Rupa Ahmed,14,male,Mymensingh,Six,84.3,2.4,87,35,79,,illiterate,,Fail
1621,Mim Chowdhury,14,MALE,DHAKA,06,82.4,2.8,83,86,49,218.0,illiterate,No,Fail
6195,Ayesha Das,13,male,Dhaka,06,92.2,3.1,36,39,44,119.0,Graduate,yes,FAIL
7709,Sohan Islam,14,Female,Sylhet,Nine,80.2,2.6,31,82,41,154.0,illiterate,N,F
4929,Momo Islam,17,O,Barishal,06,60.3,1.4,35,94,51,180.0,graduate,,fail
8688,Riya Islam,12,other,Rangpur,8,78.7,3.9,96,61,98,,Secondary,Yes,FAIL
3611,Mitu Talukder,17,Female,Rangpur,10,84.8,1.9,56,42,95,193.0,Unknown,N,P
6948,Tamim Islam,17,M,Ctg,9th,89.5,3.2,95,121,41,257.0,Post Graduate,0,fail
9494,Zayed Rahman,16,MALE,SYLHET,06,92.5,3.0,66,,54,120.0,PRIMARY,No,fail
6175,Jannat Islam,12,Male,mymensingh,Eight,82.2,2.3,88,-30,83,141.0,Secondary,N,pass
3216,Arif Ahmed,11,male,SYLHET,06,88.3,4.3,97,89,32,218.0,Secondary,n/a,pass
9602,Fatema Khan,13,Female,Khulna,7,75.9,2.4,89,85,93,267.0,postgraduate,n/a,FAIL
7642,Lima Akter,11,other,chittagong,10th,,4.8,77,66,62,205.0,GRADUATE,n/a,PASS
5264,Sohan Rahman,17,female,sylhet,06,91.0,4.6,32,48,47,127.0,Higher Secondary,YES,Pass
450,Nusrat Akter,18,,Rajshahi ,8,59.8,5.7,82,53,51,186.0,postgraduate,No,PASS
7359,Rahim Akter,16,other,rangpur,Nine,74.7,,68,49,44,161.0,secondary,Y,Fail
6208,Hasan Ahmed,18,FEMALE,  Dhaka,10,84.3,5.3,77,37,51,165.0,primary,No,
9326,Arif Rahman,16,O,  Dhaka,7th,83.8,-0.4,68,39,76,183.0,Graduate,Yes,pass
5572,Fatema Das,219,Male,Barisal,06,78.5,0.3,34,43,80,157.0,Illiterate,0,F
8303,Hasan Talukder,13,FEMALE,Rajshahi ,Six,81.5,1.5,88,99,87,274.0,Post Graduate,0,fail
2779,Nusrat Talukder,11,F,chittagong,6th,75.4,2.0,51,81,44,176.0,N/A,yes,Fail
3550,Bristi Islam,16,other,sylhet,Ten,87.3,2.9,82,78,78,238.0,graduate,yes,pass
3764,Arif Akter,17,Female,khulna,9th,90.7,3.0,68,40,86,194.0,Higher Secondary,n/a,pass
5527,Sadia Sarker,16,female,sylhet,Ten,89.9,1.5,53,60,57,,Secondary,,pass
9776,Arif Ahmed,13,,  Dhaka,Seven,91.2,3.0,43,77,73,193.0,unknown,N,Fail
76,Momo Islam,15,female,rangpur,Nine,79.9,1.0,56,95,34,185.0,illiterate,yes,FAIL
5430,Priya Hossain,15,MALE,Sylhet,Eight,79.4,28.6,34,95,78,207.0,Unknown,n/a,PASS
877,Lima Islam,14,Other,Rajshahi,6th,98.1,3.2,46,46,96,188.0,secondary,0,pass
2141,Sohan Das,15,F,KHULNA ,10,90.2,2.0,85,60,64,209.0,Primary,0,
5047,Hasan Khan,13,M,Chittagong,9,96.9,2.9,68,66,83,217.0,graduate,No,PASS
6216,Mim Ahmed,15,other,Barishal,Ten,78.9,26.3,79,93,32,204.0,primary,n/a,F
2182,Zayed Khan,18,male,Sylhet,7th,98.9,4.0,44,73,38,155.0,Graduate,Yes,PASS
4284,Nusrat Chowdhury,13,MALE,khulna,7,92.5,-1.9,50,76,31,157.0,Higher Secondary,Y,Fail
2022,Rahim Hossain,18,F,Rajshahi,9th,97.6,4.5,56,44,98,198.0,Illiterate,YES,PASS
6480,Hasan Talukder,12,male,Rangpur,10,75.4,0.3,39,91,37,167.0,Unknown,Yes,P
2342,Bristi Islam,12,O,Chittagong,Seven,77.6,4.2,97,71,88,256.0,graduate,yes,F
2676,Nusrat Islam,17,M,Mymensign,8,74.0,3.9,92,90,78,260.0,secondary,Y,pass
5884,Sadia Akter,fifteen,FEMALE,rajshahi,Nine,83.5,6.1,34,78,80,207.0,Post Graduate,no,FAIL
8132,Rupa Khan,11,Other,Khulna,10,101.0,4.3,78,38,55,171.0,higher secondary,0,P
8868,Tamim Hossain,17,O,Rangpur,Six,69.4,3.8,61,79,80,220.0,unknown,Yes,
9329,Lima Sarker,17,Female,rangpur,10,90.7,0.7,75,53,98,226.0,primary,NO,Fail
2536,Tanvir Sarker,12,,Rangpur,9,225.0,3.1,49,59,96,204.0,secondary,Y,F
1875,Bristi Islam,16,M,CHATTOGRAM,7th,83.2,,81,67,49,197.0,Graduate,NO,
1569,Rafi Akter,11,male,rangpur,Ten,87.0,3.1,41,76,96,213.0,Primary,YES,F
8089,Shila Das,12,male,sylhet,6th,83.9,5.8,61,67,68,196.0,GRADUATE,n/a,Pass
5787,Rupa Rahman,14,female,Khulna,10,98.5,1.2,60,53,50,163.0,primary,Yes,PASS
1198,Rupa Hossain,11,MALE,rajshahi,10th,85.7,1.8,39,76,43,158.0,PRIMARY,1,FAIL
8305,Anik Talukder,11,,Dacca,6th,92.1,3.4,32,80,,112.0,primary,,PASS
5365,Rahim Das,13,MALE,Rangpur,7,77.2,4.0,82,39,90,211.0,N/A,YES,PASS
5193,Lima Chowdhury,16,F,khulna,Nine,95.8,3.8,83,92,31,206.0,Post Graduate,N,FAIL
7648,Momo Chowdhury,13,MALE,CHATTOGRAM,Seven,74.3,1.8,64,92,33,189.0,Primary,Y,fail
9625,Mim Ahmed,13,FEMALE,barisal,8,89.1,2.0,64,,82,141.0,secondary,yes,F
349,Arif Hossain,12,Other,Sylhet,10th,88.5,5.5,44,77,50,171.0,Secondary,yes,pass
STU-04231,Rakib Khan,11,Female,sylhet,7th,84.6,2.3,91,50,66,207.0,unknown,yes,PASS
8680,Rahim Akter,15,O,Barishal,8,92.2,3.6,68,60,65,193.0,PRIMARY,N,Fail
5305,Nusrat Sarker,18,Female,rangpur,6,90.9,2.0,45,59,93,197.0,Higher Secondary,yes,pass
9570,Shila Chowdhury,16,Other,khulna,Nine,69.4,-0.2,52,82,69,203.0,PRIMARY,Y,Pass
8527,Nadia Das,15,FEMALE,Rajshahi ,7th,83.2,1.2,60,55,92,207.0,GRADUATE,No,P
8548,Rafi Hossain,16,M,Khulna,6th,89.1,2.7,81,90,31,202.0,GRADUATE,no,F
7130,Anik Das,16,Female,Rangpur,Seven,-12.8,2.6,89,48,97,234.0,Higher Secondary,YES,fail
4088,Rahim Akter,11,O,,10,100.3,4.5,89,90,90,269.0,graduate,N,PASS
3301,Ayesha Das,11,F,Barishal,8,78.4,1.3,55,-5,71,121.0,higher secondary,Yes,Fail
3295,Mim Sarker,18,O,mymensingh,8,66.2,4.3,76,73,56,,illiterate,N,FAIL
2949,Rupa Rahman,17,,Rangpur,Ten,81.8,3.5,91,92,95,278.0,postgraduate,0,P
5716,Nadia Rahman,12,male,Chattogram,Eight,75.6,1.3,64,96,94,254.0,Primary,no,
2521,Rafi Talukder,12,female,SYLHET,6th,91.1,2.4,84,48,93,225.0,Higher Secondary,no,fail
6052,Arif Khan,18,other,barisal,8th,70.1,2.8,63,86,86,235.0,secondary,No,pass
8488,Imran Ahmed,11,male,Sylhet,9th,161.7,2.7,87,31,43,161.0,PRIMARY,NO,Fail
780,Rupa Sarker,13,other,khulna,7th,71.0,3.5,76,69,80,225.0,unknown,yes,
7213,Nadia Akter,,Female,rangpur,Nine,79.0,5.4,97,,33,130.0,Post Graduate,0,FAIL
9231,Sohan Ahmed,fifteen,Female,sylhet,10,88.5,1.6,37,46,77,160.0,PRIMARY,0,F
8161,Rahim Chowdhury,15,,rangpur,6th,74.7,4.9,86,50,70,206.0,Higher Secondary,NO,fail
2754,Tanvir Sarker,12,Female,Dacca,8,84.3,3.2,60,91,85,236.0,Graduate,0,PASS
856,Priya Ahmed,13,Male,sylhet,8th,81.6,0.7,58,53,46,157.0,postgraduate,NO,Fail
7328,Rafi Hossain,15,Other,Sylhet,Nine,98.7,4.0,51,50,57,158.0,Illiterate,Y,F
1671,Tamim Akter,12,,DHAKA,10,96.9,1.6,33,43,49,125.0,PRIMARY,Y,FAIL
8476,Sabbir Sarker,16,male,CHATTOGRAM,6,88.0,5.8,94,85,64,243.0,illiterate,no,Fail
3894,Sadia Chowdhury,17,M,Rangpur,7,88.4,3.3,85,38,98,221.0,Primary,1,P
6170,Arif Khan,16,other,Rajshahi,10th,88.5,2.6,58,52,73,183.0,,Yes,FAIL
3321,Nusrat Akter,11,O,sylhet,6th,85.4,4.5,86,69,57,212.0,GRADUATE,Yes,Pass
5898,Ayesha Akter,17,female,Ctg,9th,75.5,1.4,39,99,45,183.0,graduate,no,F
452,Fatema Rahman,16,M,khulna,10th,75.4,4.4,78,86,55,,Secondary,YES,Pass
2401,Arif Chowdhury,15,MALE,Chittagong,9th,73.2,2.1,57,55,90,202.0,unknown,Yes,FAIL
3627,Momo Ahmed,17,Female,Mymensign,8th,99.8,2.3,61,84,55,200.0,Higher Secondary,No,Fail
6945,Rahim Chowdhury,13,male,Khulna,06,84.7,4.0,77,69,68,214.0,Graduate,yes,PASS
6816,Ayesha Sarker,16,F,Barishal,8th,81.6,0.1,35,54,79,168.0,higher secondary,1,fail
7080,Tamim Hossain,12,female,rangpur,9th,102.0,3.3,93,88,91,272.0,,no,PASS
3456,Karim Rahman,13,M,DHAKA,Six,85.9,4.6,40,88,63,191.0,Illiterate,YES,Fail
9245,Nadia Chowdhury,15,Female,Sylhet,9,88.4,2.2,92,74,71,237.0,Graduate,,F
4509,Nadia Akter,17,FEMALE,Rajshahi,6th,,3.4,42,absent,99,141.0,Illiterate,NO,fail
2085,Nadia Ahmed,17,O,KHULNA ,9th,90.6,2.7,91,82,53,226.0,postgraduate,n/a,
897 ,Mitu Ahmed,16,Male,SYLHET,10th,77.3,1.2,87,31,57,172.0,Post Graduate,1,pass
8252,Anik Chowdhury,16,MALE,chittagong,Eight,90.6,0.5,99,52,46,197.0,PRIMARY,Y,Pass
2374,Zayed Rahman,14,FEMALE,  Dhaka,Ten,83.9,2.6,44,30,67,141.0,higher secondary,,pass
5190,Tamim Rahman,11,male,Rajshahi ,7,89.3,1.8,30,99,83,212.0,postgraduate,no,
1833,Anik Das,12,Other,rangpur,Nine,95.8,1.5,93,41,85,219.0,higher secondary,YES,PASS
4914,Nadia Sarker,18,M,Rajshahi ,Six,91.9,3.1,83,107,83,273.0,postgraduate,1,PASS
103,Karim Talukder,15,O,rangpur,8th,79.7,1.8,90,51,50,191.0,Unknown,NO,P
2291,Shila Talukder,15,M,mymensingh,7th,73.9,4.1,47,85,74,206.0,higher secondary,YES,Fail
3276,Hasan Khan,,female,rajshahi,10th,79.6,5.8,37,36,72,145.0,Graduate,N,PASS
9694,Riya Khan,12,O,Barishal,Nine,-47.6,2.3,99,71,44,214.0,postgraduate,YES,PASS
763,Arif Rahman,15,other,SYLHET,6,85.5,2.4,45,109,89,243.0,Illiterate,no,pass
1334,Sohan Rahman,11,M,Sylhet,8,99.6,4.2,,48,32,80.0,Unknown,No,Fail
7739,Fatema Sarker,18,,Mymensingh,6th,89.9,3.8,49,44,72,165.0,Post Graduate,N,pass
1592,Sabbir Ahmed,13,female,Rajshahi,7,172.4,5.1,35,49,40,error,Unknown,1,pass
8978,Riya Rahman,14,F,sylhet,9,91.0,3.9,66,66,96,228.0,Graduate,Y,Pass
6639,Rafi Islam,12,male,Mymensign,9,80.8,4.7,91,47,39,177.0,Illiterate,no,Pass
2576,Priya Ahmed,18,M,sylhet,9th,72.9,2.0,65,63,47,175.0,GRADUATE,no,
3167,Nusrat Sarker,11,Male,Rajshahi,10th,84.5,-3.9,-20,57,74,,Post Graduate,No,P
1986,Rupa Islam,,Female,Barisal,10th,100.9,2.7,38,44,66,148.0,Illiterate,N,Fail
STU-05618,Imran Rahman,18,Male,Mymensingh,06,94.5,3.5,93,37,98,228.0,primary,Yes,F
4762,Mitu Akter,17,Male,  Dhaka,Ten,79.2,3.4,87,146,53,286.0,unknown,,pass
184,Imran Khan,14,Other,SYLHET,8th,84.8,2.2,45,85,39,169.0,secondary,n/a,PASS
6049,Rafi Talukder,18,male,KHULNA ,7,102.1,1.2,70,87,37,194.0,Unknown,YES,P
2044,Rafi Hossain,,Female,KHULNA ,06,84.9,2.7,75,38,62,175.0,Higher Secondary,0,P
1229,Karim Islam,16,O,Rangpur,10th,,4.9,45,76,73,194.0,Post Graduate,N,FAIL
843,Zayed Chowdhury,17,Male,Rajshahi ,8th,76.4,3.1,47,35,74,156.0,Unknown,,PASS
1127,Tamim Hossain,13,O,barisal,7th,108.4,2.5,76,35,45,156.0,primary,Yes,P
3908,Priya Hossain,12,Female,KHULNA ,Nine,80.6,2.2,absent,78,47,125.0,Illiterate,N,PASS
3946,Momo Das,18,MALE,Sylhet,8,75.0,5.4,53,36,35,124.0,illiterate,No,PASS
952,jannat rahman,14,female,CHATTOGRAM,9th,80.8,1.0,38,50,53,141.0,unknown,Yes,pass
2032,Momo Das,18,O,Rangpur,8th,104.1,0.7,-21,42,,21.0,PRIMARY,No,Fail
4472,Mitu Sarker,15,M,  Dhaka,10th,86.6,4.2,33,55,53,141.0,Unknown,,Fail
4166,Priya Hossain,13,F,DHAKA,10th,87.7,2.0,73,143,33,249.0,unknown,YES,pass
5565,Hasan Talukder,13,other,barisal,7,78.4,0.1,31,80,60,,N/A,No,PASS
7421,Rahim Hossain,14,Other,chittagong,6,66.3,1.9,75,75,72,222.0,higher secondary,yes,Fail
STU-09784,Nadia Sarker,15,O,,Nine,93.7,5.0,71,58,76,205.0,illiterate,Yes,F
4817,Ayesha Talukder,18,other,Rangpur,06,74.3,5.2,47,76,50,173.0,primary,Y,fail
5111,Jannat Ahmed,14,,khulna,7,77.4,1.0,37,64,45,146.0,postgraduate,Yes,Pass
7083,Sohan Islam,17,MALE,Chittagong,9,68.1,4.5,71,50,31,152.0,secondary,yes,PASS
2688,Mim Talukder,18,FEMALE,Khulna,Eight,81.0,2.9,83,47,32,162.0,Secondary,,PASS
1131,Sabbir Ahmed,17,Other,Rangpur,06,90.5,3.0,53,40,41,134.0,Post Graduate,no,Fail
1261,Kabir Chowdhury,16,F,Rangpur,8,78.4,4.6,30,99,85,214.0,N/A,n/a,
3409,Tamim Talukder,14,M,Barisal,6,71.1,5.3,40,31,69,140.0,PRIMARY,No,fail
7405,Rahim Hossain,18,FEMALE,rajshahi,7th,89.4,4.1,88,49,61,198.0,Primary,YES,Pass
8458,Ayesha Sarker,13,male,khulna,7th,69.8,5.0,49,44,93,186.0,unknown,YES,Fail
7714,sohan khan,16,FEMALE,khulna,Ten,84.5,2.9,78,46,50,174.0,Illiterate,1,F
9229,Kabir Khan,13,other,Mymensign,Ten,69.6,-0.0,95,30,36,164.0,Secondary,no,PASS
3937,Imran Rahman,17,O,rangpur,Eight,82.2,2.5,48,,33,81.0,secondary,YES,F
1741,Anik Das,17,O,barisal,6,98.5,6.1,53,44,43,140.0,illiterate,0,fail
1967,Arif Rahman,18,FEMALE,Chittagong,6,89.0,0.3,63,68,96,227.0,Secondary,0,fail
6715,Shila Islam,17,O,SYLHET,9,102.8,3.3,40,76,78,194.0,N/A,0,fail
5710,Rafi Talukder,17,O,Mymensingh,8,99.4,1.6,63,62,72,197.0,secondary,Y,Pass
8451,Nadia Sarker,18,M,Rajshahi,06,77.1,2.1,absent,43,56,99.0,Unknown,NO,Pass
5394,Anik Rahman,11,M,Dhaka,Nine,92.3,4.2,36,71,42,149.0,postgraduate,NO,fail
3868,Tanvir Khan,12,Male,SYLHET,10th,69.1,3.0,75,77,97,249.0,PRIMARY,,P
904,Karim Das,16,other,khulna,6th,80.9,5.2,60,82,54,196.0,Primary,YES,fail
7937,Riya Das,17,female,Rajshahi ,7,79.1,4.4,35,-6,46,75.0,Unknown,No,pass
6085,Nadia Ahmed,17,female,rangpur,10,102.5,3.1,95,94,65,254.0,unknown,Y,FAIL
8422,Rahim Akter,-15,other,Rangpur,8th,95.0,1.8,81,42,37,160.0,unknown,Y,FAIL
3058,Rafi Islam,13,other,Rangpur,Nine,63.4,2.4,85,45,39,169.0,postgraduate,,F
7139,Shila Hossain,17,F,Barisal,Nine,100.4,2.0,92,85,61,238.0,Illiterate,0,pass
8038,Anik Khan,13,female,Chattogram,Seven,81.9,,58,30,86,174.0,graduate,N,P
388,Farhan Ahmed,-14,female,rangpur,Six,85.7,4.7,98,77,49,224.0,higher secondary,1,FAIL
2375,Nadia Khan,17,F,Dhaka,9th,78.3,2.8,30,40,228,298.0,primary,yes,
3554,Arif Talukder,18,female,,10,96.4,1.6,54,51,60,165.0,Secondary,Yes,Pass
6294,Priya Hossain,13,M,chittagong,Ten,98.4,1.4,-13,65,73,125.0,Graduate,Yes,FAIL
4779,Hasan Das,16,Male,Barisal,9th,77.0,5.3,79,60,94,233.0,Post Graduate,Yes,PASS
4663,Arif Akter,17,MALE,chittagong,6th,68.4,3.0,34,94,40,168.0,Illiterate,N,pass
2330 ,Ayesha Talukder,14,F,Mymensign,Ten,80.6,0.8,59,94,70,223.0,secondary,No,FAIL
2477,Sabbir Rahman,15,female,Chattogram,Eight,88.8,3.9,48,38,98,184.0,secondary,n/a,Fail
6450,Karim Talukder,15,female,rajshahi,10,76.7,3.4,63,86,33,182.0,unknown,No,fail
6564,Jannat Khan,15,,Khulna,Eight,99.9,3.6,46,69,68,,primary,YES,fail
1474,Rakib Hossain,15,MALE,rangpur,Seven,87.5,1.9,50,44,43,137.0,Post Graduate,1,fail
5412,Farhan Hossain,12,O,Dhaka,9th,66.1,3.3,78,56,85,219.0,secondary,N,pass
1916,Sohan Ahmed,18,F,dhaka,Ten,83.4,3.9,50,31,85,166.0,Post Graduate,YES,pass
7076,Sadia Khan,17,male,barisal,7th,75.6,2.1,78,77,78,233.0,postgraduate,Y,P
2937,Sadia Sarker,15,other,chittagong,10,74.9,2.4,51,48,60,,Higher Secondary,1,PASS
2360,Fatema Hossain,13,male,mymensingh,8,83.6,4.0,61,80,46,200.0,postgraduate,1,Fail
6982,Anik Khan,11,Female,rajshahi,Six,89.0,5.3,63,265,72,400.0,postgraduate,,Pass
1900,Nusrat Sarker,17,FEMALE,CHATTOGRAM,10,76.9,-4.6,43,59,73,175.0,Illiterate,YES,FAIL
3259,Hasan Ahmed,18,M,Rajshahi,10th,84.8,3.4,90,98,90,278.0,GRADUATE,,F
7732,Nadia Islam,17,female,barisal,Ten,81.4,2.3,59,45,83,187.0,unknown,n/a,fail
461,Momo Sarker,13,male,chittagong,Nine,70.6,2.7,42,42,60,144.0,N/A,yes,Fail
8245,Bristi Chowdhury,11,Female,Rajshahi,8th,88.4,4.6,80,84,45,209.0,graduate,0,Fail
1194,Karim Khan,18,O,sylhet,6th,85.6,1.8,52,76,42,170.0,illiterate,yes,F
6551,Sabbir Chowdhury,14,Female,sylhet,Ten,83.4,2.1,43,80,52,175.0,higher secondary,N,PASS
886,Sadia Ahmed,11,,Dhaka ,7th,79.0,3.3,80,39,-6,113.0,Secondary,NO,
8913,Zayed Das,18,M,Khulna,6th,90.3,3.4,45,70,94,209.0,Secondary,YES,Fail
9139,Kabir Ahmed,14,F,Khulna,6,79.5,3.9,34,93,81,208.0,Primary,Yes,F
3602,Bristi Rahman,16,male,Ctg,9th,80.0,3.3,38,99,53,190.0,N/A,0,F
344 ,Ayesha Islam,fifteen,FEMALE,KHULNA ,10,86.0,3.2,99,70,83,252.0,,NO,F
5380,Nadia Talukder,18,M,mymensingh,8th,85.7,4.7,43,87,40,170.0,primary,n/a,Fail
6434,Momo Hossain,13,female,Sylhet,Seven,101.8,4.1,35,92,,127.0,illiterate,1,
2560,Tanvir Das,16,,rangpur,9,80.8,1.7,50,83,92,225.0,primary,YES,Fail
STU-02194,Sabbir Chowdhury,15,F,CHATTOGRAM,8,91.3,4.6,43,58,37,138.0,secondary,n/a,Fail
4668,Anik Khan,12,Other,CHATTOGRAM,9th,72.4,4.6,72,95,33,200.0,Illiterate,1,
8607,Sohan Islam,12,female,DHAKA,7,118.4,4.9,35,43,88,166.0,Unknown,yes,fail
5276,Tanvir Islam,15,F,rangpur,10th,100.5,4.1,46,98,85,229.0,graduate,YES,
1778,Jannat Talukder,14,,Rajshahi,10,93.8,1.6,80,73,42,195.0,,n/a,Pass
1877,Tamim Talukder,16,Other,rangpur,9,77.7,2.2,59,80,77,216.0,Graduate,n/a,fail
5605,Rakib Das,17,female,rajshahi,7th,78.8,-3.0,87,91,77,255.0,Primary,,PASS
98,Lima Ahmed,11,other,Chittagong,10,100.0,3.1,59,80,34,173.0,N/A,yes,
7850,Lima Hossain,12,other,chittagong,Six,85.4,2.5,70,48,94,212.0,Secondary,1,pass
6209,Sadia Khan,14,Male,CHATTOGRAM,6,67.7,-4.7,98,89,67,254.0,GRADUATE,No,Pass
315,Jannat Talukder,11,Female,mymensingh,7,76.4,1.7,70,91,39,200.0,Post Graduate,YES,Fail
4711,Karim Khan,16,MALE,Sylhet,8,90.5,1.0,85,,31,116.0,postgraduate,yes,FAIL
9788,Ayesha Akter,13,other,,Seven,75.6,2.9,34,97,96,227.0,Secondary,n/a,FAIL
3810,Rahim Khan,16,O,Ctg,8,86.0,0.5,41,64,62,167.0,primary,0,fail
4054,Priya Rahman,14,other,mymensingh,Six,89.4,3.1,48,80,61,189.0,postgraduate,N,PASS
9155,Bristi Ahmed,238,F,sylhet,8th,74.7,3.5,52,73,68,193.0,Secondary,Yes,pass
8158,Jannat Hossain,16,O,rajshahi,9th,76.1,3.3,77,84,92,253.0,Illiterate,Yes,PASS
7220,Rakib Hossain,18,female,rajshahi,Eight,90.6,4.3,41,72,85,198.0,postgraduate,N,fail
7670,Farhan Chowdhury,16,female,Rajshahi ,Ten,90.9,2.3,89,63,,152.0,Unknown,Y,P
6313,Rakib Sarker,11,M,khulna,Eight,91.8,3.3,32,66,59,157.0,,YES,F
2406,Sohan Akter,15,male,Sylhet,8,87.9,1.8,66,91,37,194.0,Post Graduate,0,FAIL
1697,Sabbir Ahmed,14,male,Barisal,Nine,86.9,4.5,45,94,31,170.0,illiterate,Yes,Pass
4362,Mim Hossain,15,Female,rajshahi,9th,95.8,5.1,69,48,33,150.0,primary,N,Pass
1391 ,Nusrat Khan,12,other,Rajshahi ,8,93.1,2.1,56,41,36,133.0,Secondary,YES,FAIL
5635,Shila Talukder,16,MALE,mymensingh,8,88.3,0.8,92,33,,125.0,unknown,Yes,pass
5296,Priya Talukder,18,male,Ctg,7,76.1,1.5,46,86,60,192.0,graduate,No,Fail
5404,Ayesha Hossain,11,Female,mymensingh,10th,91.7,6.6,83,39,54,error,unknown,0,fail
2832,Anik Das,15,other,SYLHET,10,81.6,3.3,,40,51,91.0,postgraduate,no,pass
5405,Riya Hossain,12,M,Rajshahi,Six,64.3,3.3,88,56,absent,,Higher Secondary,No,P
40,Lima Rahman,-6,F,chittagong,06,93.8,2.6,56,56,50,162.0,illiterate,NO,F
1325,Rupa Islam,18,,Rangpur,Nine,83.5,4.4,79,58,68,205.0,Illiterate,N,Fail
4521,Hasan Ahmed,15,female,Chittagong,8,71.6,2.6,34,44,86,164.0,GRADUATE,No,Pass
9332,Sadia Ahmed,18,MALE,barisal,7th,88.3,1.4,63,47,64,174.0,Unknown,Yes,Fail
2675,Ayesha Talukder,14,O,khulna,Seven,89.1,3.0,-14,73,71,110.0,N/A,YES,fail
7155,Riya Chowdhury,15,MALE,KHULNA ,06,87.6,2.7,73,58,50,181.0,Graduate,,
7389,Tamim Hossain,18,other,mymensingh,6,72.5,3.8,83,65,155,303.0,unknown,0,P
8556,Sabbir Akter,13,M,Rangpur,6th,77.0,2.9,261,48,59,368.0,postgraduate,,F
5304,Fatema Das,11,FEMALE,rangpur,8,95.3,2.4,71,79,33,183.0,Graduate,Y,Fail
7706,Anik Hossain,11,,CHATTOGRAM,8,,3.4,70,34,89,193.0,Unknown,No,FAIL
2924,Sohan Sarker,14,male,Rangpur,10th,79.2,,59,71,90,220.0,unknown,N,
STU-03668,Mim Akter,11,F,Barisal,6th,77.3,3.0,30,68,90,188.0,unknown,YES,Pass
6978,Rakib Ahmed,-2,Male,khulna,06,83.2,3.7,297,58,54,409.0,primary,YES,
9668,Anik Rahman,16,MALE,sylhet,06,95.5,5.6,96,51,85,232.0,PRIMARY,n/a,Fail
7582,Ayesha Talukder,11,O,rangpur,9th,92.4,4.6,96,92,31,219.0,higher secondary,YES,Fail
102,Bristi Islam,13,Other,Rajshahi,8,89.7,3.0,90,80,48,218.0,GRADUATE,YES,
1315,Sabbir Sarker,12,female,Rajshahi,Eight,77.8,0.5,97,72,88,257.0,Post Graduate,yes,P
7930,Jannat Islam,13,female,  Dhaka,8th,73.8,3.3,absent,81,38,119.0,graduate,N,
1441,Zayed Akter,12,FEMALE,mymensingh,Eight,87.2,4.9,62,60,76,,secondary,n/a,P
9552,Tamim Akter,14,MALE,chittagong,10,80.1,2.0,84,39,75,198.0,unknown,n/a,PASS
3918,Sadia Khan,11,,barisal,8,79.7,4.7,76,42,59,177.0,,Yes,F
8396,Mitu Chowdhury,13,Female,Rangpur,Ten,111.5,2.0,93,52,71,216.0,Graduate,YES,fail
4716,Tamim Talukder,16,Other,Khulna,9,89.3,6.4,70,44,52,166.0,unknown,,
7794,Sabbir Akter,13,Male,barisal,10,86.9,1.8,43,32,59,134.0,illiterate,No,fail
3637,Rafi Sarker,15,female,khulna,Nine,83.7,7.8,37,51,50,138.0,Secondary,No,PASS
4372,Farhan Sarker,16,,rangpur,06,92.1,4.4,48,56,92,196.0,illiterate,YES,P
7944,Fatema Hossain,15,M,Sylhet,7,89.3,3.8,70,73,66,209.0,Secondary,NO,pass
221,Rahim Islam,16,FEMALE,Mymensign,Ten,78.8,3.7,75,61,83,219.0,illiterate,N,
2122,Tamim Hossain,12,F,KHULNA ,Nine,81.0,3.5,70,41,40,151.0,Graduate,0,P
5548,Sohan Sarker,12,O,rangpur,7,78.4,3.7,67,94,34,195.0,graduate,yes,P
6976,Mim Talukder,13,O,Sylhet,9,96.4,3.6,49,93,44,186.0,unknown,0,F
1573,Fatema Das,11,F,  Dhaka,7,93.1,1.7,52,75,81,208.0,Unknown,No,Pass
1164,Anik Talukder,13,Other,Sylhet,9th,91.1,2.1,43,76,71,190.0,N/A,YES,fail
7295,Farhan Islam,14,M,barisal,9,82.5,0.9,31,44,49,124.0,Higher Secondary,n/a,Fail
8996,Rahim Hossain,13,FEMALE,DHAKA,9th,93.7,4.2,61,34,35,130.0,,No,Fail
4809,Arif Chowdhury,14,other,Rajshahi ,Nine,77.3,5.1,31,50,55,136.0,illiterate,n/a,PASS
5596,Mim Talukder,12,MALE,sylhet,8th,108.5,1.1,94,85,59,238.0,Illiterate,NO,F
232,Rafi Ahmed,12,male,Mymensign,10th,71.3,2.3,83,92,36,211.0,primary,n/a,pass
STU-07260,Tanvir Akter,18,F,khulna,8,,4.9,77,64,88,229.0,graduate,YES,P
7559,Jannat Sarker,17,O,Rangpur,Eight,107.1,28.3,60,54,35,149.0,PRIMARY,No,Fail
5410,Hasan Sarker,12,Female,Sylhet,10th,104.6,3.4,74,86,66,226.0,N/A,Y,fail
2018,Mim Rahman,13,MALE,Rangpur,Eight,93.7,5.2,58,54,85,197.0,postgraduate,NO,PASS
6814,Kabir Das,14,F,mymensingh,Seven,93.0,1.9,45,48,92,,Higher Secondary,no,Pass
5471,Bristi Akter,14,F,barisal,Six,,3.4,33,92,62,187.0,N/A,,Fail
4533 ,Farhan Rahman,171,F,Chattogram,10,85.4,2.8,99,32,99,230.0,N/A,N,pass
6651,Shila Hossain,11,Male,Mymensingh,Seven,96.9,2.3,-44,81,absent,37.0,GRADUATE,n/a,F
3284,Tanvir Sarker,18,MALE,Barishal,8th,83.9,4.4,72,58,39,169.0,unknown,yes,Fail
8085,Riya Hossain,16,M,,06,-6.7,3.5,84,67,85,236.0,postgraduate,0,P
7374,Bristi Das,14,Female,  Dhaka,9,105.6,1.2,45,64,36,145.0,Secondary,1,PASS
3316,Mitu Chowdhury,-10,FEMALE,rangpur,Ten,81.0,3.9,58,75,75,208.0,GRADUATE,n/a,Fail
540,Priya Sarker,13,,Mymensign,6,102.5,5.1,70,-20,69,119.0,higher secondary,NO,pass
8856,Anik Ahmed,18,Female,Dacca,10,104.8,2.8,96,40,57,193.0,secondary,no,FAIL
1629,Bristi Hossain,11,M,Mymensign,Ten,106.1,1.7,51,45,89,185.0,higher secondary,Y,pass
7726,Kabir Sarker,13,MALE,rangpur,10,99.9,2.9,40,67,31,,primary,N,PASS
1285,Sohan Chowdhury,13,M,Barisal,7th,70.4,5.8,84,74,30,,secondary,,
7784,Tamim Akter,14,MALE,barisal,7th,89.7,2.0,64,41,77,182.0,Higher Secondary,n/a,
6917,Karim Chowdhury,13,FEMALE,dhaka,Ten,91.4,0.1,96,97,84,277.0,PRIMARY,YES,F
9116,Ayesha Akter,17,M,Rangpur,Nine,,,42,68,84,194.0,Higher Secondary,YES,F
1061,Priya Sarker,11,,mymensingh,Eight,-44.1,1.6,90,67,32,189.0,Graduate,yes,fail
2452,Hasan Hossain,16,other,rajshahi,7th,94.8,6.5,30,96,35,161.0,primary,n/a,P
STU-08551,Arif Das,fifteen,male,Rajshahi ,8th,94.6,4.7,80,57,59,215.0,PRIMARY,No,P
8872,Jannat Khan,14,,barisal,7th,101.4,1.1,-37,81,93,137.0,Primary,Y,
6909,Hasan Khan,17,other,Dhaka ,10th,75.1,0.7,31,99,57,187.0,PRIMARY,0,P
7887,Ayesha Talukder,17,FEMALE,Khulna,8th,102.7,6.0,80,62,99,241.0,Graduate,1,P
4311,Tamim Das,17,FEMALE,CHATTOGRAM,06,100.4,2.8,-41,79,36,74.0,Unknown,Yes,Pass
5977,Tamim Khan,17,MALE,Chattogram,9th,71.2,1.0,96,84,94,274.0,,yes,PASS
5696,Kabir Hossain,18,Other,Ctg,Ten,104.1,3.7,67,58,65,190.0,,no,PASS
162,Mim Ahmed,12,Other,dhaka,7,71.5,4.1,51,33,55,139.0,unknown,no,pass
7270 ,Tamim Islam,18,O,sylhet,Six,86.1,4.3,90,52,34,176.0,PRIMARY,Yes,Pass
3561 ,Mitu Khan,15,male,mymensingh,Nine,92.8,2.3,46,80,66,192.0,postgraduate,N,
4679,Rahim Chowdhury,18,female,KHULNA ,6th,86.2,2.9,72,41,61,174.0,Secondary,NO,
8354,Arif Sarker,18,F,sylhet,10,73.7,1.2,94,97,41,232.0,GRADUATE,,F
6054,Sabbir Chowdhury,12,M,Rangpur,7,79.3,1.1,59,78,50,187.0,Primary,Yes,Fail
1280,Tanvir Islam,,Male,,9th,85.5,1.8,42,48,36,126.0,Unknown,1,fail
3034,Tanvir Ahmed,17,Male,Barishal,Eight,83.3,3.7,204,76,30,310.0,postgraduate,no,fail
8709,Ayesha Talukder,15,FEMALE,Rajshahi,Seven,,4.5,,90,89,179.0,illiterate,YES,P
6243,Bristi Islam,11,male,khulna,8,88.6,2.9,33,49,64,146.0,GRADUATE,No,fail
9727,Farhan Khan,18,other,Rangpur,Seven,95.2,3.0,46,52,73,171.0,primary,0,Pass
9126,Rafi Rahman,,Female,Dhaka,9,91.6,4.7,239,65,85,389.0,illiterate,YES,PASS
3384,Anik Akter,11,F,rangpur,Ten,70.6,4.2,46,51,,97.0,Higher Secondary,NO,Fail
925,Bristi Akter,16,O,Rangpur,9th,67.0,2.4,79,62,42,183.0,Higher Secondary,Yes,FAIL
7704,Hasan Chowdhury,12,Other,Rajshahi,8th,87.7,1.9,33,35,96,164.0,postgraduate,n/a,Fail
7960,Sohan Das,15,,Rajshahi ,8th,72.9,0.7,55,56,91,202.0,Post Graduate,yes,PASS
7315,Jannat Islam,16,other,Rajshahi ,06,92.4,2.3,38,33,50,121.0,GRADUATE,Y,Fail
771,Zayed Talukder,15,Other,barisal,7th,91.2,4.6,,76,92,168.0,illiterate,no,pass
5834,Shila Hossain,14,Other,dhaka,10th,78.3,3.7,51,60,87,198.0,Unknown,n/a,Pass
3435,Lima Akter,11,FEMALE,rangpur,9th,85.7,5.9,52,99,69,220.0,unknown,Y,F
9561,Bristi Das,17,other,Mymensign,Six,69.3,2.8,30,51,42,123.0,PRIMARY,n/a,P
8815,Nadia Ahmed,16,Male,Dhaka ,06,84.8,1.9,47,39,41,127.0,Secondary,N,pass
696,Rafi Akter,16,Other,Mymensingh,7,84.0,2.4,63,42,72,177.0,postgraduate,Yes,fail
2262,Nusrat Hossain,11,Other,Sylhet,Ten,81.6,2.8,55,87,60,202.0,PRIMARY,,F
3307,Sabbir Sarker,13,Male,SYLHET,9th,83.3,1.9,79,66,59,204.0,primary,,
9769,Sadia Islam,14,M,rajshahi,8th,70.4,,97,97,53,247.0,higher secondary,,Pass
3204,Jannat Rahman,14,Other,Sylhet,Ten,67.1,3.7,81,65,67,213.0,Secondary,YES,Pass
4560,Farhan Ahmed,15,Female,Barisal,9,86.5,1.7,49,81,35,165.0,GRADUATE,Y,Fail
1966,Fatema Talukder,16,,Sylhet,9,83.2,4.4,77,49,66,192.0,Higher Secondary,,fail
1220,Imran Chowdhury,15,M,Barisal,Ten,92.5,2.1,68,55,31,154.0,PRIMARY,1,FAIL
4410,Rafi Islam,,MALE,mymensingh,9,89.4,2.1,58,99,32,189.0,Higher Secondary,Y,FAIL
7690,Sadia Islam,14,MALE,barisal,7,84.4,3.2,31,73,61,165.0,postgraduate,Y,FAIL
9406,Karim Khan,15,M,Rajshahi,Six,82.2,0.2,,58,93,151.0,GRADUATE,N,fail
1936,Imran Chowdhury,11,FEMALE,Rajshahi,8,64.9,3.9,59,65,84,208.0,Graduate,no,F
3754,Fatema Hossain,15,other,SYLHET,9,102.8,1.7,59,45,94,,N/A,no,FAIL
7489,Bristi Chowdhury,12,,Barishal,9th,88.1,2.5,66,65,45,176.0,illiterate,yes,PASS
3258,Priya Ahmed,17,other,Chattogram,8th,60.4,2.6,41,75,61,177.0,N/A,Yes,Fail
6097,Sadia Ahmed,12,Female,Rajshahi,Eight,91.2,2.6,-45,61,98,114.0,higher secondary,1,Fail
4525,Kabir Chowdhury,11,female,Rangpur,6th,83.7,2.5,63,93,97,253.0,N/A,no,F
3086,Farhan Ahmed,13,F,Barisal,Six,91.9,3.5,68,99,40,207.0,GRADUATE,NO,
7606,Rafi Chowdhury,12,Male,Sylhet,8th,76.9,3.1,58,82,93,233.0,GRADUATE,no,Pass
5559,Arif Rahman,16,MALE,sylhet,6,79.5,1.1,86,80,70,236.0,higher secondary,No,fail
7198,Ayesha Ahmed,13,Other,Barishal,10,78.8,1.9,93,-8,91,176.0,higher secondary,Y,pass
63,Momo Khan,18,other,KHULNA ,Nine,75.2,3.7,53,31,61,145.0,Post Graduate,,fail
1374,Sabbir Ahmed,11,male,Mymensign,Eight,85.3,1.4,58,90,99,241.0,Illiterate,NO,pass
7870,Rupa Ahmed,13,F,rangpur,Six,80.7,1.5,90,30,60,180.0,secondary,N,fail
8397,Kabir Das,13,Other,Mymensingh,8th,99.0,2.6,81,46,38,165.0,primary,,Pass
5102,Nadia Ahmed,13,M,khulna,Eight,89.7,0.3,55,40,54,149.0,,,Pass
3078,Zayed Khan,13,Male,Barisal,Ten,,3.3,98,52,38,188.0,postgraduate,YES,pass
5015,Rupa Islam,14,FEMALE,Sylhet,Nine,72.9,1.5,46,32,91,169.0,postgraduate,no,P
5623,Hasan Islam,15,M,,9th,,5.2,45,76,50,171.0,GRADUATE,1,Fail
7906,Zayed Islam,17,Female,Sylhet,7,79.4,2.0,86,96,59,241.0,Illiterate,NO,fail
8035,Karim Khan,11,female,Barisal,9,94.1,2.6,88,44,75,207.0,Post Graduate,YES,Fail
8250,Rupa Hossain,14,Female,SYLHET,06,75.4,4.6,38,55,56,149.0,GRADUATE,no,Fail
1376,Arif Chowdhury,11,Other,Mymensingh,7,75.0,2.5,59,73,84,216.0,Illiterate,1,pass
1815,Shila Talukder,14,Female,khulna,Eight,104.7,3.6,67,97,93,257.0,Secondary,,F
5598,Arif Chowdhury,17,Female,Mymensingh,Eight,84.0,,35,57,92,184.0,Secondary,No,fail
9506,Sabbir Ahmed,,FEMALE,khulna,8,,4.2,33,91,56,180.0,secondary,Yes,
2837 ,Priya Talukder,17,Female,Rajshahi ,10,76.7,3.3,65,56,84,205.0,primary,YES,pass
1170,Karim Islam,11,male,Rangpur,Eight,99.0,3.5,90,62,95,247.0,GRADUATE,Yes,F
7095,Momo Rahman,11,Male,rajshahi,Eight,84.1,4.6,80,81,45,206.0,unknown,,P
8487,Bristi Chowdhury,13,MALE,barisal,6,76.5,2.4,47,73,47,167.0,unknown,No,pass
4990,Sohan Ahmed,18,FEMALE,rangpur,8th,80.5,2.8,76,54,89,219.0,GRADUATE,0,PASS
4499,Tanvir Islam,12,other,Dacca,Eight,86.2,0.7,42,66,59,167.0,graduate,Y,
8877,Arif Rahman,16,O,Mymensign,7,77.6,4.6,68,46,75,189.0,secondary,No,Fail
671,Tamim Rahman,13,male,Mymensingh,8,92.4,1.4,77,73,53,203.0,Primary,Yes,Fail
9553,Nusrat Chowdhury,14,female,barisal,6th,80.0,4.6,85,40,79,204.0,Illiterate,1,FAIL
1758,,13,FEMALE,sylhet,6,95.2,-0.5,46,36,68,150.0,illiterate,Y,F
1782,Shila Chowdhury,16,female,Mymensign,8th,69.2,4.8,59,31,54,144.0,primary,n/a,pass
5271,Sabbir Rahman,13,MALE,Khulna,7,106.8,0.0,86,92,30,,,no,P
8131,Anik Chowdhury,11,female,Chattogram,7th,69.9,3.9,45,55,94,194.0,unknown,no,P
4427,Lima Rahman,15,M,rangpur,Nine,85.3,3.0,81,51,67,199.0,graduate,1,FAIL
1225,Rakib Chowdhury,16,M,Rajshahi,Seven,102.0,-0.5,54,41,50,145.0,Post Graduate,1,Pass
2116,Sohan Islam,11,F,Mymensign,Eight,103.1,1.8,37,51,36,124.0,unknown,0,pass
9444,Ayesha Chowdhury,15,MALE,Rajshahi,8,89.1,7.1,69,63,62,194.0,N/A,NO,pass
4997,Ayesha Khan,17,,dhaka,06,95.2,4.7,32,53,38,123.0,graduate,Yes,Fail
9189,Priya Das,18,FEMALE,Dacca,6,95.5,4.0,86,78,82,246.0,primary,NO,Pass
5437,Zayed Chowdhury,13,Male,Chittagong,7,93.9,2.2,91,76,32,199.0,GRADUATE,N,fail
7378,Rupa Islam,16,Other,Rangpur,Six,74.1,1.2,54,,94,148.0,Post Graduate,N,P
STU-02144,Shila Khan,17,M,  Dhaka,8th,97.2,1.3,33,94,70,197.0,Higher Secondary,No,
685,Rafi Chowdhury,11,Female,CHATTOGRAM,9th,95.5,21.9,39,40,50,129.0,graduate,N,FAIL
7473,Hasan Das,18,O,Rajshahi,Seven,71.0,4.4,31,74,69,174.0,graduate,NO,fail
2261,Imran Chowdhury,11,female,CHATTOGRAM,10th,108.5,4.4,36,80,87,203.0,postgraduate,n/a,fail
2865 ,Tanvir Khan,14,male,SYLHET,Six,91.0,3.4,56,84,34,174.0,PRIMARY,,pass
6653,Imran Akter,17,MALE,,9,81.8,-0.1,92,63,84,239.0,Post Graduate,Y,pass
82,Farhan Islam,11,M,Barishal,Ten,87.2,3.0,65,48,49,162.0,Unknown,yes,
9661,Nadia Talukder,15,,Barishal,9th,85.1,2.1,96,44,87,227.0,Graduate,1,
9725,Jannat Talukder,17,M,Rangpur,Eight,89.4,5.3,32,296,76,404.0,Post Graduate,n/a,F
4497,Sabbir Chowdhury,18,Male,sylhet,9,94.1,3.7,36,70,66,172.0,Higher Secondary,no,P
2690,Tanvir Das,14,F,,9,78.1,4.9,63,-10,59,112.0,primary,NO,P
8995,Imran Akter,14,MALE,Mymensign,9,73.6,1.7,53,82,68,203.0,Post Graduate,NO,PASS
1270,Tanvir Khan,,O,Dhaka,6,66.0,3.4,49,53,93,195.0,illiterate,yes,pass
2297,Shila Akter,17,other,Ctg,9th,73.6,1.9,62,41,48,151.0,postgraduate,,pass
4298,Rahim Akter,12,,Barishal,6,99.1,5.5,40,54,74,149.0,,YES,P
7135,Nusrat Sarker,13,M,barisal,6th,85.9,1.9,34,82,57,173.0,graduate,yes,PASS
5354,Mim Talukder,14,O,khulna,9,80.5,1.4,95,,34,129.0,Graduate,Yes,
5634,Riya Ahmed,18,Female,Mymensign,Six,77.6,1.9,31,70,45,146.0,postgraduate,,FAIL
9568,Nusrat Islam,15,Female,Mymensingh,10th,86.4,24.5,38,,58,96.0,Post Graduate,No,pass
1790,Ayesha Akter,17,O,Khulna,8,79.9,3.2,33,55,41,129.0,higher secondary,1,F
901,Priya Das,12,O,Rajshahi ,8,105.5,2.6,57,61,44,162.0,Post Graduate,YES,P
3815,Imran Khan,13,Female,mymensingh,06,77.5,2.6,68,88,55,211.0,graduate,NO,fail
1434,Tamim Chowdhury,14,F,Sylhet,Seven,85.5,1.6,41,69,83,193.0,higher secondary,Y,F
2807,Mim Das,12,,Mymensign,9,94.7,4.1,79,67,30,176.0,higher secondary,YES,FAIL
698,Nusrat Khan,14,Male,barisal,9,94.8,3.8,38,61,33,132.0,N/A,yes,fail
2302,Rakib Talukder,15,,sylhet,Six,90.0,4.3,39,42,31,112.0,Secondary,0,
8472,Sabbir Sarker,,,Dhaka ,06,75.3,4.1,86,54,99,239.0,illiterate,YES,FAIL
3530,Rafi Das,16,Female,KHULNA ,Ten,112.1,2.7,67,68,44,,illiterate,1,
6997,Kabir Talukder,16,,CHATTOGRAM,6,95.0,1.9,94,79,72,245.0,Higher Secondary,n/a,FAIL
3017,Tanvir Ahmed,11,,rangpur,Nine,78.0,2.7,92,41,40,173.0,secondary,,fail
1993,sohan ahmed,16,O,Rangpur,10th,82.0,6.0,51,44,98,193.0,Primary,no,FAIL
5228,Sabbir Das,12,other,rangpur,8th,85.0,2.1,52,37,58,147.0,GRADUATE,0,Fail
8104,Rupa Akter,12,Female,Mymensingh,06,89.0,2.8,46,82,51,179.0,PRIMARY,N,
9418,Bristi Hossain,18,male,Rangpur,6th,75.9,3.4,32,34,86,152.0,higher secondary,1,fail
9340,Nadia Sarker,14,female,SYLHET,7th,71.6,2.2,61,59,41,161.0,Unknown,YES,F
9142,Priya Das,18,M,Barisal,Seven,91.6,4.3,77,79,85,241.0,graduate,0,P
4473,Nadia Akter,17,MALE,Rangpur,6,77.0,5.5,83,48,55,186.0,Post Graduate,no,PASS
9646,Shila Akter,18,O,SYLHET,Seven,88.4,4.3,61,72,86,219.0,Graduate,0,Fail
3133 ,Ayesha Akter,13,MALE,Chittagong,9,72.5,26.8,54,95,,149.0,Illiterate,yes,FAIL
877,Lima Islam,14,Other,Rajshahi,6th,98.1,3.2,46,46,96,188.0,secondary,0,pass
5163,Sadia Islam,18,FEMALE,,10th,90.7,1.5,55,99,72,226.0,Post Graduate,0,Pass
1969 ,Arif Khan,12,Male,rangpur,Ten,82.3,3.1,43,97,93,233.0,unknown,YES,F
6584,Shila Sarker,17,F,Rajshahi ,Six,93.1,4.1,71,,44,115.0,primary,Yes,Fail
9348,Rafi Rahman,13,Female,Dacca,Nine,81.3,1.9,72,99,68,239.0,Higher Secondary,No,P
6664,Rupa Hossain,11,Other,Dhaka ,9,94.1,1.1,43,51,77,171.0,PRIMARY,n/a,fail
1813,Tanvir Sarker,17,MALE,mymensingh,Ten,86.5,1.5,92,74,68,234.0,graduate,1,
9336,Lima Ahmed,fifteen,other,  Dhaka,10th,90.1,4.4,44,60,42,146.0,Primary,1,P
9393,Sohan Hossain,16,female,rangpur,Ten,100.4,2.3,56,64,45,165.0,GRADUATE,n/a,FAIL
416,Jannat Hossain,11,Female,SYLHET,Ten,75.4,2.4,58,89,47,194.0,GRADUATE,NO,PASS
7842,Rafi Chowdhury,16,Other,Ctg,7th,81.6,3.8,95,70,56,221.0,Unknown,no,Pass
5761,Hasan Ahmed,18,FEMALE,,Eight,,,74,89,71,234.0,primary,,Fail
1087,Tamim Khan,14,FEMALE,Rangpur,Nine,80.8,1.3,49,40,96,185.0,secondary,Yes,PASS
8272,Imran Hossain,13,male,Dhaka,Six,106.1,5.1,76,99,80,236.0,,Y,Fail
9194,Mim Hossain,17,female,rajshahi,Nine,101.0,2.1,51,34,63,148.0,GRADUATE,No,pass
110,Mitu Ahmed,13,male,rangpur,9,76.3,2.7,57,68,86,211.0,Secondary,N,Pass
6149,Anik Khan,12,F,SYLHET,8,75.5,0.3,52,86,64,202.0,Higher Secondary,no,Pass
3674,Priya Ahmed,12,M,CHATTOGRAM,Eight,74.1,4.3,59,55,60,174.0,Secondary,n/a,fail
2726,Hasan Islam,233,F,sylhet,10th,102.5,3.8,57,45,50,152.0,PRIMARY,1,fail
7548,Tamim Chowdhury,11,FEMALE,SYLHET,Ten,95.3,3.6,60,89,58,207.0,unknown,0,Pass
2934 ,Karim Rahman,17,M,Mymensingh,7th,81.6,4.6,59,59,51,169.0,secondary,YES,PASS
6656,Sabbir Islam,18,FEMALE,khulna,10,80.7,3.2,78,58,59,195.0,Higher Secondary,yes,F
9209,Mitu Chowdhury,11,FEMALE,Mymensingh,7,108.9,3.0,41,83,61,185.0,Unknown,Y,pass
9411,Imran Talukder,13,Male,CHATTOGRAM,Nine,85.3,6.0,74,,74,148.0,Secondary,,FAIL
7251,Momo Hossain,12,female,sylhet,7,78.7,0.9,82,-19,235,298.0,higher secondary,No,PASS
9218,Rupa Islam,18,O,rajshahi,9th,92.2,3.9,99,61,35,195.0,Higher Secondary,Yes,PASS
8816,Sabbir Khan,14,,rajshahi,Six,90.7,3.4,86,281,,367.0,N/A,Y,Pass
9811,Anik Hossain,18,F,KHULNA ,Nine,114.5,6.7,97,51,36,184.0,N/A,Y,
1707,Fatema Akter,18,Male,Dacca,10,95.5,1.5,85,47,56,188.0,higher secondary,,pass
1243,Lima Akter,17,male,Rajshahi ,10th,87.0,2.8,64,44,35,143.0,higher secondary,,Pass
4268,Sadia Khan,13,Other,SYLHET,7th,84.1,0.1,33,76,82,191.0,PRIMARY,NO,fail
3758,Mim Hossain,17,,mymensingh,9,73.3,5.8,40,96,41,177.0,illiterate,0,pass
4819,Rupa Ahmed,12,M,Sylhet,7th,76.6,2.4,66,60,78,204.0,Post Graduate,no,Fail
6844,Rakib Akter,fifteen,Male,sylhet,8,69.2,3.1,87,85,87,259.0,postgraduate,0,fail
6975,Anik Khan,13,Male,Rajshahi ,7th,87.6,3.4,42,30,73,145.0,graduate,YES,fail
3127,Farhan Rahman,17,M,KHULNA ,9th,103.0,1.2,96,72,45,213.0,higher secondary,No,Pass
2659,Sabbir Akter,,M,,Seven,78.4,2.2,84,42,48,174.0,graduate,0,Fail
STU-07963,Arif Sarker,12,FEMALE,rajshahi,7,90.9,2.8,62,96,66,224.0,secondary,1,F
4476,Jannat Chowdhury,15,FEMALE,sylhet,10th,93.4,4.5,40,72,65,177.0,,No,PASS
9563,Momo Akter,18,MALE,Barisal,9th,94.5,3.7,91,32,60,183.0,Graduate,Yes,FAIL
5364,Jannat Khan,14,F,sylhet,6,87.8,2.0,31,36,54,121.0,Illiterate,0,FAIL
2170,Rakib Chowdhury,18,Other,Sylhet,Ten,78.7,1.5,51,30,98,179.0,Primary,No,P
6432,Sadia Islam,14,MALE,Rangpur,9th,-46.5,4.3,91,43,78,212.0,postgraduate,Yes,fail
2055,Rafi Rahman,16,other,mymensingh,7,93.8,3.8,97,34,39,170.0,Primary,1,PASS
8715,Arif Chowdhury,17,male,mymensingh,8th,97.3,1.6,65,37,39,141.0,postgraduate,n/a,Pass
3672,Sohan Chowdhury,18,FEMALE,KHULNA ,8,81.2,,94,-47,78,125.0,Secondary,Yes,pass
4841 ,Imran Ahmed,17,F,KHULNA ,Ten,90.9,2.3,86,77,90,253.0,Higher Secondary,no,
STU-03018,Riya Akter,15,O,SYLHET,6th,71.0,5.1,96,181,96,373.0,secondary,Y,Fail
365,Nadia Rahman,16,FEMALE,Dhaka,Ten,81.7,2.4,37,61,77,175.0,Illiterate,No,P
8967,Bristi Ahmed,15,Male,KHULNA ,6,74.2,1.1,73,99,87,259.0,Post Graduate,no,Pass
5935,Rupa Islam,15,M,mymensingh,Nine,60.0,1.2,41,33,69,143.0,graduate,No,Pass
2550,Farhan Hossain,14,female,Sylhet,8,87.7,2.4,161,86,66,313.0,postgraduate,yes,Pass
STU-07280,Ayesha Das,16,MALE,CHATTOGRAM,6,90.2,1.4,82,61,38,181.0,illiterate,n/a,F
8733,Priya Talukder,14,MALE,CHATTOGRAM,Eight,94.2,4.6,73,93,80,246.0,unknown,yes,Pass
STU-02828,Momo Akter,16,male,Rangpur,7th,96.6,3.8,39,59,73,157.0,Post Graduate,no,PASS
4287,Zayed Talukder,16,Female,SYLHET,6th,90.7,2.2,90,42,76,208.0,postgraduate,Yes,P
5408,Riya Ahmed,13,,Rajshahi ,8th,92.3,2.9,68,47,69,184.0,PRIMARY,1,fail
7065,Tanvir Das,15,MALE,DHAKA,9,76.8,2.2,76,67,98,241.0,,n/a,
3235,Sadia Talukder,14,other,Sylhet,06,83.9,1.5,78,57,67,202.0,primary,0,FAIL
9100,bristi akter,13,F,chittagong,8,82.1,3.5,40,79,79,198.0,Graduate,YES,fail
1122,Mim Khan,18,Other,CHATTOGRAM,Six,89.5,1.2,32,67,63,error,graduate,N,P
6586,Momo Talukder,16,MALE,khulna,Eight,-41.5,3.2,45,30,55,130.0,Higher Secondary,N,PASS
2254,Fatema Khan,14,F,SYLHET,06,90.0,0.0,69,52,84,,postgraduate,n/a,pass
5070,Hasan Akter,14,other,chittagong,7th,91.6,2.4,63,74,45,182.0,N/A,0,pass
4701,Zayed Chowdhury,18,Female,Mymensingh,Seven,106.5,1.3,53,52,88,193.0,GRADUATE,0,P
4565,Farhan Hossain,17,Female,Mymensign,6th,88.5,3.6,92,37,52,181.0,Unknown,1,P
542,Rafi Hossain,11,female,Khulna,9,78.0,1.7,77,63,161,301.0,higher secondary,n/a,pass
6576,,18,Male,rangpur,7,70.5,2.3,54,-45,73,82.0,Primary,0,Pass
2416,Imran Chowdhury,14,O,Sylhet,6,67.7,1.1,31,-12,77,96.0,primary,0,P
1684,Mim Das,16,Other,Sylhet,8,96.6,5.1,66,33,31,130.0,primary,yes,Pass
7073,Anik Rahman,11,female,Mymensign,7,91.3,2.1,90,56,51,197.0,primary,n/a,PASS
588,Tamim Akter,12,other,Rajshahi ,Seven,94.0,1.1,36,51,82,,PRIMARY,n/a,fail
4370,Tamim Talukder,12,Male,Dhaka ,7,88.5,1.8,35,85,58,178.0,Graduate,N,PASS
512,Lima Sarker,13,Other,rajshahi,7,91.4,1.3,32,92,78,202.0,,yes,Pass
800,Fatema Ahmed,13,M,Dhaka,06,104.0,1.6,93,98,88,279.0,higher secondary,Yes,Fail
9710 ,Rahim Hossain,15,M,CHATTOGRAM,6th,88.7,5.1,57,74,87,218.0,graduate,0,F
679,Rahim Chowdhury,12,FEMALE,Rajshahi,Nine,84.4,4.8,35,92,96,223.0,secondary,N,PASS
3314,Riya Talukder,12,female,sylhet,10th,98.5,0.0,90,87,87,264.0,Illiterate,NO,fail
7312,Kabir Islam,13,F,rajshahi,06,73.9,2.6,64,53,84,201.0,higher secondary,1,Pass
8985,Rakib Rahman,11,F,CHATTOGRAM,9,76.5,3.4,98,53,93,244.0,GRADUATE,YES,Pass
902,Ayesha Das,18,FEMALE,rangpur,10th,81.2,1.4,33,40,289,362.0,Unknown,NO,FAIL
6829,Sabbir Sarker,,,Chattogram,9,95.4,4.1,78,56,94,228.0,PRIMARY,No,
6038,Sabbir Rahman,11,M,Chattogram,Seven,74.7,5.9,95,64,74,233.0,secondary,NO,pass
460,Sabbir Hossain,15,O,  Dhaka,Six,83.6,2.3,77,57,70,204.0,PRIMARY,Y,FAIL
755,Kabir Rahman,11,Male,Rangpur,6th,80.7,3.7,40,97,97,234.0,primary,no,
1495,Kabir Talukder,15,FEMALE,Ctg,8th,80.2,3.7,44,46,83,173.0,Illiterate,1,fail
7615,Tanvir Islam,11,MALE,Khulna,Six,84.5,4.7,74,45,87,206.0,graduate,yes,Fail
1512,Karim Hossain,17,,Rajshahi ,9,102.5,3.0,82,87,34,203.0,secondary,0,P
8590,Momo Talukder,14,male,Rajshahi ,9th,94.6,6.1,49,98,56,203.0,PRIMARY,YES,F
4296,Arif Hossain,14,FEMALE,KHULNA ,Seven,91.7,3.0,43,30,72,145.0,Graduate,No,F
2199,Rahim Rahman,17,Other,Barisal,06,80.6,2.5,76,50,49,175.0,PRIMARY,No,FAIL
1464,Priya Rahman,14,F,rangpur,8th,74.2,2.7,94,32,80,206.0,Unknown,0,pass
5841,Momo Ahmed,17,Male,Rajshahi ,8,91.7,1.9,62,77,32,,unknown,Yes,
1242,Rahim Akter,18,,barisal,06,93.6,4.1,64,50,93,207.0,Higher Secondary,n/a,FAIL
8953,Bristi Akter,11,F,Barishal,8,86.4,4.2,59,42,55,156.0,postgraduate,yes,fail
4547,Hasan Rahman,14,Male,KHULNA ,Ten,80.8,1.3,,37,53,90.0,secondary,yes,Pass
4001,Anik Hossain,fifteen,Female,Rajshahi,Seven,84.9,3.5,39,41,69,149.0,unknown,YES,pass
4550,rupa islam,16,,SYLHET,10,97.0,,33,53,39,120.0,postgraduate,YES,F
9682,Zayed Islam,16,M,Rangpur,6th,83.7,2.9,-26,60,87,121.0,Secondary,0,P
2889 ,Fatema Hossain,13,Male,CHATTOGRAM,9,81.5,1.4,76,92,41,209.0,Higher Secondary,Yes,Fail
7242,Shila Khan,13,M,barisal,Nine,73.3,0.3,39,68,87,194.0,Graduate,No,fail
4508,Fatema Chowdhury,13,FEMALE,KHULNA ,7,87.5,5.4,78,89,80,247.0,Graduate,,F
6444,Sohan Chowdhury,12,male,rangpur,Six,87.8,3.2,54,31,32,117.0,Unknown,no,FAIL
1740,Nadia Das,12,female,Khulna,10th,70.8,4.5,84,63,56,203.0,Higher Secondary,Y,FAIL
5308,Lima Akter,18,F,rangpur,6th,86.1,4.5,83,53,55,191.0,primary,Y,PASS
267,Kabir Islam,18,Female,rangpur,Eight,84.8,3.8,36,83,30,149.0,postgraduate,yes,Pass
2569,Ayesha Talukder,-11,female,rangpur,6,83.2,4.2,40,97,37,174.0,N/A,No,
3998,Arif Khan,13,MALE,Mymensingh,10th,76.8,-0.4,75,35,30,,unknown,1,Fail
3224,Riya Chowdhury,13,M,Dacca,10,80.0,2.6,61,36,75,172.0,Graduate,0,fail
8973,Tamim Chowdhury,14,female,,Ten,77.6,3.6,55,31,84,170.0,secondary,NO,FAIL
1539,Fatema Ahmed,14,F,Barisal,8,67.9,3.7,91,53,36,180.0,Primary,1,
3353,Sohan Akter,18,female,Chattogram,8th,92.8,2.6,97,65,88,error,Unknown,n/a,Fail
9693,Nusrat Talukder,18,,Khulna,Nine,101.0,,64,76,64,204.0,illiterate,Yes,P
3317,Zayed Akter,15,other,rangpur,9th,117.2,1.7,96,34,89,219.0,N/A,NO,FAIL
8485,Ayesha Hossain,14,male,Mymensign,7th,60.6,1.1,81,44,73,198.0,graduate,YES,Pass
6959,Jannat Chowdhury,14,FEMALE,barisal,10,77.9,1.6,32,80,84,196.0,Higher Secondary,N,FAIL
9723,Zayed Talukder,12,M,Mymensign,Seven,72.2,5.6,89,75,39,203.0,GRADUATE,YES,FAIL
7972,Rupa Hossain,12,F,Barisal,8th,95.1,1.4,33,59,67,159.0,Post Graduate,no,pass
4351,Kabir Chowdhury,16,Other,Dhaka ,Eight,100.3,3.6,58,95,absent,153.0,,0,Fail
1509,Ayesha Hossain,11,O,rangpur,Ten,93.9,3.1,88,83,41,197.0,GRADUATE,yes,fail
STU-09562,Bristi Talukder,16,female,Khulna,Ten,83.9,3.3,93,81,61,235.0,graduate,Yes,Pass
1171,Kabir Khan,16,,Rajshahi,06,83.3,3.0,53,33,66,152.0,GRADUATE,NO,Fail
3747,Rahim Rahman,13,FEMALE,Mymensingh,7,79.9,2.8,30,78,,108.0,graduate,No,FAIL
6847,Hasan Hossain,11,M,khulna,Ten,83.6,2.2,94,81,32,207.0,postgraduate,1,Pass
5544,Bristi Islam,12,,KHULNA ,10,88.0,3.5,71,74,31,176.0,graduate,n/a,Fail
5942,Mitu Talukder,17,M,Barisal,Seven,87.6,3.4,58,46,49,153.0,secondary,No,FAIL
5469,Nadia Akter,12,M,  Dhaka,8,81.9,1.4,76,78,72,226.0,Post Graduate,no,fail
8789,Riya Islam,11,male,Dacca,7,92.7,1.8,66,44,63,173.0,Unknown,1,Pass
4658,Momo Sarker,13,FEMALE,Dhaka ,9th,78.0,,63,87,52,202.0,Illiterate,0,fail
9426,Rupa Ahmed,17,MALE,Barishal,Ten,99.2,1.6,80,61,49,190.0,PRIMARY,yes,
5862,Fatema Rahman,17,MALE,barisal,7th,90.0,2.0,33,66,92,191.0,GRADUATE,0,fail
5207,Priya Akter,11,FEMALE,Rangpur,Eight,99.0,2.5,53,30,97,180.0,Post Graduate,,FAIL
6217,Lima Islam,14,other,Rajshahi ,10th,105.6,5.7,32,62,88,182.0,Post Graduate,n/a,
2349,Rupa Das,13,male,SYLHET,Ten,100.0,3.7,31,76,59,166.0,GRADUATE,NO,PASS
8107,Mim Khan,-9,FEMALE,,Seven,96.5,5.7,36,35,83,154.0,secondary,,PASS
3679,Nadia Hossain,13,male,Rajshahi,7,97.4,3.7,87,88,53,228.0,PRIMARY,0,PASS
9050,Farhan Khan,14,M,mymensingh,Nine,137.0,3.3,55,87,67,209.0,illiterate,,
5442,Lima Akter,17,O,Barishal,Seven,76.3,0.7,63,60,33,156.0,higher secondary,yes,
6345,Tamim Das,16,FEMALE,khulna,Seven,81.4,4.4,58,90,89,237.0,Illiterate,yes,Pass
7100,Rahim Islam,14,MALE,chittagong,Ten,81.9,3.5,47,45,80,172.0,postgraduate,no,Pass
1602,Momo Akter,17,M,Barisal,Six,85.7,0.7,75,62,50,187.0,N/A,yes,pass
8845,hasan rahman,15,O,Ctg,9,83.9,1.8,75,44,66,185.0,Unknown,0,Fail
2285,Shila Islam,11,Male,KHULNA ,9,75.4,3.0,31,38,86,155.0,Higher Secondary,1,FAIL
3842,Fatema Chowdhury,18,O,rangpur,6th,97.5,3.5,44,34,69,147.0,PRIMARY,yes,fail
1676,Imran Ahmed,18,Male,SYLHET,Ten,79.3,4.7,75,39,53,167.0,graduate,yes,F
7658,Fatema Sarker,15,male,Barisal,8,74.8,4.5,32,37,54,123.0,graduate,Y,
5818,Rahim Das,17,other,  Dhaka,9,99.1,-0.8,47,32,99,178.0,illiterate,Yes,fail
STU-01711,Bristi Talukder,14,other,chittagong,7,91.4,2.6,,59,87,146.0,graduate,n/a,pass
5958,Rahim Ahmed,16,male,Sylhet,9th,-38.9,2.0,48,43,81,172.0,unknown,Y,pass
1831,Zayed Akter,13,,Barishal,Seven,86.5,4.0,81,86,57,224.0,graduate,0,fail
5974,Hasan Akter,15,MALE,Ctg,9th,,3.9,36,88,,124.0,Secondary,yes,
1035,Tamim Ahmed,14,Other,Khulna,9,89.0,4.5,44,195,71,310.0,unknown,YES,F
3537,Fatema Akter,15,MALE,Khulna,Ten,88.9,4.5,79,33,81,193.0,PRIMARY,no,PASS
2324,rahim ahmed,12,,Barishal,8th,92.8,3.5,81,66,77,224.0,Unknown,NO,Pass
4169,Anik Ahmed,18,Female,dhaka,6,70.2,2.4,71,34,77,182.0,Higher Secondary,0,P
STU-02776,Arif Hossain,16,Male,Sylhet,8th,85.9,3.3,99,53,46,198.0,N/A,1,Fail
6248,Imran Sarker,18,M,khulna,6th,88.9,5.4,51,47,75,173.0,Post Graduate,yes,F
7267,Zayed Das,16,other,KHULNA ,10th,100.6,2.1,87,31,89,207.0,primary,yes,FAIL
7420,Bristi Talukder,16,FEMALE,sylhet,9th,84.1,-0.5,,33,53,86.0,secondary,N,
8738,Nusrat Das,14,MALE,Rajshahi ,Eight,84.8,2.7,47,94,86,227.0,primary,No,
7199,Zayed Akter,12,other,khulna,10th,77.0,4.3,86,50,52,188.0,Secondary,Yes,
8199,Ayesha Sarker,12,female,Rajshahi ,10th,85.3,3.0,33,40,82,155.0,postgraduate,0,P
9010,Nadia Rahman,15,MALE,CHATTOGRAM,Nine,90.3,3.9,69,49,47,170.0,PRIMARY,yes,Pass
674,Shila Ahmed,18,FEMALE,DHAKA,9,88.2,2.5,91,33,74,,unknown,NO,pass
6591,Bristi Hossain,17,other,DHAKA,06,75.3,3.7,61,82,86,229.0,Higher Secondary,1,
378,rahim hossain,15,M,sylhet,Ten,N/A,,46,68,38,152.0,Post Graduate,N,P
8903,Hasan Chowdhury,17,MALE,barisal,Six,88.3,0.6,-17,98,89,170.0,Primary,0,FAIL
751,Farhan Islam,17,Male,CHATTOGRAM,Six,90.6,1.8,-22,48,47,73.0,N/A,1,Fail
2669,Sabbir Akter,12,FEMALE,Khulna,6,98.9,2.7,48,42,77,167.0,N/A,Y,fail
STU-05183,Mitu Rahman,11,other,Dacca,Eight,95.0,2.3,97,37,45,179.0,GRADUATE,NO,FAIL
6535,Tanvir Rahman,12,Female,Rajshahi,8,90.9,1.5,35,84,77,196.0,Higher Secondary,,FAIL
6692,Nadia Hossain,15,Other,khulna,8,84.3,2.1,31,80,45,156.0,Unknown,yes,Pass
7947,Sohan Das,12,FEMALE,rajshahi,10,95.8,4.2,91,88,54,233.0,unknown,Yes,
3327,Nadia Ahmed,17,F,Dacca,10,84.0,3.5,57,60,98,215.0,Unknown,No,P
5916,Anik Sarker,18,Other,Sylhet,Nine,70.7,6.4,,52,89,141.0,Higher Secondary,Yes,pass
8181,Momo Sarker,18,M,Dhaka ,9th,83.1,1.9,66,60,32,158.0,PRIMARY,0,
5499,Riya Ahmed,14,Male,Rajshahi ,7,,1.9,51,32,197,280.0,PRIMARY,,pass
8185,Sabbir Das,15,Male,rangpur,6th,79.6,3.4,86,36,49,171.0,,no,Fail
3145,,17,other,rangpur,Ten,102.5,4.4,36,41,67,144.0,Unknown,yes,PASS
7941,Mitu Chowdhury,15,F,Chattogram,7th,92.6,2.8,86,73,63,222.0,Post Graduate,Y,FAIL
3282,Hasan Hossain,13,M,Sylhet,Ten,90.9,2.8,61,58,92,211.0,PRIMARY,0,P
7524,Fatema Islam,14,O,Rajshahi ,Ten,78.5,6.0,292,69,62,423.0,N/A,no,pass
5869,Kabir Khan,15,O,Rajshahi,8,75.8,24.6,30,89,42,161.0,Illiterate,Y,pass
6353,Nusrat Islam,17,male,khulna,Ten,92.0,3.4,97,50,38,185.0,postgraduate,yes,pass
6871,Jannat Sarker,14,Other,SYLHET,7,87.4,3.6,66,49,49,164.0,graduate,N,F
3144,Kabir Rahman,13,O,Khulna,9,73.5,1.1,86,71,71,228.0,Illiterate,N,FAIL
5275,Tanvir Das,11,FEMALE,Chittagong,Nine,60.2,2.9,66,41,31,138.0,PRIMARY,yes,fail
3311,Kabir Rahman,18,male,mymensingh,10,97.3,3.3,97,47,94,238.0,N/A,Y,FAIL
STU-05035,Karim Chowdhury,245,MALE,Rangpur,7th,72.3,2.5,37,61,78,176.0,Illiterate,Yes,P
241,Imran Sarker,15,MALE,SYLHET,7th,91.5,-3.3,30,absent,93,123.0,graduate,Yes,F
6539,Shila Sarker,16,Other,Mymensingh,10,72.6,3.6,80,49,47,176.0,GRADUATE,Yes,F
6900,Fatema Khan,12,M,rangpur,7th,97.4,3.9,38,84,81,203.0,N/A,YES,F
8870,Rafi Islam,11,,Rangpur,Seven,84.5,2.6,63,83,31,177.0,,0,F
2040,Bristi Talukder,11,other,,9,81.0,3.5,33,52,58,143.0,N/A,Yes,
9154,Zayed Talukder,15,MALE,dhaka,Six,82.1,4.3,34,78,42,154.0,postgraduate,no,FAIL
8517,Kabir Ahmed,15,,Ctg,10th,103.1,6.7,76,61,53,190.0,Unknown,,FAIL
2334,Nusrat Rahman,13,other,Chattogram,Seven,94.7,3.2,88,79,41,208.0,Post Graduate,yes,PASS
1345,Rafi Ahmed,12,FEMALE,Mymensingh,9th,76.5,4.3,90,47,99,236.0,Post Graduate,1,F
7774,Jannat Sarker,12,F,DHAKA,Nine,93.9,0.7,72,85,79,233.0,Illiterate,NO,Pass
7118,Shila Akter,16,Other,Mymensign,7th,82.2,4.6,52,49,57,158.0,Graduate,no,
4214,Shila Rahman,15,FEMALE,barisal,Six,91.6,2.6,73,48,32,153.0,Higher Secondary,1,pass
3994,Mitu Hossain,17,Female,barisal,7,80.7,1.1,67,84,99,250.0,unknown,,FAIL
9201,Zayed Rahman,fifteen,Male,Khulna,7,86.7,3.7,63,98,172,333.0,Higher Secondary,YES,
5414,Arif Chowdhury,18,other,barisal,7,87.6,3.4,97,66,38,201.0,GRADUATE,,Fail
8082,Zayed Rahman,17,Female,rajshahi,8th,99.1,2.3,73,76,41,190.0,Secondary,0,PASS
672,Tamim Ahmed,15,female,Rangpur,Eight,94.1,2.8,79,94,61,234.0,primary,,F
9520,Riya Hossain,12,Female,khulna,10,106.6,2.7,56,36,32,124.0,Secondary,1,F
4504,Nadia Rahman,18,other,Mymensingh,Seven,70.8,1.2,53,33,98,184.0,N/A,NO,PASS
9202,Rakib Ahmed,16,O,khulna,7,90.0,3.8,84,81,54,219.0,Graduate,N,Fail
6445,Sabbir Khan,18,,SYLHET,10,74.8,3.1,73,62,67,202.0,Unknown,Yes,
1892,Shila Rahman,14,MALE,khulna,9th,87.0,1.4,54,98,99,251.0,Secondary,0,Fail
1145,Mitu Islam,12,female,Rajshahi ,06,77.6,1.1,53,,92,145.0,graduate,n/a,Pass
853,rupa hossain,15,Other,Dhaka,8,78.0,2.6,70,74,69,213.0,Higher Secondary,no,pass
446,Hasan Talukder,18,Female,Ctg,9,133.7,2.3,84,56,82,222.0,Illiterate,,pass
4568,Fatema Sarker,12,M,SYLHET,8,92.8,2.1,35,36,65,136.0,Primary,Yes,Fail
5681,Kabir Hossain,11,,Dhaka ,Nine,79.7,3.6,99,87,33,219.0,Secondary,n/a,fail
9080,Rupa Akter,16,Male,Barisal,Seven,106.2,4.5,64,51,76,191.0,Post Graduate,,Pass
3655,Rafi Sarker,17,MALE,Rajshahi ,9,89.2,5.2,32,58,60,150.0,,n/a,F
447,Nusrat Ahmed,17,female,CHATTOGRAM,6,91.4,1.1,82,42,50,174.0,GRADUATE,0,Fail
7001,Riya Das,14,female,Rajshahi ,8th,83.9,1.0,93,78,64,235.0,PRIMARY,1,FAIL
4237,Fatema Khan,18,Female,Rajshahi ,10,90.5,1.8,87,34,62,183.0,primary,yes,F
8246,Fatema Talukder,17,Female,dhaka,Eight,81.0,3.0,88,66,61,215.0,illiterate,1,Fail
7477,Sabbir Chowdhury,11,Other,Rajshahi ,9,99.8,1.8,81,65,96,242.0,Post Graduate,1,P
2265,Shila Khan,fifteen,O,khulna,8th,85.2,0.9,83,78,32,193.0,,n/a,PASS
8534,Tanvir Ahmed,16,M,Chattogram,Nine,105.7,4.9,85,36,40,161.0,Illiterate,No,
478,Ayesha Talukder,12,O,Ctg,9th,73.6,1.6,82,97,57,236.0,graduate,no,pass
5868,Mim Akter,14,Other,Rajshahi,Eight,96.3,0.3,43,37,91,171.0,illiterate,Y,Pass
530,Kabir Islam,13,other,Rangpur,Eight,73.1,3.5,49,70,83,202.0,unknown,n/a,P
5357,Shila Rahman,17,MALE,Mymensign,Eight,70.5,3.2,51,65,57,173.0,higher secondary,1,fail
7727,Nadia Islam,16,Other,Mymensingh,Seven,106.9,2.8,74,83,90,247.0,Secondary,yes,F
2451,Arif Akter,15,M,rajshahi,9th,96.8,5.8,46,77,53,,postgraduate,0,Pass
4758,Rakib Akter,13,FEMALE,Rajshahi,Eight,90.9,4.0,46,,30,76.0,Secondary,Yes,
2353,Sohan Khan,16,Male,Rajshahi ,8,91.9,4.3,74,97,76,247.0,primary,NO,Fail
798,Anik Ahmed,12,,Barishal,8,81.0,2.8,31,54,42,127.0,Primary,0,FAIL
6029,Rahim Khan,16,male,Sylhet,9th,78.3,1.9,51,72,99,222.0,postgraduate,yes,
7302,Hasan Chowdhury,16,MALE,rajshahi,9,79.4,1.8,64,79,69,212.0,Higher Secondary,YES,PASS
5533,Hasan Das,17,Other,chittagong,10,78.3,2.6,,60,95,155.0,unknown,NO,Pass
9711,Zayed Das,13,F,SYLHET,10,94.1,3.6,86,62,99,247.0,unknown,NO,fail
1101,Arif Ahmed,11,Female,dhaka,7,69.0,-0.1,96,-12,39,123.0,N/A,Yes,pass
7109,Rupa Islam,11,O,Khulna,Six,89.3,4.8,46,89,95,230.0,Secondary,Yes,PASS
7909,Anik Sarker,,other,Barishal,7th,,4.5,65,33,55,153.0,Secondary,No,F
1219,Kabir Ahmed,17,O,Rajshahi,Ten,75.8,5.3,44,59,49,152.0,Primary,1,PASS
2232,Hasan Sarker,17,FEMALE,DHAKA,10th,84.9,2.7,64,43,43,150.0,unknown,Y,Fail
5010,Mim Ahmed,13,F,Chittagong,8,80.7,-0.6,60,43,92,195.0,illiterate,NO,F
7288,Rafi Hossain,17,,Khulna,Nine,87.6,2.7,95,44,94,233.0,unknown,0,Pass
4570,Tanvir Hossain,15,FEMALE,Mymensign,Seven,88.7,2.1,49,45,32,126.0,Secondary,YES,pass
14,Arif Khan,18,female,Sylhet,10th,94.5,5.6,64,94,76,234.0,Secondary,YES,Fail
2346,Rupa Islam,12,M,Barishal,06,87.9,3.1,55,86,30,171.0,Higher Secondary,Yes,pass
7142,Mitu Khan,16,,Rajshahi ,8th,81.7,3.4,68,93,89,250.0,graduate,no,
2428,Ayesha Khan,13,,Chattogram,9,76.1,2.5,85,-31,84,138.0,illiterate,YES,Fail
5312,Rakib Das,17,MALE,,Nine,60.9,3.9,73,,53,126.0,higher secondary,yes,F
3997,Sohan Rahman,11,M,Rajshahi ,Eight,88.6,2.5,34,54,66,154.0,illiterate,n/a,
807,Sadia Talukder,15,male,Mymensingh,6,96.9,1.1,88,80,49,228.0,Secondary,No,Pass
3183,Imran Sarker,17,female,Sylhet,9,93.1,3.1,58,91,82,231.0,Higher Secondary,,pass
1709,rafi islam,14,other,Chattogram,8,89.1,3.9,38,76,80,194.0,unknown,NO,pass
7533,Karim Hossain,11,F,Rajshahi,Nine,90.4,4.1,30,96,49,175.0,secondary,yes,pass
1907,Fatema Sarker,12,FEMALE,Sylhet,6th,,2.0,59,-44,64,79.0,Post Graduate,no,F
699,Farhan Khan,12,Other,Sylhet,7th,74.0,,66,51,87,204.0,GRADUATE,No,Pass
4589,Jannat Hossain,12,FEMALE,sylhet,10th,91.1,4.8,34,99,64,197.0,Graduate,Yes,fail
7464,Zayed Das,14,Female,Mymensingh,7th,87.2,0.2,53,57,53,163.0,primary,0,P
714 ,Nusrat Islam,15,Male,Rangpur,8th,101.2,5.9,53,50,39,142.0,GRADUATE,0,Pass
3716,Rafi Hossain,16,Other,Rajshahi,Ten,77.5,4.6,absent,51,94,145.0,PRIMARY,yes,pass
7577,Rakib Islam,11,FEMALE,rajshahi,9,81.9,2.6,97,79,35,211.0,higher secondary,,Pass
6720,Mim Talukder,13,Female,SYLHET,8,84.5,5.5,58,-23,91,126.0,illiterate,YES,PASS
9449,Riya Chowdhury,12,female,Dacca,9,81.0,3.3,60,82,93,235.0,primary,N,P
6012,Momo Khan,17,F,Dhaka,Seven,80.7,6.3,90,67,53,210.0,Primary,YES,P
9242,Hasan Das,11,Other,Barisal,9,86.6,3.1,98,98,95,291.0,PRIMARY,0,fail
3160,Mitu Islam,11,FEMALE,sylhet,8th,71.6,2.0,42,38,33,113.0,,,
9210,Tamim Chowdhury,11,MALE,khulna,10,101.7,2.8,84,65,59,208.0,unknown,,fail
6873,Momo Rahman,15,Male,Rajshahi,7,95.5,2.9,58,32,68,158.0,Higher Secondary,No,Pass
8292,Rupa Chowdhury,16,M,KHULNA ,Six,77.3,2.9,59,73,78,210.0,GRADUATE,0,FAIL
611,Nadia Akter,17,Male,Barisal,9,101.3,5.1,49,82,41,172.0,Graduate,1,F
3362,Anik Ahmed,17,Female,Mymensingh,9th,74.3,4.2,83,252,39,374.0,secondary,Yes,fail
6957,Rupa Hossain,15,other,Sylhet,Seven,110.5,7.4,87,42,51,180.0,primary,,pass
9045,Imran Chowdhury,17,MALE,Rajshahi,Seven,78.3,2.2,45,51,91,187.0,secondary,,Pass
434,Jannat Ahmed,13,Other,Khulna,6th,63.6,7.7,80,82,80,242.0,unknown,0,PASS
4050,Nadia Rahman,15,male,barisal,6th,77.4,0.9,44,95,57,196.0,N/A,No,F
6911,Tanvir Khan,12,FEMALE,rangpur,10,81.6,0.1,57,55,94,error,Graduate,NO,Fail
5629,Jannat Ahmed,13,Male,khulna,8,82.2,3.2,40,45,,85.0,Unknown,1,FAIL
552,Riya Rahman,14,F,Sylhet,Ten,74.9,1.3,89,56,85,230.0,,1,pass
971,Tamim Rahman,18,FEMALE,Sylhet,7,88.2,2.8,87,56,50,193.0,Illiterate,1,FAIL
6138,Jannat Chowdhury,17,FEMALE,chittagong,7th,93.9,7.1,65,76,88,229.0,GRADUATE,No,Pass
1859,Kabir Akter,12,M,KHULNA ,Seven,75.7,4.9,92,90,93,275.0,higher secondary,No,FAIL
341,Fatema Sarker,12,Female,Rajshahi ,10,86.4,0.3,80,48,71,199.0,graduate,No,Fail
8932,Rahim Sarker,,female,rajshahi,Ten,86.3,4.2,95,74,81,250.0,unknown,NO,pass
3066,Tanvir Talukder,17,MALE,Rangpur,06,79.2,2.8,74,63,50,187.0,Unknown,Yes,fail
313,Zayed Sarker,17,F,Rajshahi,9th,74.2,-3.7,34,37,93,164.0,Secondary,YES,FAIL
7059,Hasan Hossain,18,female,chittagong,Ten,88.4,1.0,33,-11,,22.0,N/A,N,PASS
3912,Mitu Ahmed,12,FEMALE,Barishal,9,71.0,5.0,56,50,78,184.0,GRADUATE,Yes,fail
52,Bristi Sarker,12,Male,DHAKA,7th,67.1,3.5,87,87,78,252.0,secondary,0,Pass
6803,Rakib Ahmed,16,F,Chittagong,10th,97.0,3.2,38,53,70,161.0,Graduate,0,FAIL
3962,Sabbir Khan,14,F,rajshahi,10th,88.3,-0.2,64,75,84,223.0,higher secondary,,Pass
8413,Nusrat Chowdhury,12,MALE,Dacca,9,81.3,3.7,36,32,76,144.0,unknown,Yes,Fail
8794,Momo Sarker,13,M,rangpur,9,105.6,3.4,79,44,47,170.0,Unknown,no,PASS
39,Sabbir Ahmed,11,Male,mymensingh,Ten,89.2,0.2,88,51,59,198.0,GRADUATE,NO,F
4569,Nadia Rahman,18,O,rangpur,Seven,88.8,3.1,93,60,52,205.0,higher secondary,,F
4267,Nusrat Das,18,Other,sylhet,8,78.8,5.9,63,44,73,180.0,Graduate,N,FAIL
7875,Shila Ahmed,209,O,rangpur,9,84.4,3.7,38,49,49,136.0,graduate,yes,PASS
5309,Tanvir Islam,,female,Mymensign,6th,93.1,,41,51,56,148.0,Unknown,NO,FAIL
5871,Kabir Islam,15,other,chittagong,7th,97.8,2.7,86,67,41,194.0,,N,PASS
997,Nadia Akter,14,Male,Barisal,Six,58.3,5.7,64,59,83,206.0,Higher Secondary,Y,Pass
9369,Hasan Akter,15,F,chittagong,06,86.7,2.3,73,51,,124.0,secondary,1,fail
4773,Rafi Khan,11,other,Dhaka,06,79.9,4.9,63,55,47,165.0,Post Graduate,yes,F
2133,Bristi Akter,,Male,sylhet,Seven,99.3,,90,86,,176.0,primary,Yes,Pass
6901,Rahim Das,15,male,Rajshahi,Eight,73.9,4.8,99,32,97,228.0,Higher Secondary,NO,
8653,Jannat Khan,-5,male,barisal,9,92.9,3.9,,52,41,93.0,illiterate,NO,PASS
5336,Ayesha Talukder,12,,Chittagong,9th,88.0,1.9,56,30,31,117.0,secondary,No,Pass
1123,Riya Islam,11,M,rangpur,7,93.9,,46,88,39,173.0,Primary,0,FAIL
9616,Mim Islam,16,F,rangpur,06,74.9,4.5,59,67,30,156.0,Graduate,Y,P
3476,Fatema Akter,13,other,Barishal,06,88.4,2.3,78,66,60,204.0,graduate,yes,FAIL
6523,Tamim Hossain,14,M,khulna,Seven,81.6,,59,,59,118.0,graduate,N,pass
4644,Lima Rahman,17,O,CHATTOGRAM,6th,85.7,1.8,99,90,55,244.0,Higher Secondary,Yes,FAIL
4870,Fatema Ahmed,14,female,,06,73.3,4.2,80,58,48,186.0,N/A,yes,FAIL
4180,Rupa Ahmed,17,F,  Dhaka,Eight,78.3,4.3,46,78,32,156.0,unknown,No,
4144,Rupa Islam,17,FEMALE,mymensingh,9th,94.0,3.5,69,97,45,211.0,GRADUATE,N,pass
3361,Ayesha Talukder,14,O,Rajshahi,06,88.0,4.8,78,40,76,194.0,graduate,No,PASS
7717,Bristi Talukder,11,male,Sylhet,Nine,75.6,2.2,89,58,41,188.0,graduate,NO,fail
7696,Tamim Chowdhury,11,FEMALE,Chittagong,10th,73.5,2.3,78,32,67,177.0,N/A,Yes,pass
4530,Momo Sarker,,female,Rajshahi,10th,199.4,1.2,46,70,59,,Graduate,NO,P
3378,Tamim Hossain,13,FEMALE,Ctg,10th,88.6,3.2,95,75,34,204.0,GRADUATE,n/a,fail
2999,Hasan Talukder,18,female,DHAKA,Ten,77.8,2.7,34,59,79,172.0,primary,YES,Fail
7974,Riya Khan,17,other,Mymensingh,9,85.4,-3.5,57,54,65,176.0,graduate,yes,fail
1818,Rakib Sarker,18,Male,Mymensingh,9th,78.9,4.6,47,86,66,199.0,Primary,no,Fail
937,Rafi Khan,16,F,Rangpur,8th,78.9,3.8,30,61,38,129.0,Higher Secondary,No,fail
8097,Mim Ahmed,16,Other,Rangpur,9th,69.4,3.6,34,,32,66.0,Post Graduate,n/a,Pass
1718,Zayed Chowdhury,14,male,Mymensingh,8th,82.3,5.1,90,52,66,208.0,higher secondary,,pass
808,Karim Akter,16,MALE,Barisal,Eight,95.3,4.3,85,97,64,246.0,higher secondary,Yes,Pass
4107,Nadia Ahmed,11,,barisal,Ten,93.4,3.3,absent,84,73,157.0,graduate,Yes,Pass
917,Mitu Khan,13,,rangpur,Ten,79.9,3.4,78,84,85,247.0,graduate,no,pass
6161,Ayesha Hossain,14,Male,Rangpur,06,76.8,3.1,91,46,44,181.0,Higher Secondary,N,fail
1405,Bristi Rahman,11,male,Barisal,8th,78.3,2.2,54,47,52,153.0,primary,Y,pass
2425,Bristi Ahmed,11,O,SYLHET,10,80.8,2.6,33,39,92,164.0,PRIMARY,n/a,fail
3923,Ayesha Islam,13,male,rangpur,Six,99.4,0.3,76,95,44,,higher secondary,,Fail
1167,Bristi Ahmed,16,Other,Rangpur,Six,98.2,2.7,82,69,74,225.0,Secondary,NO,Fail
2585,Kabir Rahman,17,F,rangpur,10,81.0,4.4,84,37,75,196.0,Higher Secondary,n/a,Pass
9269,Mitu Rahman,12,MALE,Rangpur,7th,82.5,3.2,71,40,88,199.0,primary,0,
7942,Tamim Sarker,13,Male,CHATTOGRAM,10th,67.9,2.3,41,,32,73.0,Secondary,NO,P
784,Imran Akter,13,other,Mymensign,Seven,154.2,1.6,74,43,95,212.0,secondary,No,
8341,Nadia Sarker,14,M,Dhaka,8,93.5,1.0,63,58,89,210.0,Higher Secondary,NO,
5002,Priya Chowdhury,11,FEMALE,Chittagong,6,80.2,3.5,77,78,72,227.0,,N,F
3987,Momo Talukder,14,female,rangpur,Eight,77.0,5.7,48,,62,110.0,N/A,N,pass
1774,Karim Islam,11,Female,rangpur,7th,84.6,4.2,78,50,30,158.0,primary,N,Fail
213,Rupa Rahman,13,Female,Rajshahi,7th,91.5,2.9,88,35,48,171.0,Primary,N,Pass
9690,Nadia Hossain,15,Female,Barishal,8,85.0,2.8,60,73,48,181.0,,Yes,PASS
8207,Ayesha Talukder,12,,KHULNA ,9th,55.4,2.3,60,79,52,191.0,unknown,NO,PASS
7103,Lima Talukder,15,MALE,Dhaka,Nine,91.1,4.0,55,38,44,137.0,secondary,0,P
3434,Mitu Rahman,16,female,rajshahi,9,94.9,,57,58,88,203.0,Unknown,,
1313,Sadia Hossain,17,Other,khulna,9,68.8,1.3,61,86,67,214.0,unknown,N,FAIL
3605,Karim Chowdhury,16,Female,KHULNA ,10,93.7,2.9,88,84,56,228.0,Primary,NO,FAIL
4756,Zayed Das,13,MALE,Mymensingh,10th,75.7,4.5,58,98,61,217.0,Unknown,N,P
1637,Sabbir Rahman,,Female,SYLHET,7th,79.8,6.2,68,31,68,167.0,Post Graduate,no,F
3468,Kabir Sarker,12,other,khulna,Six,72.6,4.0,56,93,-27,122.0,Higher Secondary,0,fail
9094,Rafi Akter,18,,Sylhet,7,85.4,20.5,53,76,50,179.0,PRIMARY,No,pass
6876,Karim Rahman,18,MALE,Mymensingh,Seven,56.0,3.7,98,58,93,249.0,unknown,YES,FAIL
4315,Sohan Hossain,14,O,mymensingh,9,94.8,0.1,47,92,66,205.0,Higher Secondary,N,fail
5029,Kabir Sarker,18,Other,,7th,73.9,1.3,91,40,96,227.0,illiterate,n/a,Fail
4046,Sadia Rahman,11,MALE,sylhet,10th,,1.4,31,45,37,113.0,GRADUATE,NO,PASS
758,Rafi Sarker,17,other,rangpur,8th,71.6,3.8,78,38,87,203.0,PRIMARY,N,Fail
6571,Rupa Khan,14,MALE,mymensingh,10,88.3,6.9,76,75,58,209.0,Secondary,Y,fail
2716,Arif Khan,18,F,Rangpur,8,102.5,1.8,37,74,48,159.0,Higher Secondary,n/a,Pass
7319,Mitu Sarker,11,male,Barisal,7th,80.4,1.1,82,73,57,212.0,,YES,FAIL
1339,Rahim Khan,13,Male,Chattogram,Eight,92.5,3.1,69,61,51,181.0,graduate,no,FAIL
1548,Arif Sarker,14,F,Mymensign,8th,102.7,3.3,63,99,46,208.0,Illiterate,0,Fail
9273,Farhan Islam,16,O,mymensingh,7,80.1,1.2,30,54,93,177.0,N/A,n/a,
5263,Priya Chowdhury,12,FEMALE,Chattogram,Nine,70.0,3.4,73,77,64,214.0,Primary,Y,FAIL
8982,Kabir Sarker,13,,Sylhet,9,87.9,4.2,96,59,86,241.0,illiterate,N,PASS
1998,Bristi Talukder,13,male,barisal,Six,76.5,0.6,60,69,62,191.0,N/A,,fail
3081,Jannat Ahmed,13,female,Rangpur,9th,78.9,2.6,45,40,98,183.0,Unknown,0,pass
6979,Tamim Ahmed,16,F,SYLHET,10,107.6,4.6,70,90,40,200.0,Graduate,NO,F
4838,Imran Das,17,MALE,Mymensingh,Eight,101.8,-3.5,35,71,76,182.0,primary,Yes,pass
2983,Nusrat Rahman,15,male,Mymensign,Seven,92.9,-0.5,75,65,47,,GRADUATE,no,PASS
3568,Rakib Chowdhury,,FEMALE,CHATTOGRAM,6,74.8,2.7,48,66,33,147.0,Graduate,n/a,Fail
7095,Momo Rahman,11,Male,rajshahi,Eight,84.1,4.6,80,81,45,206.0,unknown,,P
6620,Nadia Hossain,11,M,Chattogram,8th,116.6,3.9,81,99,84,264.0,graduate,,
3967,Rafi Sarker,11,MALE,Rajshahi ,9th,78.5,1.2,54,70,65,189.0,secondary,NO,P
381,Jannat Das,16,O,barisal,Seven,84.0,5.1,54,69,43,166.0,primary,Y,P
9282,Imran Talukder,18,other,Barishal,Seven,83.6,6.5,84,79,61,224.0,Higher Secondary,No,Fail
8073,Momo Khan,13,other,Khulna,Seven,70.5,2.6,77,81,68,226.0,secondary,No,Fail
9109,Momo Akter,16,MALE,KHULNA ,06,64.8,3.7,69,79,44,192.0,GRADUATE,Yes,pass
2785,Hasan Hossain,12,Male,khulna,Nine,86.6,0.8,73,98,31,202.0,Primary,NO,FAIL
STU-09061,Priya Rahman,18,MALE,rajshahi,6,85.3,4.4,53,59,37,149.0,PRIMARY,YES,FAIL
8121,Mim Chowdhury,13,Male,barisal,8th,70.0,3.7,86,66,35,187.0,GRADUATE,N,FAIL
1667,Lima Ahmed,12,F,Mymensign,Nine,92.9,2.6,68,96,95,259.0,Post Graduate,Y,F
7856,Tamim Ahmed,18,male,chittagong,06,92.0,4.2,46,36,51,133.0,unknown,No,
4322,Riya Rahman,14,Male,rangpur,10th,78.4,0.6,41,62,50,153.0,secondary,YES,FAIL
2558,Nusrat Rahman,17,Male,Khulna,06,106.7,25.4,50,94,46,190.0,Higher Secondary,Yes,
7877,Zayed Islam,12,O,KHULNA ,10,88.4,1.7,64,40,39,143.0,secondary,0,F
3179,Sabbir Chowdhury,13,Female,Barishal,7th,90.9,1.7,48,41,40,129.0,PRIMARY,Yes,F
4445,Karim Talukder,17,FEMALE,dhaka,8th,83.6,,39,94,51,184.0,Graduate,1,fail
STU-02314,Mim Rahman,16,,DHAKA,06,91.9,3.0,79,92,70,241.0,higher secondary,0,Pass
7301,Fatema Islam,18,male,Chittagong,6,118.0,1.3,82,64,65,211.0,Secondary,Y,PASS
702,Mitu Sarker,18,female,barisal,8th,71.9,5.6,31,95,89,215.0,unknown,,Fail
1307,Nusrat Rahman,13,Female,Mymensingh,9,82.6,3.3,62,61,93,216.0,N/A,,F
2555,Sohan Chowdhury,17,,Rangpur,Eight,76.9,5.7,35,53,-31,57.0,higher secondary,No,
3770,Rupa Khan,15,other,KHULNA ,Seven,101.0,3.9,59,48,93,,Unknown,n/a,Fail
8072,Kabir Das,12,F,khulna,8,86.6,0.5,268,61,78,407.0,graduate,Y,PASS
3874,Farhan Rahman,17,female,Chattogram,8th,84.6,1.9,83,32,93,208.0,Graduate,n/a,fail
8009,Mitu Das,17,FEMALE,Barishal,7th,87.6,4.2,31,83,44,158.0,Graduate,Y,P
7519,Rafi Khan,15,other,Rajshahi,Six,81.2,6.6,33,85,69,187.0,Secondary,,pass
8179,Arif Rahman,12,female,rangpur,7th,78.2,5.2,-34,55,37,58.0,higher secondary,Yes,
3245,Riya Das,15,male,DHAKA,8,92.7,3.6,73,34,81,188.0,Illiterate,no,FAIL
9379,Sabbir Talukder,12,male,rajshahi,8,99.1,3.3,38,55,62,155.0,Illiterate,1,Pass
7026,Mitu Hossain,16,F,Mymensingh,Seven,120.2,3.4,61,96,39,196.0,primary,Yes,fail
9736,Farhan Ahmed,17,,Chattogram,7th,102.8,3.1,56,72,54,182.0,PRIMARY,1,Fail
3264,Nusrat Chowdhury,14,,Rajshahi ,9th,79.7,5.2,60,31,71,162.0,N/A,no,fail
3578,Mim Ahmed,13,,KHULNA ,7th,82.2,1.8,78,52,84,214.0,GRADUATE,Y,P
6699,Jannat Islam,12,female,rajshahi,6th,73.7,1.5,45,88,95,,graduate,Yes,Pass
9278,Jannat Islam,12,O,SYLHET,Ten,87.8,3.9,89,36,83,208.0,GRADUATE,,PASS
1004,Mitu Sarker,15,female,Chattogram,Six,67.8,0.1,34,61,72,167.0,PRIMARY,No,Pass
5087,Anik Akter,16,MALE,Sylhet,8,80.3,1.4,41,64,70,175.0,GRADUATE,no,Fail
562,Ayesha Khan,11,O,,Ten,78.3,1.5,68,76,48,192.0,Secondary,NO,F
1449,Fatema Islam,13,MALE,SYLHET,Eight,66.4,4.5,53,77,92,222.0,,NO,Pass
7178,Sadia Islam,15,FEMALE,chittagong,6th,88.0,1.6,83,31,61,175.0,Higher Secondary,NO,pass
731 ,Rahim Hossain,15,female,Dhaka ,6th,105.9,1.5,72,71,55,198.0,postgraduate,yes,FAIL
STU-02732,Sohan Rahman,16,Male,Rajshahi,Ten,85.2,4.1,52,71,66,189.0,primary,YES,pass
9365,Ayesha Rahman,14,male,Dacca,7,91.1,0.0,,86,54,140.0,Primary,1,pass
8940,Jannat Talukder,11,,Rangpur,10th,73.7,5.0,54,54,86,194.0,Illiterate,no,P
5678,Rakib Sarker,12,F,rajshahi,Six,-14.7,2.6,55,42,47,144.0,GRADUATE,YES,PASS
7456,Anik Rahman,11,M,Dhaka,8,76.6,2.8,96,67,31,194.0,primary,Y,Pass
1390,Farhan Akter,15,O,Rajshahi,Nine,98.9,3.2,92,50,32,174.0,PRIMARY,no,F
9481,Mitu Sarker,,Female,rajshahi,8,92.8,3.2,58,60,35,153.0,postgraduate,Yes,P
4438,Momo Akter,14,,Khulna,6th,79.2,4.3,45,42,62,149.0,Unknown,n/a,pass
8535,Sohan Ahmed,12,MALE,Rajshahi ,8th,85.5,0.1,71,44,50,165.0,Graduate,yes,FAIL
8280,Shila Sarker,11,female,Chattogram,8,69.3,2.9,79,44,71,194.0,Secondary,N,
38,Farhan Sarker,16,O,Mymensingh,Nine,96.6,1.8,37,36,96,169.0,Illiterate,N,Pass
1129,Nusrat Ahmed,11,,CHATTOGRAM,8th,69.2,4.2,84,30,78,192.0,unknown,NO,fail
84,Mitu Akter,11,FEMALE,rangpur,8th,97.0,5.7,45,86,41,172.0,postgraduate,N,
9049,Mim Sarker,18,F,Barisal,6,98.6,1.5,63,32,85,180.0,,No,Fail
6043,Bristi Chowdhury,15,Other,Sylhet,10th,97.1,5.1,290,83,81,454.0,Unknown,Y,F
1992,Farhan Islam,16,M,Rajshahi,06,,2.8,98,64,81,243.0,,No,pass
2110,Tamim Talukder,12,Male,Rajshahi,9,97.9,0.6,51,55,38,144.0,postgraduate,1,F
7423,Rahim Das,15,FEMALE,Rangpur,9,81.8,4.6,90,59,182,331.0,unknown,1,FAIL
1995,Mitu Das,16,Male,Rajshahi,Six,73.5,5.4,63,56,42,161.0,graduate,N,F
8844,Nusrat Akter,12,Female,Khulna,06,86.3,2.4,66,34,79,179.0,Illiterate,No,P
7214,Anik Islam,16,female,Barishal,7th,90.6,3.3,89,88,31,208.0,secondary,no,pass
2715,Momo Khan,16,FEMALE,barisal,Eight,85.9,2.6,56,83,41,180.0,postgraduate,YES,FAIL
9651,Jannat Chowdhury,18,,Sylhet,10th,74.0,2.6,65,83,63,211.0,Post Graduate,yes,F
4598,Shila Chowdhury,16,female,KHULNA ,Nine,95.1,2.6,57,-43,97,111.0,N/A,YES,Fail
3839,Rahim Hossain,12,Female,CHATTOGRAM,7,93.6,5.3,86,94,199,379.0,unknown,1,FAIL
1356,Mitu Chowdhury,14,other,khulna,Six,100.0,4.8,92,47,46,185.0,PRIMARY,Y,fail
4857,Nusrat Chowdhury,14,male,KHULNA ,10,87.0,3.6,83,87,74,244.0,unknown,1,
2393,Priya Das,12,female,SYLHET,7th,79.0,3.9,90,77,60,227.0,Higher Secondary,,Fail
3735,Rakib Rahman,12,Female,rangpur,Nine,68.0,0.8,89,53,68,210.0,PRIMARY,YES,PASS
7468,Imran Islam,16,MALE,barisal,Eight,87.6,0.2,57,84,79,220.0,N/A,N,Pass
4882,Anik Hossain,17,M,Rajshahi,9th,71.9,-0.1,53,79,62,194.0,Unknown,N,Fail
90,Ayesha Rahman,13,,rajshahi,Ten,67.9,5.0,88,56,78,222.0,N/A,N,FAIL
846,Lima Das,,other,DHAKA,Seven,73.2,3.7,63,70,70,203.0,Illiterate,YES,FAIL
8339,Momo Rahman,14,M,Rajshahi,Six,78.6,1.2,35,87,35,157.0,Post Graduate,1,fail
3093,Sohan Akter,17,M,sylhet,8th,92.4,3.4,51,44,96,191.0,GRADUATE,NO,Fail
4737,Nadia Talukder,16,male,rangpur,06,91.1,3.0,44,44,81,169.0,GRADUATE,No,F
6384,Nadia Islam,12,Female,mymensingh,9,79.1,3.1,64,90,55,209.0,Higher Secondary,n/a,Pass
6487,Karim Islam,13,other,rangpur,Seven,67.2,3.6,32,52,86,170.0,Unknown,,Fail
2224,Tamim Rahman,18,female,chittagong,7th,95.0,3.3,57,79,93,229.0,N/A,N,
2647,Rafi Akter,12,male,Dhaka ,8th,82.9,1.8,86,83,,169.0,higher secondary,n/a,FAIL
1065,Rahim Ahmed,18,Male,Mymensign,06,80.3,2.5,53,92,54,199.0,GRADUATE,Yes,Fail
7494,Karim Sarker,14,MALE,chittagong,7th,87.4,6.1,40,82,49,171.0,secondary,NO,PASS
8195,Arif Chowdhury,11,O,rangpur,Ten,77.5,4.8,61,266,57,384.0,illiterate,1,P
781,Rahim Sarker,12,Other,Barisal,9th,79.0,2.9,191,38,86,315.0,unknown,0,pass
3278,Sadia Khan,15,FEMALE,  Dhaka,Nine,90.8,-1.3,34,52,43,129.0,illiterate,,fail
2563,Tanvir Khan,15,O,Rajshahi,7th,74.4,3.7,83,53,57,193.0,graduate,yes,F
2271,Zayed Sarker,14,Male,KHULNA ,8th,84.7,1.8,81,70,35,186.0,Illiterate,no,Pass
7803,Mim Islam,11,FEMALE,sylhet,8,83.2,3.2,62,51,79,192.0,unknown,N,pass
STU-09715,Farhan Sarker,13,male,rajshahi,Ten,79.4,4.2,44,90,,134.0,secondary,Yes,Pass
1435,Tamim Rahman,12,F,mymensingh,9,104.2,-1.3,76,34,30,140.0,primary,No,
3208,Riya Khan,14,MALE,Dhaka,7,83.1,4.9,92,81,76,267.0,,yes,FAIL
9127,Ayesha Islam,12,MALE,mymensingh,Ten,68.3,3.3,81,59,41,,Unknown,No,Fail
6598,Rahim Rahman,11,Other,Mymensingh,7,86.8,3.0,88,60,97,245.0,PRIMARY,NO,PASS
3178,Jannat Das,15,Male,SYLHET,10th,80.3,4.2,81,65,83,229.0,Primary,no,Pass
4011,Rupa Talukder,16,female,  Dhaka,8th,69.1,0.8,68,54,85,207.0,Unknown,YES,
8405,Tamim Chowdhury,16,MALE,Rajshahi,10th,88.1,2.1,47,61,59,error,primary,no,fail
2597,Kabir Khan,11,MALE,Mymensign,9th,86.5,4.4,74,65,93,232.0,N/A,N,Fail
6581,Farhan Akter,17,female,Rangpur,Nine,75.2,3.7,69,99,98,266.0,N/A,No,fail
6724 ,Sabbir Sarker,11,other,Barishal,8,76.0,3.2,36,69,44,149.0,postgraduate,NO,
649,Jannat Hossain,12,,Rajshahi,6th,95.0,2.3,92,33,67,192.0,,NO,PASS
5434,Mim Chowdhury,15,F,rajshahi,9th,84.6,2.2,99,63,70,232.0,Graduate,no,PASS
8090,Sabbir Talukder,12,Male,,10,94.8,2.8,38,61,85,184.0,secondary,1,F
3273,Karim Ahmed,17,MALE,Rajshahi ,Eight,86.6,1.9,91,37,80,208.0,Illiterate,NO,P
457,Kabir Ahmed,11,O,KHULNA ,10th,84.3,6.0,62,89,84,235.0,GRADUATE,No,FAIL
7619,Mim Khan,16,M,barisal,9th,84.4,2.2,95,53,73,221.0,graduate,yes,F
7977,Momo Akter,11,male,Rangpur,Six,75.2,4.0,87,33,48,168.0,Illiterate,Yes,fail
2689,Jannat Khan,18,other,barisal,7th,-21.7,2.9,72,37,98,207.0,Graduate,0,FAIL
9665,Hasan Ahmed,15,female,Barisal,7,66.9,1.7,33,71,56,160.0,secondary,n/a,F
5981,Anik Islam,14,M,Chattogram,7th,91.5,2.6,53,90,94,237.0,Illiterate,,PASS
6258,Farhan Das,13,O,rangpur,8,79.2,1.2,91,50,37,178.0,higher secondary,0,Fail
3493,Rafi Sarker,14,female,Rangpur,Nine,71.9,4.8,32,93,87,212.0,Graduate,1,P
5993,Karim Akter,12,Other,Barishal,7th,81.5,4.0,53,80,71,204.0,Higher Secondary,yes,PASS
4921,Priya Islam,13,Male,rajshahi,8th,83.5,2.2,91,71,53,215.0,higher secondary,N,P
8364 ,Shila Das,12,M,Sylhet,8,81.6,3.6,36,93,31,160.0,Primary,NO,fail
4025,Jannat Chowdhury,16,Male,SYLHET,Nine,100.1,1.1,38,60,34,132.0,Secondary,1,F
3420,Sabbir Das,11,O,CHATTOGRAM,6th,84.8,1.7,50,51,54,155.0,Post Graduate,n/a,pass
5057,Jannat Islam,12,M,Khulna,10,84.6,2.7,97,92,77,266.0,PRIMARY,n/a,PASS
1809,Rakib Ahmed,17,O,Sylhet,Seven,86.7,3.9,55,47,71,173.0,GRADUATE,yes,F
2653,Imran Ahmed,14,,Chittagong,Ten,76.4,2.9,37,76,65,178.0,unknown,NO,Fail
1442,Rahim Hossain,16,female,Ctg,9,84.6,,82,43,45,170.0,GRADUATE,NO,P
2417,Mim Sarker,12,MALE,Khulna,06,78.0,4.5,34,32,39,105.0,graduate,NO,
109 ,Shila Chowdhury,13,,Rangpur,Six,93.5,1.5,52,47,67,166.0,Illiterate,NO,P
4450,Rakib Ahmed,17,M,rangpur,9th,82.2,2.3,41,43,30,114.0,secondary,no,FAIL
744,Karim Sarker,11,other,Mymensign,Six,89.8,1.6,33,46,33,112.0,unknown,yes,
392,Bristi Rahman,16,M,Barishal,Nine,101.1,5.0,49,58,80,187.0,Higher Secondary,YES,Pass
7327,Farhan Rahman,,FEMALE,,10th,69.8,1.7,88,43,71,202.0,Illiterate,n/a,PASS
4460,Anik Hossain,16,MALE,Mymensign,9,139.3,,85,53,39,177.0,Illiterate,no,P
178,Sabbir Islam,16,other,Rajshahi ,10th,88.6,2.1,77,88,68,233.0,Illiterate,YES,
8191,Imran Das,15,,dhaka,06,78.4,-4.4,70,67,85,222.0,secondary,1,Pass
5126,Farhan Khan,13,MALE,chittagong,7th,83.6,2.2,99,90,78,267.0,primary,N,P
2204,Kabir Chowdhury,18,Female,khulna,Seven,88.1,1.3,58,83,56,197.0,Unknown,n/a,FAIL
9735,Shila Talukder,18,Female,Rajshahi,10th,90.5,3.4,65,48,34,147.0,Secondary,Yes,pass
8467,Rafi Akter,16,other,Khulna,8,66.8,4.4,90,31,80,201.0,unknown,yes,
7905,Rupa Hossain,12,male,Mymensingh,Six,71.0,3.7,86,41,71,198.0,Graduate,Yes,Fail
7497,Momo Chowdhury,11,MALE,Sylhet,10,81.9,0.7,64,32,62,158.0,,YES,
3791,Shila Hossain,fifteen,,Mymensign,8th,82.4,0.3,90,50,32,172.0,,no,P
153,Nadia Ahmed,12,F,khulna,Nine,93.3,1.0,84,61,79,224.0,Higher Secondary,NO,pass
3751,Anik Sarker,17,MALE,Dhaka,10th,82.7,3.9,34,absent,91,125.0,Unknown,Y,P
5195,Rakib Hossain,14,M,khulna,9th,77.2,4.6,43,62,55,160.0,graduate,no,Fail
403,Tamim Hossain,18,,Dacca,9th,95.5,1.5,98,37,54,,secondary,1,F
STU-04689,Rahim Hossain,,female,barisal,8,83.3,2.3,86,43,30,159.0,Higher Secondary,N,Fail
8200 ,Sabbir Sarker,14,,Barisal,Ten,77.7,1.9,74,46,93,213.0,,,FAIL
2921,Rupa Talukder,,Other,CHATTOGRAM,9,92.0,3.5,77,88,86,251.0,Higher Secondary,YES,fail
7313,Priya Chowdhury,14,female,Rajshahi,7th,74.5,3.7,58,39,39,,PRIMARY,yes,Fail
918,Rupa Khan,14,Other,Rajshahi ,9,82.5,3.5,82,52,57,191.0,Post Graduate,0,Pass
8960,Rahim Das,11,Female,SYLHET,Ten,71.4,1.1,85,78,81,244.0,postgraduate,,P
7953,Tanvir Talukder,,,rangpur,10th,75.0,4.4,96,34,58,188.0,Primary,,fail
STU-02994,Anik Chowdhury,13,female,,Nine,88.2,4.0,63,79,62,204.0,unknown,1,fail
8477,Jannat Akter,17,female,sylhet,Ten,,4.6,73,-27,95,141.0,Unknown,yes,fail
6336,Mitu Das,15,female,CHATTOGRAM,Seven,80.5,3.1,87,37,81,,PRIMARY,Y,FAIL
2831,Mim Chowdhury,11,FEMALE,SYLHET,10th,74.9,3.1,86,66,36,188.0,secondary,no,pass
1108,,14,other,Rajshahi ,6th,74.7,2.3,62,49,71,182.0,secondary,1,PASS
352,Tamim Islam,11,female,barisal,Seven,78.9,5.4,62,53,90,error,unknown,1,FAIL
5590,Sohan Akter,17,,Dhaka ,9th,113.2,1.6,88,31,31,150.0,secondary,1,PASS
5846,Fatema Talukder,-6,FEMALE,Rangpur,Seven,75.5,3.1,39,50,76,165.0,postgraduate,0,Fail
4057,Tamim Das,13,O,Dacca,9,83.8,2.9,74,44,243,361.0,Secondary,no,Pass
2908,Tanvir Islam,,Other,KHULNA ,7th,97.7,4.5,44,84,72,200.0,graduate,1,Fail
7579,Rahim Islam,16,Female,Dhaka,Ten,83.9,4.2,46,52,68,166.0,Illiterate,0,PASS
5077,Fatema Ahmed,,Other,rajshahi,Ten,90.2,4.8,53,70,80,203.0,Post Graduate,Yes,PASS
4571,Momo Talukder,16,Female,Rajshahi,6,87.0,3.1,64,48,55,167.0,primary,Yes,
5112,Rafi Akter,12,F,KHULNA ,9,83.2,4.2,33,98,94,225.0,secondary,No,pass
334,Rakib Hossain,,M,Sylhet,Eight,105.6,4.8,63,59,48,180.0,secondary,NO,Fail
2505,Nusrat Das,17,,chittagong,10th,81.8,1.8,73,69,66,208.0,Higher Secondary,NO,
4280,Mim Ahmed,12,,CHATTOGRAM,7th,70.7,-0.2,91,41,56,188.0,unknown,1,F
1685,Zayed Sarker,13,other,Barishal,7,88.8,5.1,91,30,46,167.0,postgraduate,,pass
8336,Zayed Ahmed,fifteen,Male,,Seven,94.2,3.7,83,47,42,165.0,Graduate,n/a,PASS
9204,Shila Das,13,Other,Mymensign,8th,92.1,5.8,43,53,67,163.0,N/A,yes,fail
3062,Jannat Akter,12,MALE,Dhaka,Seven,-5.9,5.4,49,64,66,179.0,Graduate,N,fail
5796,Farhan Ahmed,14,Female,khulna,10th,103.0,1.8,37,96,56,202.0,primary,1,fail
2929,Fatema Sarker,14,Other,Sylhet,Nine,79.5,2.9,45,,71,116.0,Secondary,YES,Fail
8307,Kabir Talukder,fifteen,Female,  Dhaka,6,75.5,1.0,,30,84,114.0,unknown,0,
7554,Farhan Khan,15,,sylhet,6th,78.6,1.8,85,53,45,,Primary,0,PASS
4470,Nadia Khan,14,MALE,Chittagong,Six,77.8,4.1,65,64,96,225.0,PRIMARY,Y,P
9370,Rupa Hossain,13,Male,sylhet,8th,83.7,3.4,45,95,67,210.0,PRIMARY,N,FAIL
9491,Arif Khan,12,other,Rajshahi ,9,106.3,1.2,78,76,91,245.0,N/A,Yes,FAIL
9339,Imran Khan,12,O,DHAKA,10th,73.2,3.4,32,34,74,140.0,primary,NO,
8899,Sabbir Talukder,17,Female,rangpur,Seven,71.0,2.6,60,51,88,199.0,PRIMARY,Y,Pass
408,Mitu Hossain,13,O,rangpur,Eight,87.1,28.7,32,45,69,,Secondary,N,Fail
1041,Arif Ahmed,218,female,Rajshahi ,Eight,85.8,2.9,95,60,62,217.0,Primary,Yes,P
2484,Lima Islam,15,male,mymensingh,9,88.7,3.0,77,43,92,212.0,secondary,N,FAIL
83,Anik Khan,11,female,Dhaka,Ten,107.8,3.6,43,44,60,147.0,GRADUATE,,Fail
7676,Shila Rahman,11,MALE,Chattogram,6th,88.1,5.8,45,44,69,158.0,Higher Secondary,Yes,P
2727,Tamim Das,15,M,Dhaka ,8th,81.7,2.1,67,99,67,233.0,Higher Secondary,NO,F
96,Fatema Akter,17,female,Rajshahi,Seven,91.5,5.1,95,80,-34,141.0,Graduate,Yes,pass
2946 ,Rafi Talukder,16,FEMALE,Barisal,9,,3.4,87,30,42,159.0,higher secondary,n/a,P
135,Tamim Ahmed,17,Male,Dhaka ,Ten,97.9,2.3,34,58,76,168.0,PRIMARY,N,P
5530,Zayed Talukder,164,M,DHAKA,8,76.3,2.7,68,92,54,214.0,Higher Secondary,1,Fail
4924,Anik Ahmed,17,female,KHULNA ,10th,79.1,3.1,32,60,76,168.0,Post Graduate,N,FAIL
8822,Bristi Khan,16,Male,Rajshahi ,9th,81.6,3.7,56,68,56,180.0,PRIMARY,No,PASS
1864,lima chowdhury,245,FEMALE,khulna,9th,88.3,4.0,93,49,33,175.0,illiterate,no,Pass
6361,Riya Talukder,13,Female,Chittagong,10,82.1,2.0,59,68,53,180.0,Graduate,,fail
3003,Anik Akter,13,Female,rangpur,8th,91.5,1.1,91,54,62,205.0,primary,no,pass
8052,Rafi Islam,16,Male,rangpur,9,71.8,1.1,56,83,84,223.0,,Y,F
6944,Shila Talukder,12,,Khulna,Eight,-22.0,1.5,40,56,69,165.0,Illiterate,No,
9206,Rupa Chowdhury,16,MALE,Rangpur,Eight,74.8,4.3,32,77,70,179.0,Secondary,Y,pass
688,Mim Ahmed,15,FEMALE,Chittagong,9,83.8,3.0,88,56,56,,GRADUATE,no,FAIL
4250,Nusrat Talukder,16,M,Barisal,8,80.5,3.0,67,30,,97.0,Higher Secondary,n/a,FAIL
7210,Kabir Ahmed,-1,male,Barishal,10,75.1,3.6,69,95,60,224.0,unknown,0,FAIL
597,Nadia Rahman,17,F,khulna,10,93.8,4.8,90,72,54,216.0,N/A,Y,Fail
8432,Farhan Sarker,15,Female,Chattogram,Ten,101.6,2.5,56,35,87,178.0,higher secondary,,FAIL
4918,Nusrat Khan,13,FEMALE,Barishal,Seven,89.4,3.0,59,40,55,154.0,Unknown,1,Fail
6645,Hasan Ahmed,11,FEMALE,Rangpur,06,74.9,2.4,-15,62,96,143.0,PRIMARY,0,F
7568,Bristi Das,11,F,Dhaka ,Nine,92.0,0.6,65,70,99,234.0,Illiterate,NO,fail
2005,Bristi Hossain,16,MALE,Dhaka,Ten,97.1,3.4,80,32,43,155.0,Higher Secondary,Yes,fail
3029,Sohan Islam,11,F,Mymensign,Nine,78.7,3.5,50,59,32,141.0,GRADUATE,1,Pass
8444,Zayed Sarker,13,Other,Barishal,9,91.9,3.1,72,97,57,226.0,graduate,No,
4096,Rupa Das,17,Female,Barishal,Nine,61.1,0.9,55,95,62,212.0,Unknown,N,F
4667 ,Hasan Chowdhury,18,F,SYLHET,Six,73.6,5.3,94,38,50,182.0,Unknown,1,PASS
2504,Rahim Khan,17,female,Barishal,Six,96.6,3.6,60,34,61,150.0,higher secondary,Y,fail
1603,Anik Rahman,,O,chittagong,9th,87.4,3.5,77,62,65,204.0,N/A,No,P
951,Rahim Rahman,11,male,Rajshahi,10th,93.1,6.3,,39,46,85.0,Unknown,yes,fail
3503,Kabir Chowdhury,12,FEMALE,Rajshahi ,Seven,86.5,2.0,83,38,99,220.0,N/A,YES,Pass
6382,Rahim Islam,12,male,khulna,10,78.0,2.8,73,43,42,158.0,,YES,Fail
2903,Karim Khan,14,male,rajshahi,Nine,75.0,4.1,73,61,80,214.0,N/A,No,P
8030,Priya Sarker,17,MALE,Khulna,9,77.9,2.7,86,78,92,256.0,,no,PASS
1708 ,Priya Khan,14,male,rangpur,Six,92.8,4.0,87,38,55,180.0,N/A,,fail
742,Sohan Das,16,Other,chittagong,8th,79.7,3.3,36,absent,70,,primary,Yes,Fail
2962,Rafi Akter,12,Other,Rangpur,9,89.7,-2.7,98,81,60,239.0,secondary,no,
STU-02202,Sohan Hossain,16,female,khulna,10th,90.6,2.8,30,42,72,144.0,Graduate,Y,FAIL
4556,Farhan Chowdhury,18,MALE,Ctg,8th,82.4,3.5,68,69,36,173.0,postgraduate,Y,Fail
896,Nusrat Sarker,11,male,DHAKA,Nine,93.7,3.0,34,55,59,148.0,Secondary,,
5491,Tamim Akter,16,,sylhet,8th,90.9,1.6,98,57,52,207.0,unknown,n/a,Fail
9259,Sohan Sarker,13,O,Mymensign,Nine,100.8,3.7,,81,49,130.0,unknown,,Fail
6925,Tanvir Akter,12,Other,Sylhet,Ten,107.6,2.8,52,73,38,163.0,Illiterate,No,pass
247,Jannat Khan,17,Male,sylhet,7,63.8,3.4,67,52,74,193.0,,Y,FAIL
2251,Priya Hossain,14,F,Rajshahi,6th,91.2,2.0,61,90,71,222.0,PRIMARY,,P
8105 ,Farhan Sarker,12,FEMALE,Mymensingh,10th,107.2,3.7,95,75,37,207.0,higher secondary,No,pass
950,Nusrat Hossain,15,FEMALE,Sylhet,9,70.2,2.7,80,96,77,253.0,higher secondary,Yes,fail
STU-00250,Imran Das,17,male,sylhet,7th,84.5,3.3,59,46,55,160.0,unknown,0,PASS
2070,Nusrat Sarker,12,Other,KHULNA ,7th,78.8,6.2,72,72,32,176.0,Unknown,YES,FAIL
4303,Jannat Islam,12,female,Sylhet,Ten,102.7,2.6,47,92,81,220.0,illiterate,,pass
3074,Mim Talukder,14,,Sylhet,9th,69.1,1.7,46,42,30,118.0,Unknown,n/a,F
7769,Riya Ahmed,18,O,Barisal,Six,83.4,4.4,73,33,93,199.0,graduate,Yes,P
7436,Shila Sarker,14,female,sylhet,Eight,73.9,2.3,72,45,57,174.0,graduate,1,F
789,Rafi Khan,11,male,Rajshahi,Six,76.7,2.0,84,47,63,,GRADUATE,0,pass
2629,Bristi Das,13,Male,Khulna,7,81.7,4.1,38,35,78,151.0,higher secondary,n/a,fail
5292,Sabbir Rahman,12,Male,Chittagong,8th,81.3,4.7,37,83,30,150.0,postgraduate,NO,FAIL
8972,Jannat Das,16,other,rangpur,Eight,76.9,2.9,86,90,84,260.0,primary,n/a,Fail
5046,Fatema Talukder,15,Male,mymensingh,06,67.3,4.2,51,53,76,180.0,,0,FAIL
3271,Jannat Ahmed,17,Female,rangpur,7th,75.1,4.8,44,92,72,208.0,Post Graduate,N,FAIL
9490,Shila Akter,12,F,Rangpur,10th,85.1,4.9,41,absent,52,93.0,Post Graduate,n/a,P
8771,Rahim Rahman,17,FEMALE,Rangpur,10th,79.1,6.1,55,80,62,197.0,GRADUATE,Y,PASS
6304,Tamim Das,16,Female,Rajshahi ,06,74.0,4.9,44,74,97,215.0,secondary,No,pass
5445,Tanvir Rahman,13,Female,Rajshahi ,10th,93.5,4.0,48,92,36,176.0,Illiterate,Yes,pass
8692,Rahim Das,15,,rangpur,Seven,75.8,3.7,absent,53,49,102.0,illiterate,yes,F
7919,Shila Islam,,Female,dhaka,6,78.4,2.4,39,60,71,170.0,Primary,Y,
8770,Momo Akter,12,female,Dhaka,6,105.4,5.0,40,37,61,138.0,unknown,NO,
1618,Priya Islam,11,female,Khulna,9th,93.0,5.2,36,96,39,171.0,Primary,n/a,PASS
3699,Arif Rahman,12,FEMALE,Sylhet,Ten,84.4,3.2,82,87,65,234.0,primary,NO,P
2886,Rafi Hossain,13,female,Barishal,7,77.6,2.6,66,93,59,218.0,primary,0,F
5147,Sohan Das,15,O,mymensingh,10,80.6,2.2,97,61,88,246.0,Higher Secondary,No,Fail
8115,Riya Talukder,15,MALE,barisal,10th,85.2,3.4,32,58,,90.0,illiterate,Y,Fail
4730,Shila Khan,18,female,barisal,Eight,97.3,0.9,64,56,32,152.0,primary,n/a,P
3776,Priya Das,16,F,,10th,91.6,3.2,32,50,80,162.0,postgraduate,NO,Fail
3618,Rafi Islam,12,O,Barishal,10,86.6,2.6,44,52,95,191.0,Higher Secondary,NO,Pass
6298,Shila Rahman,15,MALE,mymensingh,9th,81.9,5.2,41,37,84,162.0,Higher Secondary,No,P
4010,Mitu Sarker,17,Other,Barishal,7th,82.7,4.5,40,91,85,216.0,Secondary,N,fail
6891,Nadia Talukder,15,other,sylhet,9,96.8,3.5,62,84,47,193.0,unknown,N,P
8107,Mim Khan,-9,FEMALE,,Seven,96.5,5.7,36,35,83,154.0,secondary,,PASS
1128,Rupa Talukder,18,female,Barisal,Seven,84.4,0.4,72,68,78,218.0,Unknown,Y,Pass
6430,Arif Sarker,296,MALE,rajshahi,9,77.8,3.1,42,81,90,213.0,Secondary,YES,Pass
2874,Tanvir Hossain,15,,Sylhet,10th,94.3,3.4,89,92,81,262.0,illiterate,n/a,fail
4184,Priya Islam,17,Other,,6,79.5,3.2,91,40,81,212.0,Primary,No,pass
3682,Karim Talukder,17,F,CHATTOGRAM,6,93.8,3.9,87,68,54,209.0,higher secondary,yes,pass
7756,Mitu Rahman,18,F,rajshahi,10,100.5,3.4,86,31,68,185.0,Secondary,yes,F
8635,Fatema Hossain,15,F,Mymensign,8,70.8,4.8,84,158,99,341.0,Higher Secondary,no,Fail
6510,Zayed Islam,13,other,CHATTOGRAM,9,99.0,5.0,47,61,40,148.0,PRIMARY,NO,FAIL
2917,Kabir Akter,13,female,Chattogram,Six,88.2,4.3,98,51,88,237.0,GRADUATE,Yes,pass
2482,Shila Sarker,18,Male,Khulna,8,99.2,2.5,-11,73,82,144.0,PRIMARY,0,fail
200,Hasan Chowdhury,18,M,rangpur,6th,94.3,3.6,88,77,70,235.0,N/A,0,Pass
2774,Rafi Talukder,18,female,Ctg,Six,95.1,1.3,70,86,67,223.0,unknown,1,pass
5211,Sadia Hossain,15,Male,Chattogram,6th,87.1,2.6,78,,70,148.0,GRADUATE,YES,pass
2272,Rakib Sarker,12,male,KHULNA ,9th,92.8,4.6,39,39,39,117.0,GRADUATE,No,PASS
6628,Hasan Rahman,14,,rangpur,9,85.5,5.7,88,87,88,263.0,postgraduate,NO,F
8742,Tanvir Akter,,Male,Rajshahi ,10,95.0,2.8,52,34,96,182.0,,YES,Pass
6255,Zayed Rahman,18,M,Mymensingh,06,97.3,1.1,46,51,64,161.0,PRIMARY,N,fail
5082,Shila Hossain,17,FEMALE,Rangpur,Six,77.6,3.6,92,-43,40,89.0,illiterate,n/a,Pass
5298,Arif Hossain,18,Other,Chittagong,6th,84.4,-0.5,96,60,43,199.0,secondary,N,fail
3831,Imran Chowdhury,16,Male,Mymensingh,8th,78.9,1.9,,55,39,94.0,N/A,n/a,fail
2114,Zayed Das,13,MALE,barisal,Ten,76.7,-3.2,98,53,77,228.0,illiterate,n/a,PASS
6843,Lima Islam,13,male,SYLHET,7,85.8,2.2,71,-24,36,83.0,graduate,YES,
9292,Kabir Sarker,11,F,rangpur,Ten,92.3,1.2,59,35,79,173.0,graduate,NO,PASS
5652,Kabir Akter,18,other,Khulna,7,102.0,2.6,61,80,57,198.0,graduate,Y,Fail
2095 ,Zayed Talukder,,MALE,mymensingh,Seven,81.2,3.6,73,84,84,241.0,Secondary,Yes,
4742,Lima Das,12,MALE,Dacca,10th,73.2,4.8,51,87,86,224.0,Higher Secondary,yes,P
5985,Kabir Chowdhury,18,other,Rajshahi ,8,70.0,-0.1,35,71,59,165.0,Post Graduate,NO,P
3268,Nadia Hossain,13,male,barisal,8,109.5,3.8,87,145,77,309.0,higher secondary,Yes,pass
6515,Rupa Das,14,other,rangpur,Nine,102.7,2.7,97,53,81,231.0,PRIMARY,No,fail
8100,Rupa Das,13,F,KHULNA ,10,99.5,1.8,46,,75,121.0,Post Graduate,yes,PASS
7820,Mim Chowdhury,15,Female,SYLHET,10,90.1,2.6,50,84,31,165.0,secondary,Yes,pass
6368,Sabbir Rahman,17,other,khulna,8th,81.0,0.8,31,71,67,169.0,secondary,,pass
494,Arif Chowdhury,14,female,KHULNA ,8,97.4,0.1,97,94,30,221.0,Higher Secondary,no,FAIL
2079,Bristi Rahman,16,O,rajshahi,6,92.3,5.0,80,64,82,226.0,N/A,n/a,pass
3733,Imran Khan,15,female,Dhaka,06,78.2,4.5,60,44,84,188.0,Illiterate,no,pass
1964,Mitu Ahmed,14,Female,barisal,7,80.0,3.3,69,90,97,256.0,,1,P
9268,Anik Islam,12,female,mymensingh,6,105.8,2.6,,,37,error,PRIMARY,0,F
7353,Nadia Islam,12,female,rangpur,Ten,73.5,3.5,92,59,83,234.0,Secondary,yes,F
7809,Mim Rahman,11,other,CHATTOGRAM,8,91.8,1.8,35,58,135,228.0,GRADUATE,,Fail
9121,Sabbir Chowdhury,14,Other,Barisal,8,-35.2,2.4,99,80,43,222.0,GRADUATE,N,F
4778,Hasan Akter,15,MALE,chittagong,9,90.9,1.4,56,49,67,,Graduate,1,fail
124,Hasan Khan,13,female,Mymensign,8,108.9,2.1,64,78,98,240.0,N/A,no,F
2611,Tamim Islam,17,male,Chittagong,7th,74.2,2.3,50,87,63,200.0,Post Graduate,yes,
655 ,Momo Das,15,female,mymensingh,10,65.9,2.9,81,75,54,210.0,higher secondary,N,
899,Karim Sarker,-8,M,Rangpur,06,92.7,3.9,44,42,34,120.0,illiterate,0,FAIL
8319,Tanvir Rahman,16,FEMALE,barisal,9,79.4,6.2,79,64,34,177.0,,yes,
9256,Fatema Islam,15,other,Rangpur,Seven,94.0,3.6,89,39,45,173.0,PRIMARY,YES,Pass
9557,Hasan Islam,11,other,dhaka,10th,93.4,1.4,31,41,57,129.0,Primary,NO,Fail
1001,,16,FEMALE,Dacca,06,82.4,,89,60,78,227.0,secondary,YES,P
406,Momo Khan,12,male,Mymensign,7,97.3,4.7,95,80,39,214.0,Secondary,,PASS
62,Lima Sarker,14,male,rajshahi,10,83.7,2.3,48,87,30,165.0,Secondary,N,
5637,Rahim Das,16,,Barisal,7,74.2,3.7,69,57,53,179.0,Higher Secondary,N,F
1075,Nadia Khan,14,FEMALE,Dhaka ,Eight,90.5,3.5,38,64,50,152.0,secondary,,P
2718,Tanvir Chowdhury,15,MALE,Dacca,8th,74.3,5.0,62,58,66,186.0,Illiterate,0,pass
913,Fatema Sarker,16,MALE,DHAKA,8,88.1,1.4,67,52,51,170.0,Unknown,0,Fail
1931,Priya Ahmed,15,O,SYLHET,Seven,72.3,5.4,,94,58,,Post Graduate,Y,fail
4386,Rupa Ahmed,15,MALE,Khulna,Nine,83.6,6.0,49,57,66,172.0,Graduate,,P
8078,Mim Ahmed,13,Female,Chittagong,6th,98.6,5.6,70,33,32,135.0,postgraduate,YES,fail
4986,Sabbir Ahmed,12,Other,rajshahi,7th,86.5,3.2,80,46,78,204.0,,no,FAIL
2236,Zayed Ahmed,15,male,Rangpur,9th,84.4,2.8,48,77,92,217.0,Higher Secondary,n/a,pass
3107,Tanvir Akter,,O,Barishal,10th,75.0,4.7,91,48,59,,,No,F
2953,Nadia Hossain,14,MALE,Ctg,Nine,88.6,1.2,43,93,68,204.0,Higher Secondary,0,FAIL
8383,Sadia Sarker,13,FEMALE,chittagong,Six,73.5,1.8,75,88,94,257.0,primary,,pass
1079,Tamim Sarker,16,female,Rajshahi,Seven,N/A,3.9,35,absent,53,88.0,N/A,1,fail
7488,,16,,Chattogram,Seven,90.1,3.3,190,40,96,326.0,Unknown,n/a,F
3624,Sohan Sarker,221,FEMALE,,9th,74.7,0.9,70,51,50,178.0,N/A,yes,P
5171,Sohan Akter,18,MALE,Barisal,Seven,,3.6,65,90,64,219.0,Graduate,no,F
1282,Rupa Ahmed,12,,rangpur,6,78.5,2.6,40,62,36,138.0,graduate,YES,pass
890,Riya Rahman,13,MALE,Rangpur,7,80.6,5.0,60,93,62,215.0,Higher Secondary,n/a,Pass
STU-01906,Rupa Akter,14,Male,Rajshahi,8,80.5,2.8,43,44,49,136.0,Unknown,YES,P
701,Karim Chowdhury,14,MALE,Rangpur,Ten,93.9,5.7,90,60,,150.0,PRIMARY,Y,F
6781,Mim Islam,11,MALE,Rangpur,6,102.5,3.5,55,35,82,172.0,graduate,N,Pass
4955,Mitu Sarker,12,FEMALE,Sylhet,10th,79.7,4.8,30,90,36,156.0,Secondary,0,P
8007,Riya Sarker,11,Female,Mymensign,Seven,93.9,7.3,87,42,absent,129.0,Post Graduate,Y,P
8602,Rupa Khan,15,female,KHULNA ,8,78.5,4.2,37,68,90,195.0,illiterate,0,pass
2290,Mitu Islam,18,Other,dhaka,9,67.1,3.7,78,59,95,232.0,Graduate,0,PASS
1621,Mim Chowdhury,14,MALE,DHAKA,06,82.4,2.8,83,86,49,218.0,illiterate,No,Fail
2992,Sabbir Ahmed,15,,Rangpur,10th,81.9,2.0,86,64,32,182.0,Graduate,Y,
8450,Mitu Akter,173,Male,Sylhet,10th,82.0,2.1,200,46,85,331.0,Higher Secondary,Yes,Pass
9042,Karim Das,17,MALE,Chittagong,6,89.0,2.0,58,96,63,217.0,,Y,pass
5215,Mim Rahman,11,Other,Barisal,9,103.3,2.8,55,69,61,185.0,Post Graduate,yes,FAIL
8729,Shila Islam,17,M,Dhaka ,Nine,86.0,1.4,57,95,56,208.0,secondary,1,FAIL
7737,Tanvir Sarker,17,O,Mymensign,Nine,67.5,3.0,62,57,51,170.0,Graduate,1,FAIL
5539,Karim Das,13,FEMALE,Mymensign,Eight,65.5,,71,89,,160.0,Graduate,no,Pass
2696,Farhan Hossain,16,O,Mymensingh,10th,79.0,6.1,84,83,46,213.0,postgraduate,no,Fail
5058,Tanvir Ahmed,13,Male,Rajshahi,10th,-36.9,4.4,90,49,69,208.0,N/A,No,Fail
4283,Bristi Islam,12,FEMALE,Rajshahi,8th,83.7,2.1,37,87,86,210.0,postgraduate,,P
3980,Tamim Chowdhury,13,Female,Rajshahi ,10th,77.8,2.1,90,76,43,209.0,PRIMARY,No,
5746,Riya Islam,13,other,CHATTOGRAM,9th,85.8,1.7,38,52,43,133.0,higher secondary,N,fail
6614,Zayed Hossain,18,MALE,Dacca,Six,92.6,1.4,45,,76,121.0,Graduate,N,P
4984 ,Rahim Hossain,12,FEMALE,Rajshahi ,Ten,73.2,,95,49,71,215.0,,Yes,
7422,Rupa Ahmed,14,M,Rangpur,Eight,93.5,0.7,66,41,50,157.0,illiterate,yes,fail
5345,Karim Hossain,16,male,Barisal,Nine,87.2,1.8,282,65,96,443.0,,no,fail
9044,Rakib Rahman,12,female,KHULNA ,Ten,86.2,3.9,38,54,49,141.0,Post Graduate,yes,Pass
5019,Ayesha Das,18,male,dhaka,Seven,86.6,3.7,54,99,32,185.0,Secondary,N,fail
8011,mim khan,14,Other,rangpur,8,88.5,4.4,50,71,42,163.0,Secondary,n/a,P
3614,Imran Hossain,13,Other,Dhaka ,6,97.7,2.4,40,35,80,155.0,Graduate,Y,
5547,Zayed Ahmed,18,O,khulna,8,85.2,2.1,49,49,93,191.0,unknown,No,
1883,Lima Akter,14,Male,DHAKA,10th,59.2,2.1,64,52,90,206.0,illiterate,NO,PASS
511,Ayesha Ahmed,18,,Barisal,Eight,82.3,3.3,68,86,63,217.0,unknown,yes,Pass
3922,mim sarker,15,Male,KHULNA ,Six,106.0,2.9,51,82,50,183.0,,0,fail
992,Tanvir Chowdhury,11,Other,Rangpur,9th,89.5,2.6,44,40,94,178.0,Higher Secondary,no,F
2054,Nusrat Islam,17,FEMALE,barisal,8,76.6,2.4,77,,45,122.0,N/A,1,F
1258,Rahim Islam,11,M,Mymensingh,8th,97.8,2.6,93,53,56,202.0,Unknown,0,Fail
9330,Kabir Sarker,-12,FEMALE,Chittagong,6th,83.2,2.1,88,87,75,250.0,Higher Secondary,Y,pass
7885,Tamim Sarker,17,other,rangpur,Ten,99.1,0.4,34,70,74,178.0,GRADUATE,0,Pass
3852,Lima Akter,17,,Barishal,6th,72.0,3.6,80,79,74,233.0,higher secondary,N,fail
9435,Kabir Ahmed,16,Female,Khulna,6,76.2,3.6,42,74,84,200.0,Higher Secondary,1,Fail
3612,Anik Hossain,16,Male,khulna,10th,77.1,2.2,72,98,92,262.0,,No,fail
8301,Hasan Akter,12,O,barisal,7,93.7,3.6,91,58,48,197.0,Unknown,No,fail
5001,Anik Ahmed,14,other,SYLHET,10,84.6,2.0,56,32,67,155.0,postgraduate,No,Fail
5461,Priya Rahman,11,FEMALE,dhaka,Seven,98.3,2.9,98,66,31,195.0,higher secondary,0,FAIL
5052,Ayesha Talukder,11,,sylhet,Seven,82.7,2.2,38,67,82,187.0,N/A,no,P
6958,Rafi Rahman,14,other,SYLHET,9th,83.9,4.9,52,41,43,136.0,Unknown,no,fail
1208,,18,other,rajshahi,Six,91.5,2.5,91,42,91,224.0,N/A,no,Fail
8558,Rakib Talukder,12,FEMALE,Mymensingh,Seven,80.8,0.7,57,68,60,185.0,secondary,Yes,P
2879,Fatema Das,18,,rangpur,9th,103.7,3.1,78,83,45,206.0,GRADUATE,Yes,Fail
1203,Tamim Khan,16,Male,SYLHET,Nine,72.6,5.3,81,37,33,,PRIMARY,YES,PASS
8012,Lima Chowdhury,15,male,chittagong,6,92.7,3.6,69,36,54,159.0,Illiterate,NO,P
7625,Nadia Akter,13,other,rajshahi,7,78.8,2.6,35,90,61,186.0,Graduate,N,fail
581,Anik Das,11,Male,Barishal,9,91.4,0.8,50,93,65,208.0,Primary,0,FAIL
8151,Rahim Ahmed,17,FEMALE,CHATTOGRAM,8,79.7,6.4,72,65,30,167.0,PRIMARY,YES,pass
8373,Zayed Khan,11,O,Barishal,Seven,82.0,3.3,99,37,64,200.0,,1,Pass
9580,Rafi Khan,13,,Rajshahi,9,94.4,3.3,58,86,99,243.0,,No,F
706 ,Priya Akter,14,,,7,83.6,2.6,79,72,96,247.0,PRIMARY,Yes,PASS
9181,Sabbir Khan,16,F,Mymensign,6,97.7,5.2,87,55,76,,Secondary,1,FAIL
8912,Bristi Akter,15,,rajshahi,10,88.0,0.0,58,47,87,192.0,unknown,,P
1025,Anik Talukder,15,Female,Sylhet,10,91.0,2.4,62,52,47,161.0,secondary,Yes,pass
2649,Nadia Islam,11,MALE,mymensingh,10,97.9,1.9,91,37,74,202.0,postgraduate,1,PASS
2102,Sabbir Hossain,16,Male,Mymensingh,9th,79.5,2.7,99,94,91,284.0,unknown,Y,F
728,Sadia Islam,15,Male,Mymensign,9,87.7,4.6,80,62,-35,107.0,unknown,yes,F
8440 ,Sohan Hossain,11,Male,CHATTOGRAM,Six,80.4,4.9,68,62,37,167.0,Illiterate,yes,fail
4567,Sohan Talukder,15,M,KHULNA ,9,91.3,3.4,70,67,58,195.0,Illiterate,n/a,FAIL
8881,Jannat Hossain,17,FEMALE,CHATTOGRAM,6th,94.3,3.6,88,89,75,252.0,,No,F
5648,Jannat Talukder,11,M,Sylhet,Six,98.7,2.4,87,57,99,243.0,Unknown,no,fail
9436,Mim Khan,11,M,sylhet,Six,79.3,4.2,42,45,83,170.0,,1,F
1292,Kabir Islam,11,MALE,Barisal,10th,88.6,1.6,51,77,32,160.0,N/A,N,Pass
3712,Mitu Chowdhury,,M,dhaka,8,78.2,5.3,54,70,34,158.0,primary,yes,fail
4524,Mitu Sarker,18,other,barisal,7,77.5,0.6,41,81,87,209.0,Primary,1,fail
5250,Sabbir Hossain,17,female,SYLHET,7th,76.9,2.7,39,31,96,166.0,graduate,1,
9824,Bristi Ahmed,13,other,Mymensign,10,81.4,3.4,31,57,69,157.0,postgraduate,NO,F
5455,Anik Akter,14,Female,Barishal,8th,84.1,5.2,42,38,91,171.0,secondary,1,P
2811,Imran Khan,17,FEMALE,barisal,Seven,83.3,4.8,53,71,51,175.0,Post Graduate,Yes,
STU-06289,Farhan Akter,18,Male,mymensingh,Nine,71.9,2.8,78,81,31,190.0,postgraduate,1,PASS
7250,Farhan Rahman,11,Female,Sylhet,9th,77.4,3.5,50,56,59,165.0,,Y,fail
5691,priya hossain,12,F,Barisal,Eight,77.8,2.3,55,63,68,186.0,graduate,Y,
6203,Farhan Khan,11,,Sylhet,6,86.2,3.2,66,77,96,239.0,higher secondary,1,FAIL
2685,Anik Ahmed,18,M,sylhet,9th,93.2,0.7,67,96,,163.0,N/A,YES,Fail
5198,Mim Das,13,other,Rajshahi ,Seven,81.1,1.4,97,58,65,220.0,illiterate,No,fail
STU-07189,Tanvir Ahmed,14,FEMALE,Khulna,10,92.3,0.3,42,76,57,175.0,Illiterate,yes,F
5532,Rahim Chowdhury,13,Female,Mymensign,10,104.6,5.0,63,46,84,193.0,unknown,n/a,F
5374,Sohan Islam,17,Female,Rajshahi,7th,95.0,1.9,71,77,57,205.0,graduate,Y,P
8428,Shila Das,12,male,,Six,66.6,2.9,40,95,78,213.0,N/A,Y,PASS
8585,Sabbir Khan,18,MALE,,9th,62.9,3.3,39,30,97,166.0,N/A,Y,Fail
4894,Arif Chowdhury,18,F,SYLHET,10th,86.7,3.3,82,46,85,213.0,primary,Y,fail
9176,Riya Chowdhury,18,male,rajshahi,8,95.4,0.8,50,43,32,125.0,illiterate,N,Fail
9441,Imran Khan,18,O,rajshahi,6th,85.9,4.2,62,37,67,166.0,higher secondary,NO,F
5425,Sohan Hossain,17,,mymensingh,9,90.2,4.0,57,71,91,219.0,graduate,Yes,FAIL
8374,Riya Chowdhury,17,,Dhaka ,Six,93.5,1.9,70,30,62,162.0,Illiterate,YES,pass
1657,Sohan Khan,,O,SYLHET,Ten,96.9,4.0,79,33,80,192.0,illiterate,NO,F
1019,Rahim Talukder,15,female,Sylhet,8th,82.0,3.1,73,51,82,206.0,Graduate,YES,F
5324,Lima Hossain,15,Male,Barishal,10,86.8,1.0,96,30,71,197.0,secondary,,F
8935,Mim Islam,13,Male,Rajshahi,8th,95.9,1.4,47,95,75,217.0,Unknown,0,P
3214 ,Sabbir Sarker,16,O,Rajshahi ,8th,82.9,2.4,41,30,62,133.0,GRADUATE,Y,FAIL
6036,Zayed Hossain,14,other,Dhaka ,9,79.0,1.7,81,57,91,229.0,Graduate,yes,Pass
3032,Shila Khan,14,male,,8th,87.9,5.0,88,78,82,248.0,primary,No,FAIL
4796,Anik Akter,16,F,Khulna,Nine,,6.7,86,61,79,216.0,Graduate,No,fail
9610,Shila Sarker,16,Other,sylhet,9th,83.5,2.4,98,37,38,173.0,Primary,NO,pass
9535,Nusrat Ahmed,18,Other,rangpur,6th,68.9,1.5,55,80,89,224.0,Illiterate,Yes,P
7021,Momo Ahmed,14,FEMALE,barisal,6,94.9,1.5,42,42,39,123.0,primary,Yes,FAIL
6922,Sohan Sarker,13,Female,  Dhaka,10,85.4,2.2,30,73,80,183.0,PRIMARY,0,PASS
5360,Rakib Ahmed,13,F,khulna,10,82.4,4.7,75,62,39,176.0,Primary,n/a,Pass
2823,Sadia Rahman,14,male,sylhet,6,92.9,-2.0,94,47,68,209.0,illiterate,NO,F
8988,Lima Chowdhury,12,,Chattogram,Six,83.1,2.8,43,70,76,189.0,secondary,NO,FAIL
165,Mitu Talukder,15,Other,Barishal,Ten,95.3,3.7,56,86,60,202.0,graduate,,Fail
1920,Zayed Rahman,18,female,DHAKA,10,93.7,3.3,96,69,43,208.0,,1,Pass
4175,Anik Khan,12,MALE,SYLHET,Seven,101.3,3.3,90,46,82,218.0,,,P
2474,Bristi Sarker,18,FEMALE,barisal,Six,90.3,-0.6,79,31,44,154.0,higher secondary,N,P
6358,Rahim Sarker,12,male,CHATTOGRAM,Eight,72.1,2.5,68,,49,117.0,higher secondary,No,PASS
5301,Priya Khan,12,other,sylhet,8th,85.0,2.2,37,85,65,187.0,N/A,N,Pass
3675,Jannat Khan,18,O,Ctg,9,86.5,2.7,53,33,38,124.0,Graduate,,Fail
4916,Rahim Sarker,12,MALE,Rangpur,Six,83.1,-1.7,75,78,44,error,illiterate,no,PASS
6566,Tamim Das,15,F,rajshahi,Six,88.2,2.7,87,94,40,221.0,postgraduate,,F
5356,Imran Islam,14,O,KHULNA ,9th,59.2,3.3,68,41,92,201.0,PRIMARY,,P
7411,Ayesha Khan,17,FEMALE,Dhaka,8,108.0,0.8,96,59,69,224.0,Unknown,Y,Pass
4080,Sohan Rahman,14,other,Rajshahi,8th,77.1,1.7,48,64,77,189.0,Unknown,Y,FAIL
9120,Zayed Sarker,12,,Rajshahi,8th,76.5,4.4,56,65,97,218.0,secondary,N,PASS
4393,Momo Akter,16,male,Mymensign,10th,81.0,1.4,74,91,53,218.0,postgraduate,yes,fail
8157,Lima Islam,11,Male,Khulna,9th,,2.0,85,38,54,177.0,GRADUATE,1,Fail
6023,Sadia Sarker,13,FEMALE,rajshahi,6th,84.1,1.8,80,99,39,218.0,Unknown,Y,PASS
7950,Priya Hossain,18,Female,Khulna,Ten,67.0,5.9,83,70,92,245.0,illiterate,yes,fail
5904,Arif Rahman,15,Female,Barishal,8,85.8,2.4,55,41,36,132.0,Unknown,,fail
2079,Bristi Rahman,16,O,rajshahi,6,92.3,5.0,80,64,82,226.0,N/A,n/a,pass
7869,Tamim Chowdhury,16,,DHAKA,Ten,76.9,5.5,57,33,39,129.0,postgraduate,,Fail
6081,Rahim Islam,13,male,Dhaka ,9th,79.0,4.2,92,56,64,212.0,postgraduate,N,
2001,Bristi Chowdhury,15,F,Mymensingh,10th,89.4,4.2,74,87,30,191.0,illiterate,,Pass
4339,Riya Khan,13,FEMALE,Dhaka ,9,95.1,4.2,85,93,81,259.0,unknown,yes,Fail
5172,Rupa Ahmed,18,other,rangpur,6,72.4,2.7,85,94,70,249.0,graduate,no,fail
27,Kabir Akter,13,male,Mymensingh,6th,71.8,2.0,67,absent,,67.0,Primary,0,PASS
301,Jannat Islam,17,F,rajshahi,8,77.7,1.9,81,81,65,227.0,PRIMARY,N,F
6335,Zayed Islam,12,O,khulna,9,66.8,4.1,65,47,92,204.0,Primary,YES,P
5377,Zayed Talukder,14,,Barisal,10th,82.1,26.5,72,73,91,236.0,Illiterate,N,Fail
3078,Zayed Khan,13,Male,Barisal,Ten,,3.3,98,52,38,188.0,postgraduate,YES,pass
3112,Rahim Islam,11,O,Mymensign,Ten,82.7,3.6,45,75,88,208.0,Graduate,Yes,Pass
7245,Fatema Chowdhury,17,F,dhaka,8th,100.0,3.0,81,40,51,172.0,N/A,YES,Pass
4687,Karim Akter,17,male,Rangpur,7,73.2,4.7,74,65,93,232.0,Illiterate,0,Pass
STU-05731,Nadia Chowdhury,11,MALE,,7th,92.3,2.5,35,96,56,187.0,PRIMARY,yes,pass
5280,Fatema Khan,14,Other,Rajshahi ,Eight,92.3,2.1,92,95,68,255.0,unknown,YES,PASS
5030,Fatema Akter,18,Other,chittagong,6th,92.0,3.9,71,75,,146.0,unknown,Y,
1133,Hasan Hossain,18,M,khulna,6th,90.2,,60,,42,102.0,secondary,Yes,pass
6011,Bristi Hossain,17,Other,Rajshahi,9,81.5,2.1,92,37,56,185.0,Graduate,,Pass
2556,Jannat Khan,13,FEMALE,Barisal,9th,90.7,4.5,79,41,220,340.0,,YES,
7410,Farhan Islam,18,Female,mymensingh,Six,90.6,3.5,81,34,65,180.0,Secondary,0,pass
2216,Jannat Akter,12,Female,Rajshahi ,9th,85.3,3.8,94,46,44,184.0,,YES,FAIL
8943,Sadia Ahmed,fifteen,,Mymensingh,Ten,93.2,4.1,43,83,55,181.0,secondary,1,F
5951,Ayesha Hossain,11,Male,Rajshahi ,10,74.4,2.8,62,87,77,226.0,higher secondary,Yes,fail
6931,Karim Islam,18,,barisal,6,58.7,2.9,86,93,82,261.0,PRIMARY,yes,pass
9311 ,Ayesha Das,13,FEMALE,rangpur,Eight,95.5,0.4,68,34,81,183.0,secondary,no,
5790,Tamim Khan,13,O,mymensingh,7th,75.5,3.7,31,58,70,159.0,Illiterate,1,F
6041 ,Nusrat Chowdhury,16,Female,khulna,7,90.6,4.6,90,43,98,231.0,GRADUATE,1,Pass
STU-02851,Rakib Hossain,12,FEMALE,SYLHET,8,90.2,1.6,72,271,96,439.0,Primary,n/a,FAIL
9525,Rakib Sarker,14,other,chittagong,7th,N/A,2.4,74,57,37,168.0,Higher Secondary,0,PASS
6597,Tanvir Das,11,female,Rajshahi ,8,86.5,3.9,45,44,,89.0,Post Graduate,N,fail
9503,Sadia Chowdhury,11,female,Dhaka,06,91.7,5.5,92,31,60,183.0,Graduate,yes,pass
STU-07543,Mim Rahman,18,Female,rajshahi,06,89.1,4.6,92,65,74,231.0,postgraduate,1,P
7030,Rahim Talukder,11,male,khulna,7th,77.0,2.7,57,32,-36,53.0,Illiterate,NO,Pass
2258,Mitu Akter,16,F,SYLHET,6,96.1,2.2,42,94,,136.0,Illiterate,No,fail
9645,Jannat Hossain,12,FEMALE,SYLHET,9,89.0,3.5,33,47,63,143.0,unknown,Yes,fail
9193,Nusrat Khan,13,other,rajshahi,8th,61.1,4.6,57,70,56,183.0,graduate,YES,
1870,Mim Ahmed,17,Other,Mymensign,9th,85.0,2.0,70,43,34,147.0,illiterate,Y,Pass
2909,Tanvir Chowdhury,12,female,chittagong,6,67.5,4.6,84,68,41,193.0,PRIMARY,No,fail
2663,Mitu Ahmed,14,Female,KHULNA ,7,93.9,4.4,52,66,32,150.0,,yes,Pass
2735,Rakib Rahman,15,Male,Chittagong,06,67.2,3.9,36,51,35,122.0,graduate,,pass
6380,Rafi Das,18,Other,chittagong,8,78.9,1.0,59,80,65,204.0,Secondary,no,Fail
7780,Bristi Sarker,17,female,,06,102.0,6.6,72,78,73,223.0,higher secondary,0,Pass
9148,Imran Chowdhury,13,,Barisal,Eight,78.1,1.4,76,63,37,176.0,Primary,,pass
2094,Rakib Sarker,14,Other,KHULNA ,10th,64.4,4.2,67,85,220,372.0,illiterate,Y,PASS
9466,Priya Akter,11,Male,rajshahi,7th,87.0,2.2,42,39,63,144.0,,Yes,P
4584,Mim Das,14,M,mymensingh,10th,75.3,4.5,54,95,96,245.0,higher secondary,1,F
7487,Imran Khan,fifteen,F,khulna,6,86.2,4.0,38,97,83,218.0,postgraduate,No,Fail
1275,Ayesha Islam,16,,Rajshahi ,Seven,75.7,0.2,59,51,72,182.0,N/A,NO,Fail
8711,Ayesha Ahmed,14,M,Mymensign,8,78.9,4.9,95,47,56,198.0,unknown,N,pass
1929,Ayesha Rahman,15,Other,Mymensign,10,92.2,2.8,32,46,90,168.0,Illiterate,,Pass
STU-08225,Riya Hossain,,male,Dhaka ,6,84.8,5.3,45,80,81,206.0,secondary,YES,
7646,Momo Khan,17,Other,Ctg,Six,87.4,1.4,43,48,89,180.0,illiterate,no,Fail
994,Mitu Khan,13,Male,Rangpur,8th,74.7,1.4,79,88,68,235.0,higher secondary,1,Pass
25,Sadia Islam,12,other,  Dhaka,6th,80.6,2.9,30,48,31,109.0,Graduate,NO,P
2925,Anik Sarker,12,Other,mymensingh,6th,86.5,4.3,93,86,97,276.0,primary,YES,P
645,Rupa Das,18,FEMALE,Barishal,6,83.8,3.3,46,35,48,129.0,Primary,no,P
4933,Bristi Talukder,15,Female,  Dhaka,10th,83.2,3.5,36,31,72,139.0,Unknown,0,Fail
8779,Tanvir Ahmed,16,Other,KHULNA ,6th,83.0,2.3,64,48,,112.0,Secondary,,Pass
8421,Rupa Chowdhury,15,FEMALE,sylhet,7th,64.2,1.4,98,99,53,250.0,unknown,no,pass
STU-07632,jannat sarker,11,other,rangpur,10th,78.9,29.8,96,71,88,255.0,,N,PASS
3124,Ayesha Rahman,15,F,khulna,6,58.4,1.8,98,62,53,213.0,Higher Secondary,NO,pass
5938,Fatema Khan,,female,sylhet,Eight,93.9,3.7,,37,80,117.0,illiterate,N,Fail
STU-03572,Riya Sarker,14,MALE,mymensingh,Eight,85.9,2.7,55,45,36,136.0,PRIMARY,0,
4956,Rahim Ahmed,16,Female,chittagong,8,92.9,0.1,92,99,67,258.0,Secondary,1,fail
146,Sadia Khan,11,FEMALE,Khulna,10,58.0,2.9,62,78,58,198.0,illiterate,Y,
3676,Imran Rahman,12,M,barisal,6th,73.4,5.1,44,71,32,147.0,,Yes,Pass
2538,Jannat Chowdhury,18,,Mymensign,Eight,101.1,1.6,90,45,96,231.0,Unknown,,PASS
6369,Mitu Hossain,17,,SYLHET,Eight,95.3,4.3,31,65,99,195.0,Unknown,1,FAIL
579,Rupa Islam,18,Other,Rajshahi ,06,73.6,3.1,93,73,58,224.0,Unknown,yes,Pass
2157,Priya Sarker,13,other,Rangpur,10th,94.7,0.9,66,40,56,162.0,PRIMARY,no,F
5879,Momo Rahman,11,MALE,Ctg,10,96.5,3.4,94,39,48,181.0,PRIMARY,No,P
1507,Hasan Khan,14,MALE,barisal,Ten,99.3,2.0,77,68,76,221.0,unknown,NO,pass
1682,Rafi Talukder,15,other,Rajshahi ,Six,91.2,5.2,72,32,67,171.0,higher secondary,N,fail
128,Zayed Rahman,14,other,SYLHET,9,93.2,0.4,47,69,68,184.0,postgraduate,NO,F
9486,Mim Hossain,15,male,Mymensingh,06,62.7,5.3,40,85,52,177.0,unknown,No,FAIL
2812,Sohan Khan,17,M,chittagong,9,80.4,2.7,82,57,44,183.0,Primary,NO,PASS
7530,Rahim Chowdhury,15,M,DHAKA,9th,87.9,4.9,43,96,51,190.0,PRIMARY,Yes,pass
3016,Anik Sarker,17,O,Khulna,10th,90.3,1.7,90,47,87,224.0,higher secondary,no,PASS
2287,Ayesha Khan,14,M,Chattogram,7,92.7,0.2,70,79,74,223.0,,No,F
7883,Rakib Islam,17,M,Khulna,Seven,84.8,2.9,86,62,50,,primary,Y,F
4432,Tamim Sarker,18,Other,SYLHET,10,71.2,-0.0,48,77,58,183.0,N/A,,PASS
5972,Sohan Chowdhury,13,other,khulna,Ten,93.3,-4.2,37,59,46,142.0,Illiterate,,Fail
2128,Momo Khan,16,,  Dhaka,7,65.9,6.1,30,94,57,181.0,Post Graduate,YES,Pass
4863,Hasan Talukder,18,O,Barishal,Eight,84.8,4.9,50,84,85,219.0,Post Graduate,n/a,fail
6962,Bristi Sarker,14,Female,Mymensign,10,79.9,2.0,84,37,93,214.0,primary,YES,Fail
8228,Karim Ahmed,18,Male,rangpur,7,78.9,2.0,59,82,60,201.0,illiterate,yes,Pass
2307,Ayesha Chowdhury,15,Female,dhaka,9,84.6,0.5,47,99,40,186.0,GRADUATE,yes,Fail
5830,Jannat Hossain,14,FEMALE,,Eight,94.4,4.1,54,79,99,232.0,Post Graduate,Yes,PASS
5541,Priya Talukder,16,,SYLHET,Six,117.7,1.4,56,30,93,179.0,Secondary,yes,
6878,Hasan Sarker,17,M,rangpur,Seven,104.2,2.8,73,62,55,190.0,higher secondary,,Pass
6963,Nadia Hossain,13,O,chittagong,7,84.9,3.0,56,68,82,206.0,Primary,No,F
2289,Ayesha Hossain,12,F,rangpur,6,74.3,1.8,69,70,38,177.0,N/A,No,Pass
7746,Anik Hossain,15,Male,SYLHET,7th,100.0,3.2,78,85,70,233.0,GRADUATE,,
6930 ,Tamim Chowdhury,16,male,Barishal,10th,81.3,3.5,30,77,62,169.0,Illiterate,yes,FAIL
894,Fatema Sarker,18,,SYLHET,Nine,97.0,3.1,48,87,52,187.0,secondary,YES,PASS
4061,Lima Sarker,11,male,khulna,Eight,-48.9,2.3,64,36,85,185.0,GRADUATE,,pass
3941,Farhan Sarker,15,Female,Dhaka,9th,91.5,1.6,73,74,98,245.0,postgraduate,0,F
2573,Fatema Das,13,M,mymensingh,Seven,101.8,2.7,45,96,93,234.0,PRIMARY,N,pass
5497,Bristi Hossain,12,female,dhaka,10th,85.2,4.1,96,45,42,183.0,graduate,Y,P
7515,Nadia Rahman,14,FEMALE,CHATTOGRAM,Ten,90.0,2.0,65,49,72,186.0,illiterate,yes,PASS
282,Riya Akter,14,male,Mymensign,Six,,3.6,76,84,91,251.0,N/A,N,F
9519,Anik Ahmed,194,male,SYLHET,7,85.7,3.0,66,,41,107.0,postgraduate,Yes,FAIL
6671,Imran Das,18,Female,Rangpur,Six,80.3,1.7,39,99,44,182.0,Primary,Y,Pass
900,Imran Akter,13,male,khulna,9,87.5,4.2,82,79,44,205.0,Primary,NO,fail
3621,Farhan Sarker,16,MALE,Sylhet,6th,-36.0,3.6,31,90,33,154.0,GRADUATE,No,Pass
9081,Riya Akter,14,other,rangpur,Seven,100.5,3.1,70,55,59,184.0,primary,1,pass
1716,Zayed Islam,18,,Dhaka,Seven,72.4,4.5,85,82,97,264.0,Primary,yes,
8281,Sohan Akter,12,,Rajshahi,Six,92.5,2.0,95,52,65,212.0,primary,No,fail
6413,Bristi Hossain,11,O,Dhaka ,7th,80.4,1.9,65,77,75,217.0,Primary,yes,FAIL
6971,Karim Islam,18,Male,SYLHET,Eight,108.9,4.7,33,58,33,124.0,N/A,n/a,Fail
6002,Nusrat Rahman,15,FEMALE,Mymensign,6th,73.8,-0.5,80,72,96,248.0,N/A,1,P
8617,Hasan Sarker,17,FEMALE,rangpur,8,87.2,-3.3,61,84,54,199.0,higher secondary,0,pass
6093,Sadia Ahmed,15,Female,Mymensign,Six,84.4,22.5,95,86,71,252.0,Graduate,no,Fail
7478,Ayesha Talukder,16,M,Khulna,Ten,70.5,2.9,83,37,62,182.0,N/A,YES,
6060,Shila Ahmed,11,,Rajshahi ,10th,93.2,3.0,57,52,41,150.0,Graduate,no,FAIL
134,Rakib Chowdhury,16,MALE,mymensingh,9th,84.5,5.8,67,42,60,169.0,illiterate,No,
8098,Mim Rahman,14,MALE,  Dhaka,7th,99.8,4.4,59,77,94,,PRIMARY,No,fail
3583,Riya Khan,12,Male,Mymensign,Eight,93.4,2.7,43,142,36,221.0,Post Graduate,,Pass
2318,Bristi Chowdhury,14,FEMALE,Rajshahi,7th,89.1,2.5,74,50,52,176.0,secondary,yes,
260,Bristi Talukder,15,male,Khulna,Nine,85.9,1.2,115,72,77,264.0,PRIMARY,No,F
585,Nadia Akter,17,FEMALE,sylhet,8th,105.8,5.1,79,41,52,172.0,Illiterate,Yes,FAIL
476,Sabbir Das,17,female,Barishal,9,90.4,3.1,57,51,46,154.0,unknown,No,FAIL
9157,Mim Ahmed,14,male,Sylhet,9,96.5,29.6,88,86,91,265.0,postgraduate,Yes,fail
6970,Tamim Chowdhury,17,M,Barishal,8th,75.5,3.5,81,40,48,169.0,GRADUATE,n/a,pass
8611,Momo Islam,13,female,rangpur,10,67.8,2.5,93,48,56,197.0,primary,No,FAIL
4408,Rakib Chowdhury,17,FEMALE,Ctg,06,90.6,2.2,82,59,90,231.0,postgraduate,,FAIL
6351,Nadia Akter,15,female,Mymensingh,Eight,90.2,4.7,40,53,53,146.0,,1,FAIL
6700,Bristi Das,15,other,dhaka,7,66.4,1.3,39,89,54,182.0,,1,pass
3893,Priya Chowdhury,18,female,barisal,Six,85.2,1.3,69,46,61,176.0,GRADUATE,Y,Fail
4401,Tanvir Ahmed,12,Other,rajshahi,7,84.3,3.2,69,83,42,194.0,illiterate,NO,F
5283,Bristi Rahman,13,O,Mymensingh,7th,71.2,0.5,53,51,97,201.0,postgraduate,N,pass
8838,Shila Akter,12,FEMALE,SYLHET,10th,72.6,3.4,31,63,61,155.0,Unknown,No,FAIL
2458,Sabbir Chowdhury,245,F,barisal,Nine,79.8,4.5,95,80,40,215.0,Illiterate,Y,F
185,Sabbir Ahmed,16,O,rangpur,9,68.2,,34,94,78,206.0,Higher Secondary,1,Fail
4233,Farhan Islam,17,Other,Chittagong,Nine,78.5,5.2,41,99,83,223.0,Graduate,yes,PASS
1641,Sadia Khan,18,FEMALE,Dacca,Ten,76.0,1.9,-44,76,93,125.0,Graduate,Y,PASS
3118,Jannat Hossain,16,F,Mymensingh,06,87.5,1.3,93,50,56,199.0,graduate,0,PASS
1996,Zayed Chowdhury,14,F,Barishal,9th,79.0,4.8,60,32,59,151.0,Primary,no,FAIL
5724,Ayesha Hossain,12,,Chittagong,Eight,80.9,2.3,93,56,60,209.0,graduate,N,Fail
5788,Momo Talukder,18,female,Mymensingh,Six,70.1,1.2,93,68,30,191.0,GRADUATE,Yes,P
705,Momo Ahmed,14,F,rajshahi,Seven,91.6,1.9,31,53,33,117.0,Secondary,yes,pass
5018,Fatema Akter,17,FEMALE,  Dhaka,9th,85.1,2.4,47,84,85,216.0,PRIMARY,No,F
6682,Hasan Talukder,16,Other,rajshahi,6,,24.1,57,50,40,147.0,primary,N,pass
9510,Tanvir Talukder,18,,Chattogram,9,98.2,2.9,32,99,38,169.0,,,fail
433,Rafi Khan,12,Other,Rangpur,6,117.5,1.1,-24,52,44,72.0,illiterate,0,Pass
5039,Zayed Talukder,15,,barisal,10,87.3,2.0,30,36,77,143.0,Graduate,n/a,Fail
7129,Zayed Chowdhury,15,Male,Rangpur,Seven,100.6,3.9,73,77,56,206.0,unknown,1,fail
4307,Riya Talukder,17,FEMALE,DHAKA,8th,-10.2,0.7,64,38,67,169.0,N/A,Yes,Fail
STU-06297,Hasan Chowdhury,17,F,Chattogram,Seven,89.7,21.7,98,62,77,237.0,Higher Secondary,Y,Fail
5558,Arif Akter,12,F,rajshahi,Ten,95.7,2.6,94,89,85,268.0,Higher Secondary,yes,Pass
1882,Priya Rahman,14,Female,barisal,06,,1.5,59,59,60,178.0,Higher Secondary,1,Fail
905,Mim Sarker,14,male,Barishal,10th,98.1,2.7,38,41,98,177.0,illiterate,Y,Fail
2377,Zayed Rahman,,male,Dhaka,6,82.2,2.3,83,46,67,196.0,,no,
5115,Nusrat Khan,17,,Khulna,10th,91.7,4.0,87,69,97,253.0,,0,F
4596,Rakib Sarker,18,O,CHATTOGRAM,9,99.2,-4.7,46,72,95,213.0,postgraduate,YES,Pass
STU-04784,Tamim Das,16,F,SYLHET,9th,89.0,3.2,59,41,96,196.0,Higher Secondary,No,pass
3528,Rupa Khan,13,O,Mymensingh,Ten,88.2,4.7,56,42,86,184.0,primary,NO,P
8211,Sabbir Talukder,13,male,Mymensign,9th,79.4,4.3,32,52,33,117.0,N/A,yes,FAIL
8621,Hasan Akter,12,MALE,Rangpur,9,107.8,3.0,56,78,75,209.0,secondary,Yes,P
5825,Priya Hossain,13,MALE,Chittagong,Nine,90.4,-0.7,33,74,35,142.0,N/A,,FAIL
6470,Sohan Akter,11,,Barishal,06,93.2,3.1,86,90,73,,higher secondary,Y,
4760,Sadia Talukder,17,,SYLHET,9th,97.9,1.3,75,90,72,237.0,Unknown,NO,FAIL
2626,Imran Ahmed,12,,dhaka,7,115.3,4.8,52,65,86,203.0,secondary,yes,fail
1179,Sadia Das,18,Other,Barisal,06,93.0,0.5,68,30,68,166.0,Post Graduate,n/a,Pass
STU-08699,Hasan Chowdhury,17,female,,Eight,87.5,5.7,97,-17,57,137.0,Post Graduate,Y,FAIL
454,Rakib Khan,16,male,mymensingh,Nine,93.3,1.7,58,57,40,155.0,Post Graduate,Yes,P
2411,Ayesha Sarker,18,Other,rajshahi,Six,71.9,3.3,31,50,79,,N/A,1,FAIL
8329,Riya Islam,16,Other,SYLHET,8th,73.8,,59,33,96,188.0,higher secondary,No,pass
1277,Sabbir Das,11,Female,chittagong,Ten,88.8,4.0,94,73,72,239.0,Higher Secondary,Y,
4115,Shila Talukder,15,,Barisal,6th,78.0,2.2,38,61,104,203.0,Illiterate,YES,FAIL
5273,Karim Talukder,14,female,Dacca,7,85.7,3.9,97,91,78,266.0,N/A,No,fail
7989,Shila Sarker,11,Other,chittagong,8,,3.0,84,76,91,251.0,Graduate,Yes,fail
3186,Fatema Rahman,17,F,Mymensign,7th,78.6,0.2,93,55,96,,higher secondary,No,P
2723,Rafi Khan,15,Male,Mymensingh,Nine,75.5,2.8,94,35,,129.0,GRADUATE,N,Pass
8931,,18,Other,Khulna,10th,76.2,2.9,54,30,91,175.0,unknown,NO,
6306,Lima Islam,17,female,Rangpur,7,85.8,4.5,38,57,93,188.0,primary,YES,F
2225,Tamim Chowdhury,14,Female,Rajshahi ,Six,89.6,5.6,83,73,71,227.0,,NO,fail
STU-00256,Hasan Ahmed,18,F,Rangpur,10th,94.8,1.0,44,94,44,182.0,Unknown,No,Pass
1525,Sabbir Das,13,M,Rajshahi,6,77.8,5.6,32,57,58,147.0,Graduate,n/a,pass
1186,Farhan Islam,17,,DHAKA,6,74.0,2.9,33,83,54,170.0,higher secondary,No,P
7053,Karim Das,17,MALE,Barisal,Seven,86.1,2.1,57,74,94,225.0,Unknown,NO,P
2306,Kabir Sarker,11,,sylhet,6,77.1,4.1,47,44,55,146.0,Post Graduate,Yes,Fail
5543,Sadia Talukder,12,FEMALE,CHATTOGRAM,9th,95.0,3.4,30,56,81,167.0,Unknown,N,
1429,Anik Hossain,12,MALE,chittagong,8,93.9,0.5,49,77,83,209.0,Primary,yes,pass
2026,Momo Akter,14,F,Mymensign,6,68.4,5.8,46,43,171,260.0,Higher Secondary,no,fail
6236,Rupa Hossain,15,other,khulna,10th,95.1,4.2,61,83,68,212.0,Illiterate,Y,fail
1427,Rafi Das,15,Male,Rangpur,10th,93.0,3.3,81,57,47,185.0,secondary,N,PASS
2614,Mim Akter,15,,Rajshahi ,8,90.2,4.3,80,92,44,,Secondary,Yes,FAIL
1497,Shila Khan,12,other,dhaka,10th,72.5,4.3,57,96,39,192.0,postgraduate,Yes,P
9628,Arif Hossain,15,Female,dhaka,8,85.6,4.4,88,87,31,206.0,Higher Secondary,0,FAIL
2443,Sohan Sarker,18,Male,mymensingh,Ten,84.2,2.5,42,41,30,125.0,Post Graduate,yes,Fail
6740,Hasan Sarker,17,Female,Chattogram,6th,82.5,0.7,52,87,40,179.0,Post Graduate,Y,
9430,Nusrat Chowdhury,14,other,Dacca,9th,83.0,-0.0,71,76,35,182.0,graduate,N,Pass
4880,Mitu Rahman,16,FEMALE,Mymensign,6th,68.3,,32,35,42,109.0,Secondary,Y,Pass
5672,Shila Ahmed,16,Other,rangpur,Nine,87.9,3.2,73,75,98,246.0,GRADUATE,Yes,PASS
5293,Tamim Hossain,169,F,khulna,Ten,80.0,3.4,42,83,82,207.0,PRIMARY,n/a,Fail
8178,Kabir Khan,13,Male,rangpur,8,85.1,2.1,81,85,97,263.0,unknown,no,
9349,Nadia Khan,17,other,Rajshahi ,06,89.6,2.7,33,30,69,132.0,Primary,N,Pass
432,Sadia Islam,13,MALE,Sylhet,9th,88.8,,81,99,84,264.0,Secondary,no,F
8700,Rafi Islam,18,male,Mymensign,10,87.1,2.1,79,55,-46,88.0,postgraduate,Yes,FAIL
3294,Fatema Ahmed,17,O,barisal,9,91.4,2.5,,36,78,114.0,Unknown,1,P
4752,Riya Talukder,18,Other,Chittagong,9,92.4,3.2,95,55,52,202.0,Primary,0,FAIL
2888,Lima Akter,17,other,barisal,Ten,91.5,1.3,52,76,95,223.0,illiterate,yes,PASS
5488,Rupa Das,18,FEMALE,Barishal,9,98.1,2.5,98,74,87,,unknown,YES,F
9777,Farhan Akter,12,F,khulna,Ten,81.4,2.3,77,61,-35,103.0,graduate,YES,P
8666,Rahim Rahman,11,,barisal,7,77.7,4.7,52,56,35,143.0,primary,N,PASS
9405,Tanvir Rahman,17,female,DHAKA,10th,90.8,3.6,84,47,72,203.0,graduate,yes,Fail
8400,Arif Khan,11,male,Rajshahi ,Ten,101.2,2.1,79,58,57,194.0,,N,Pass
6882,Imran Sarker,14,female,chittagong,8th,69.2,3.1,39,62,48,149.0,,YES,pass
3783,Nusrat Chowdhury,13,female,DHAKA,6th,86.4,2.9,78,31,99,208.0,primary,N,Pass
1027,Rafi Rahman,12,M,rangpur,7th,102.5,2.4,56,70,46,172.0,Primary,0,FAIL
8302,Ayesha Hossain,13,M,rangpur,06,81.5,3.6,48,60,83,191.0,PRIMARY,no,fail
986,Fatema Hossain,12,F,Dhaka ,10th,93.5,3.6,30,71,81,182.0,primary,yes,Pass
1982,Mitu Rahman,164,Female,Mymensign,8th,78.8,4.8,80,-44,68,104.0,Primary,YES,F
1033,Momo Akter,11,M,Rangpur,8,94.3,4.1,92,58,41,191.0,GRADUATE,0,PASS
4407,Jannat Sarker,15,F,Barishal,Eight,72.6,4.9,84,43,84,211.0,Higher Secondary,n/a,PASS
6596,Rakib Akter,15,MALE,DHAKA,7,81.9,3.2,34,81,42,157.0,Higher Secondary,Y,Fail
2579,Hasan Akter,13,Female,rangpur,Nine,87.2,2.1,90,44,61,195.0,unknown,Yes,Pass
5934,Rafi Das,11,M,mymensingh,Eight,78.9,5.7,42,76,37,155.0,,n/a,FAIL
8490,Kabir Das,17,FEMALE,rajshahi,Seven,101.0,,57,54,95,206.0,Illiterate,NO,PASS
6618,Kabir Sarker,15,,rangpur,8th,92.5,1.7,81,-14,87,154.0,Unknown,Y,fail
4826,Rupa Talukder,11,M,Chattogram,8th,114.1,2.3,97,44,86,227.0,higher secondary,YES,Fail
8493,Nusrat Das,18,other,khulna,Nine,181.7,4.4,87,53,,140.0,illiterate,No,Fail
7889,Riya Akter,18,Female,rangpur,8th,87.2,2.1,37,37,66,140.0,secondary,no,Pass
6541,Farhan Ahmed,17,female,khulna,9th,102.0,2.3,30,46,56,132.0,unknown,no,Fail
5797,Lima Das,14,male,Mymensingh,8th,205.6,3.1,38,86,74,198.0,secondary,yes,FAIL
8746,Riya Talukder,15,MALE,mymensingh,Nine,89.3,5.1,94,77,65,236.0,Unknown,YES,F
4650,Fatema Chowdhury,12,male,Mymensingh,8th,93.9,4.1,31,37,72,140.0,illiterate,YES,P
3661 ,Nadia Rahman,15,M,Sylhet,7,86.2,1.4,60,58,absent,118.0,unknown,N,PASS
7462,Lima Islam,18,O,Sylhet,Six,79.0,3.0,51,86,59,196.0,Unknown,no,fail
8880,Bristi Hossain,14,Female,chittagong,Six,85.7,3.7,37,66,82,185.0,GRADUATE,0,
7964,Bristi Islam,16,O,Sylhet,Eight,94.6,3.8,84,66,41,191.0,primary,yes,pass
6973,Karim Chowdhury,18,Male,Barisal,9th,73.1,3.0,49,53,-21,81.0,Post Graduate,N,PASS
4415,Bristi Akter,11,F,CHATTOGRAM,Seven,76.7,1.9,86,75,62,223.0,Illiterate,yes,pass
1939,Arif Islam,17,F,mymensingh,10th,93.0,1.9,,75,49,124.0,GRADUATE,Yes,fail
7069,Fatema Chowdhury,18,other,SYLHET,9,91.4,4.9,39,81,97,217.0,,Yes,PASS
3708,Imran Khan,14,F,chittagong,6th,76.8,0.8,44,68,71,183.0,N/A,YES,F
1723,Sadia Rahman,17,F,SYLHET,7th,90.8,2.6,48,77,64,189.0,secondary,n/a,P
9382,Momo Sarker,295,Female,  Dhaka,8,77.9,3.3,94,64,80,238.0,illiterate,,Pass
4246,Kabir Das,15,MALE,Khulna,Seven,87.3,5.2,45,62,89,196.0,higher secondary,,pass
STU-04099,Nusrat Das,16,Other,Ctg,Ten,83.1,2.4,64,89,32,185.0,primary,NO,F
8690,Rakib Sarker,-12,FEMALE,Chattogram,Ten,70.1,3.7,-19,91,77,149.0,Post Graduate,N,
9730,Momo Khan,15,MALE,Sylhet,7,82.0,3.2,56,89,56,201.0,N/A,NO,fail
3064,Mitu Sarker,13,,Rajshahi,Ten,91.9,4.1,,57,62,119.0,Graduate,0,P
2671,Rahim Islam,17,Other,Mymensingh,8th,-10.4,5.8,99,78,73,250.0,Primary,Y,fail
6474,Mim Akter,18,FEMALE,Mymensingh,6,68.2,1.7,43,56,66,165.0,Primary,,FAIL
1515,Mim Akter,16,O,Rajshahi,Ten,86.2,0.7,63,74,56,193.0,primary,,pass
6532,Zayed Islam,13,male,rangpur,9,68.3,2.5,40,62,54,156.0,Graduate,1,FAIL
1886,Bristi Khan,13,FEMALE,sylhet,6,90.1,2.1,54,54,30,138.0,Graduate,yes,fail
1061,Priya Sarker,11,,mymensingh,Eight,-44.1,1.6,90,67,32,189.0,Graduate,yes,fail
7458,Nadia Ahmed,18,FEMALE,Mymensign,9,95.0,0.6,60,94,47,201.0,Graduate,YES,P
1404,Rafi Khan,12,Male,Barishal,Seven,75.3,5.6,48,95,68,211.0,GRADUATE,NO,FAIL
4056,Nusrat Chowdhury,13,male,khulna,7th,73.5,2.9,92,90,86,268.0,higher secondary,yes,pass
6104,Tamim Das,14,Male,Dacca,6th,85.1,0.4,95,51,41,187.0,Unknown,no,Pass
8980,Sadia Sarker,14,female,rangpur,Eight,101.0,0.9,91,76,90,257.0,higher secondary,0,PASS
7249,Fatema Das,11,Other,Rajshahi,9th,77.6,0.7,97,39,91,227.0,N/A,YES,Pass
5803 ,Hasan Khan,18,FEMALE,Barishal,7th,100.9,5.5,50,,76,126.0,secondary,No,PASS
2414,Rafi Rahman,15,FEMALE,chittagong,Seven,85.3,2.4,79,69,75,223.0,graduate,yes,Pass
3398,Jannat Rahman,13,male,Dacca,10,93.6,2.0,40,34,95,169.0,higher secondary,Y,Fail
2328,Momo Talukder,18,F,barisal,10,85.5,4.1,89,,96,185.0,GRADUATE,yes,Fail
3546,Rakib Rahman,15,M,Rangpur,Eight,95.2,1.7,69,47,65,181.0,Post Graduate,N,Fail
4587,Hasan Akter,16,other,Mymensign,06,82.2,3.8,94,89,55,238.0,unknown,YES,F
1176,Farhan Akter,17,Other,Sylhet,10,84.3,4.3,78,80,89,247.0,unknown,YES,Pass
8013,Karim Das,11,M,Mymensign,7,91.7,3.3,98,81,65,,Post Graduate,0,FAIL
9386,Bristi Sarker,13,Female,Rajshahi,9th,87.2,2.7,96,39,49,184.0,illiterate,n/a,fail
1107,Rakib Talukder,11,M,Rajshahi ,Seven,,2.7,42,60,57,159.0,,no,F
STU-08678,Tanvir Chowdhury,16,O,Mymensingh,Nine,100.2,3.1,65,73,92,230.0,graduate,no,PASS
595,Jannat Das,13,MALE,Ctg,8th,74.7,4.7,286,32,98,416.0,postgraduate,No,Fail
3262,Sohan Hossain,18,O,chittagong,06,76.2,3.4,49,47,83,179.0,postgraduate,no,P
3329,Lima Das,11,,Barishal,Nine,88.3,1.7,63,98,37,198.0,GRADUATE,N,F
3151,Mitu Das,11,Other,Rajshahi ,Six,84.2,3.2,41,61,67,169.0,illiterate,Yes,F
132,Ayesha Hossain,11,M,Khulna,Six,94.7,3.1,65,58,67,190.0,higher secondary,yes,pass
8745,Jannat Hossain,14,Female,,Ten,80.8,0.4,90,-42,47,95.0,Higher Secondary,NO,
6058,Rahim Sarker,12,F,CHATTOGRAM,9,72.8,,67,56,39,162.0,N/A,yes,Pass
9480,Rafi Khan,13,MALE,KHULNA ,Seven,80.7,3.1,37,63,98,198.0,Secondary,0,P
9302,Sabbir Islam,18,MALE,rangpur,7,91.3,3.8,68,85,67,220.0,graduate,Yes,FAIL
4831,Arif Hossain,14,FEMALE,chittagong,10th,76.2,3.9,-39,99,89,149.0,Post Graduate,Y,pass
2332,Riya Ahmed,15,O,Khulna,7,79.8,2.2,92,62,44,198.0,GRADUATE,1,FAIL
3640,Tanvir Sarker,11,Other,Rajshahi ,Seven,74.0,1.1,42,88,42,error,Illiterate,Yes,FAIL
5814,Mim Talukder,18,Other,rajshahi,Six,96.8,4.5,37,61,74,172.0,GRADUATE,Yes,Fail
8768,Farhan Khan,16,male,rajshahi,10th,78.0,4.0,49,48,47,144.0,secondary,NO,P
2352,Rupa Talukder,15,male,rajshahi,Ten,79.8,3.8,90,75,80,245.0,,n/a,pass
1147,Jannat Das,15,Other,Chittagong,8th,83.8,4.4,86,93,86,265.0,Higher Secondary,Yes,PASS
7381,Sohan Talukder,11,other,Rangpur,6,86.5,8.0,38,73,87,198.0,unknown,,pass
2652,Hasan Das,16,M,mymensingh,Nine,89.2,3.5,84,54,38,176.0,,N,fail
8385,Sabbir Hossain,16,O,Rangpur,Ten,96.0,2.3,84,77,78,239.0,,n/a,F
1797,Rahim Hossain,15,F,Mymensingh,8,79.9,3.4,65,35,64,164.0,Post Graduate,No,Fail
2288,Jannat Akter,17,Female,Barishal,10,81.8,-3.3,94,85,70,249.0,higher secondary,NO,
5980,Tanvir Sarker,17,O,Mymensign,Seven,91.1,5.4,44,76,,120.0,postgraduate,1,F
4328,Momo Hossain,14,M,Rajshahi,10th,83.8,2.0,58,69,48,175.0,Secondary,Y,
9275,Sohan Talukder,12,female,Mymensingh,8th,92.5,3.8,85,94,84,263.0,Secondary,No,pass
6179,Rakib Hossain,17,male,Mymensign,9th,80.4,2.6,39,43,34,116.0,postgraduate,Yes,pass
4095,Hasan Rahman,11,M,Mymensign,10,126.5,1.8,67,74,69,210.0,illiterate,No,Fail
4285,Tanvir Sarker,14,MALE,Barishal,10th,86.3,0.0,84,69,53,206.0,GRADUATE,NO,F
5740,Bristi Hossain,17,FEMALE,mymensingh,10,78.7,2.4,38,,93,131.0,GRADUATE,,
8173,Zayed Chowdhury,13,female,barisal,6,68.3,3.9,99,35,71,205.0,graduate,yes,P
5068,Anik Sarker,18,other,  Dhaka,Seven,88.6,0.5,37,113,36,186.0,Unknown,no,Pass
7903,Shila Khan,14,O,chittagong,9,80.4,4.6,71,,57,128.0,graduate,0,FAIL
8360,Nadia Ahmed,-8,FEMALE,Rajshahi,06,93.1,3.0,39,63,47,149.0,graduate,n/a,
9802,kabir islam,11,Female,Mymensingh,06,72.6,4.0,63,32,35,130.0,Graduate,yes,
5367,Momo Chowdhury,13,other,mymensingh,10,N/A,2.7,31,84,63,178.0,graduate,yes,PASS
6115,Karim Das,11,Female,Ctg,Ten,85.1,3.8,92,52,95,239.0,GRADUATE,1,
8708,Farhan Rahman,15,other,Rajshahi,Seven,86.6,2.1,62,82,65,209.0,Higher Secondary,NO,fail
7225,Hasan Akter,16,Female,rangpur,7th,77.6,6.6,30,86,96,212.0,graduate,0,P
4072,Sabbir Talukder,11,M,Barisal,9,76.4,3.9,75,81,58,214.0,primary,0,Pass
6182,Mitu Talukder,16,male,,10,99.7,1.4,41,63,55,159.0,Unknown,N,FAIL
3318,Nadia Chowdhury,15,Male,Rangpur,6,90.2,3.6,48,46,83,177.0,secondary,NO,
3385,Riya Rahman,11,O,Barisal,7,92.6,3.4,68,60,41,169.0,Secondary,1,FAIL
4024,Nusrat Chowdhury,17,O,Mymensign,10th,79.5,2.3,98,98,45,241.0,Primary,No,
8955,Rafi Sarker,17,female,KHULNA ,8th,95.4,2.9,97,30,43,170.0,illiterate,N,FAIL
8376,Arif Talukder,15,Other,rangpur,9th,211.5,2.9,66,52,84,202.0,,Y,fail
6701,Anik Hossain,12,O,sylhet,Eight,78.6,4.2,61,54,45,160.0,N/A,N,fail
8920,Rahim Chowdhury,14,Female,Rangpur,8,93.7,2.3,92,60,90,,Secondary,N,Pass
8233,Shila Islam,11,,Dacca,7th,87.7,4.7,58,57,46,161.0,secondary,1,Pass
9244,Ayesha Hossain,17,FEMALE,chittagong,10th,91.4,3.4,65,94,40,199.0,primary,Yes,Fail
5999,Lima Talukder,12,MALE,Barishal,10th,106.2,3.1,57,40,78,175.0,Primary,,PASS
6826,Imran Hossain,13,Other,rangpur,Seven,81.1,2.2,55,73,42,170.0,graduate,no,fail
3694,Rahim Rahman,17,MALE,Dhaka ,10th,75.5,2.0,96,33,76,205.0,Illiterate,N,pass
6343,Hasan Islam,12,FEMALE,,10th,87.3,4.4,78,61,95,234.0,N/A,no,F
2593,rupa rahman,17,MALE,Ctg,10,87.4,2.8,87,88,77,252.0,illiterate,Yes,F
2672,Rupa Rahman,13,,Barishal,8th,66.1,-0.4,80,86,87,253.0,N/A,n/a,fail
187,Mitu Hossain,15,MALE,Mymensingh,8th,84.7,3.4,78,97,41,216.0,PRIMARY,YES,PASS
8220,Hasan Talukder,,Other,Rangpur,06,93.4,3.8,33,32,44,109.0,postgraduate,0,FAIL
318,Rakib Chowdhury,11,female,sylhet,10,74.6,0.1,51,59,73,183.0,Illiterate,yes,FAIL
5117,Rafi Ahmed,16,Male,Barisal,9,67.0,6.5,50,78,35,163.0,unknown,,Pass
4273,Farhan Akter,15,MALE,Barishal,Eight,94.6,1.1,43,46,67,156.0,higher secondary,YES,Pass
3471,Rupa Islam,16,O,chittagong,Seven,94.7,1.0,73,59,64,196.0,PRIMARY,yes,
4883,Zayed Rahman,14,M,Ctg,9th,87.7,3.9,94,74,84,252.0,postgraduate,,Fail
2250,Nadia Islam,15,F,khulna,10th,83.4,2.4,96,97,95,288.0,GRADUATE,0,F
1612,Karim Akter,18,Other,Chittagong,8,71.0,2.0,30,86,82,198.0,Primary,YES,PASS
6296,kabir das,16,male,Barisal,8th,84.9,1.7,41,86,47,174.0,Secondary,Yes,FAIL
4973,Mitu Islam,16,O,Rangpur,Ten,-16.4,1.3,82,45,55,182.0,Higher Secondary,yes,Fail
2719,Priya Das,17,,Mymensign,10,105.4,5.0,34,82,59,175.0,unknown,n/a,P
6929,Anik Rahman,11,Other,Khulna,6,92.4,25.5,67,95,86,248.0,,yes,pass
1032,Rakib Khan,18,M,khulna,7th,75.8,3.3,34,96,40,170.0,Higher Secondary,No,Pass
7643,Hasan Akter,16,FEMALE,Rangpur,Eight,144.7,6.8,79,83,92,254.0,Higher Secondary,NO,F
4597,Rafi Rahman,14,Female,Barishal,8,104.6,1.9,35,45,31,111.0,secondary,Yes,Pass
7542,Rakib Talukder,15,MALE,dhaka,Nine,93.3,2.5,159,80,45,284.0,N/A,1,pass
5732,Sohan Islam,11,Other,rajshahi,Seven,86.1,2.1,66,50,57,173.0,Graduate,,PASS
4292,Fatema Talukder,14,Other,Rangpur,10,96.2,4.4,58,36,98,192.0,graduate,Yes,Pass
6553,Imran Akter,17,MALE,barisal,Six,88.9,0.9,83,82,58,223.0,N/A,NO,F
8457,Anik Islam,,Male,Barishal,10,100.1,2.3,30,38,47,115.0,postgraduate,NO,
6001,Rakib Islam,13,female,Rajshahi,7,87.6,2.2,67,95,72,234.0,N/A,1,fail
1151,Rupa Ahmed,16,FEMALE,barisal,9,92.0,4.1,75,65,87,227.0,Secondary,,FAIL
9536,Jannat Akter,18,M,Rajshahi,8th,63.4,1.9,35,36,89,160.0,Graduate,yes,
8210,Anik Chowdhury,15,Male,rajshahi,Nine,71.5,1.3,68,83,91,242.0,primary,NO,
4,Rupa Talukder,18,Male,Rajshahi,Nine,75.9,0.9,91,91,76,258.0,,YES,Fail
STU-04119,Rahim Talukder,11,male,Khulna,7th,77.8,3.1,37,60,40,137.0,Post Graduate,N,F
8938,Rafi Islam,15,FEMALE,Rangpur,10th,90.3,,88,96,62,246.0,GRADUATE,0,pass
3518,Ayesha Islam,17,FEMALE,Barisal,Eight,93.2,3.8,64,79,38,181.0,secondary,Yes,P
5743,Sadia Sarker,14,other,barisal,9,97.6,2.0,97,33,33,163.0,unknown,n/a,Pass
4666,Rahim Khan,15,,khulna,7th,67.8,2.6,82,95,78,255.0,Secondary,YES,PASS
9211,Karim Chowdhury,16,other,KHULNA ,Seven,83.8,5.6,46,62,59,167.0,unknown,No,Fail
STU-03364,Anik Akter,18,Female,Dhaka ,8th,101.6,5.0,37,46,91,174.0,illiterate,N,PASS
7738,Sadia Ahmed,-2,O,Mymensign,8,100.5,3.1,43,43,-37,49.0,Unknown,no,pass
1885,Mitu Khan,12,Female,barisal,9,100.2,4.7,78,31,96,205.0,Illiterate,0,
1003,Bristi Talukder,14,Female,Rajshahi,9,76.0,1.9,45,,41,86.0,Illiterate,N,fail
633,Ayesha Rahman,11,Male,Mymensign,8th,71.2,3.4,53,87,52,192.0,,NO,PASS
4949,Hasan Das,15,other,khulna,Six,94.8,6.3,93,57,38,188.0,Graduate,YES,Fail
4418,Hasan Akter,15,FEMALE,CHATTOGRAM,7,83.4,2.0,68,94,64,226.0,Unknown,no,Fail
2014,Momo Akter,16,MALE,Sylhet,8,64.5,4.6,,95,66,161.0,PRIMARY,n/a,P
8555,Tanvir Das,17,male,Chittagong,Nine,73.9,4.0,66,70,90,226.0,,Yes,PASS
3228,Ayesha Hossain,17,Male,,Seven,84.0,6.1,90,94,55,239.0,,n/a,Pass
5212 ,Jannat Das,18,MALE,Chittagong,9th,91.8,2.0,71,98,86,255.0,GRADUATE,n/a,PASS
3645,Mitu Das,13,male,Barishal,7,74.4,0.9,58,52,60,170.0,secondary,N,F
423,Momo Chowdhury,15,Female,sylhet,Seven,74.2,3.5,46,51,97,194.0,graduate,,P
8835,Rakib Islam,15,Female,mymensingh,Nine,99.3,5.1,95,47,68,210.0,Graduate,1,PASS
6659,Priya Hossain,17,M,mymensingh,Eight,99.7,3.2,30,84,56,170.0,Secondary,yes,
8744,Rafi Hossain,17,O,sylhet,Seven,95.9,3.8,43,62,48,,Primary,1,fail
8174,Sadia Talukder,13,Other,khulna,7th,96.6,2.6,47,53,92,192.0,GRADUATE,Yes,PASS
7986,Priya Islam,17,O,Barisal,Ten,82.4,0.3,70,76,78,224.0,Higher Secondary,YES,P
2003,Sadia Akter,12,female,mymensingh,6th,85.2,-0.6,31,97,79,207.0,secondary,NO,P
1333,Tamim Rahman,17,MALE,sylhet,9th,99.6,6.2,96,59,72,227.0,Graduate,,Pass
5725,Nadia Das,14,Female,sylhet,7,65.3,1.0,61,83,95,239.0,Secondary,NO,pass
2886,Rafi Hossain,13,female,Barishal,7,77.6,2.6,66,93,59,218.0,primary,0,F
1351,Lima Das,17,Male,rangpur,9,84.8,4.0,75,42,50,167.0,Post Graduate,No,Fail
8469,Rahim Khan,18,,rajshahi,10th,77.4,5.3,42,64,72,178.0,,0,fail
6884,Farhan Islam,13,M,dhaka,Six,77.2,3.1,-39,73,37,71.0,Primary,n/a,pass
3416,Nadia Ahmed,15,female,KHULNA ,Nine,85.5,3.7,66,37,34,137.0,illiterate,n/a,F
5252,Nadia Hossain,11,female,Barishal,8,77.9,3.6,94,76,68,238.0,Secondary,yes,fail
4052,Rahim Das,14,F,mymensingh,8,97.6,3.3,98,73,82,253.0,GRADUATE,Yes,FAIL
5339,Mitu Das,15,,khulna,10th,,3.5,41,39,89,169.0,Graduate,Yes,pass
1445,Priya Islam,11,FEMALE,Dhaka ,8th,99.6,4.4,67,70,43,180.0,illiterate,No,Fail
8572,Lima Khan,14,male,KHULNA ,9th,78.7,1.6,49,70,87,206.0,Secondary,n/a,P
2745,Sabbir Chowdhury,11,M,Khulna,10th,73.1,3.3,98,37,44,179.0,illiterate,1,
2960,Sohan Khan,18,Other,Mymensingh,10,81.8,2.2,83,56,88,227.0,postgraduate,,P
5451,Shila Rahman,12,O,KHULNA ,8th,83.9,-0.4,49,87,67,203.0,,YES,pass
2912,Imran Chowdhury,14,female,Chattogram,7th,108.1,3.3,45,67,33,145.0,postgraduate,NO,
5864,Mim Khan,18,female,mymensingh,7,89.4,2.2,66,95,93,254.0,unknown,Y,
5630,Mim Talukder,16,male,barisal,8th,91.0,2.1,119,88,97,304.0,Unknown,Yes,F
218,Rahim Akter,16,MALE,khulna,Ten,79.3,2.3,31,40,93,164.0,Higher Secondary,,fail
7365,Tanvir Sarker,15,Other,Rajshahi ,8,87.0,28.6,79,53,36,168.0,N/A,yes,pass
9333,Sohan Rahman,18,M,Chittagong,8th,72.6,-0.3,68,33,45,146.0,illiterate,no,Fail
STU-07008,Rahim Rahman,14,MALE,KHULNA ,Nine,107.2,0.5,73,61,69,203.0,Secondary,,Fail
1312,Rupa Rahman,16,F,Mymensingh,8th,97.6,3.4,66,62,60,188.0,,,P
8876,Rakib Islam,11,O,chittagong,Seven,72.1,2.3,46,44,-16,74.0,Secondary,N,fail
8777,Anik Das,18,female,Dhaka ,8,88.3,5.3,79,62,55,196.0,primary,1,F
STU-00651,Rakib Khan,11,MALE,rajshahi,Nine,87.6,4.1,39,96,53,188.0,Post Graduate,n/a,F
STU-02489,Fatema Rahman,17,M,Rangpur,8,85.4,3.4,73,77,35,185.0,Graduate,n/a,PASS
3573,Shila Talukder,18,MALE,Dhaka,8th,94.5,2.0,91,59,41,191.0,,yes,Fail
5332,Rafi Sarker,17,other,Dacca,6,79.5,4.7,40,31,53,124.0,Graduate,YES,P
1582,Sadia Rahman,18,Female,rangpur,Eight,80.4,2.4,55,85,63,203.0,,n/a,pass
6565,Sabbir Sarker,11,,Rajshahi,Eight,83.8,4.3,78,62,56,196.0,GRADUATE,n/a,Fail
7257,Sabbir Sarker,13,other,Khulna,Six,95.3,1.9,95,32,40,167.0,Unknown,Yes,Pass
6443,Nusrat Chowdhury,18,male,Khulna,9,69.3,3.1,89,63,62,,Unknown,N,Pass
6331,Priya Das,15,M,Barishal,7th,84.0,2.6,32,90,70,192.0,primary,yes,F
2899,Rupa Islam,15,F,Sylhet,06,81.5,-0.4,94,90,84,268.0,secondary,1,Pass
360,Imran Sarker,11,male,rangpur,Nine,82.3,2.0,73,71,35,179.0,Primary,0,Fail
4032,Rupa Khan,12,,sylhet,10th,68.0,1.1,65,72,95,232.0,postgraduate,NO,pass
1961,Rafi Sarker,17,,SYLHET,7th,87.0,7.0,39,91,55,185.0,PRIMARY,Yes,Fail
7101,Kabir Khan,18,Male,Dacca,6,75.4,1.7,83,73,75,231.0,Secondary,YES,
8436,Rahim Chowdhury,12,M,rangpur,6th,66.4,1.7,88,65,37,190.0,Illiterate,NO,
5815,Arif Sarker,15,F,Mymensingh,06,89.9,1.7,32,86,94,error,primary,0,Pass
2205,Zayed Akter,16,Male,Barisal,7th,91.3,5.1,60,65,90,,illiterate,NO,F
6113,Zayed Islam,11,F,Barisal,Seven,89.9,-0.5,84,65,36,185.0,illiterate,No,PASS
420,Rupa Talukder,-14,Other,Mymensingh,10th,84.1,2.4,80,79,35,194.0,Higher Secondary,0,PASS
181,Rafi Hossain,18,MALE,DHAKA,8th,64.2,1.1,68,44,33,145.0,illiterate,yes,Fail
9262,Rafi Rahman,12,male,DHAKA,Six,77.1,4.4,41,96,66,203.0,N/A,n/a,
3985,Shila Chowdhury,17,MALE,rajshahi,Eight,103.4,3.7,59,77,85,221.0,Post Graduate,N,F
8832,Tanvir Hossain,16,Other,Dacca,9th,86.9,2.3,97,81,97,275.0,Primary,1,FAIL
6241,Nadia Hossain,15,female,dhaka,Seven,78.6,3.1,72,90,71,233.0,higher secondary,n/a,fail
978,Rafi Hossain,13,M,Chittagong,6th,89.3,1.9,42,84,50,176.0,Illiterate,n/a,Fail
787,Hasan Rahman,14,male,barisal,6th,84.6,,45,48,52,145.0,Secondary,1,Fail
1958,Anik Hossain,13,MALE,Rajshahi ,6th,69.5,4.4,51,52,44,147.0,GRADUATE,Y,
371,Imran Sarker,11,MALE,DHAKA,Ten,98.2,2.8,32,59,50,141.0,Graduate,n/a,FAIL
5326,Mitu Sarker,15,O,CHATTOGRAM,Eight,75.8,0.0,72,68,84,224.0,Primary,,F
9356,Zayed Hossain,16,MALE,dhaka,9th,80.7,4.2,98,90,92,280.0,unknown,No,
STU-03400,Karim Rahman,15,male,Rangpur,9th,92.6,4.5,30,98,40,168.0,Graduate,no,PASS
STU-01183,Fatema Khan,fifteen,Male,SYLHET,Seven,81.3,2.5,42,43,40,125.0,,,FAIL
3339,Rupa Rahman,15,Male,Dhaka,10,98.4,4.4,91,38,91,220.0,primary,Y,Pass
4320,Hasan Ahmed,17,Male,rangpur,7,74.4,1.9,51,50,35,136.0,graduate,Y,Fail
6120,Kabir Chowdhury,13,Male,Chittagong,Nine,81.7,5.7,96,30,92,218.0,Illiterate,Y,PASS
5162,Imran Khan,11,female,rangpur,06,77.5,1.9,93,39,52,184.0,Unknown,n/a,Fail
6770,Tanvir Talukder,13,,Mymensingh,Seven,80.9,4.2,77,80,71,228.0,Higher Secondary,Y,Fail
2186,Tamim Rahman,18,other,Mymensign,9,82.0,2.5,60,80,58,198.0,illiterate,YES,PASS
7219,Rakib Akter,16,F,rangpur,10th,67.9,4.3,30,38,74,142.0,primary,N,pass
5519 ,Sabbir Das,11,,Barishal,8,90.4,2.4,66,76,74,216.0,GRADUATE,Y,
7403,Hasan Chowdhury,16,MALE,rangpur,9,,3.8,57,59,74,190.0,PRIMARY,Y,PASS
8147,Kabir Ahmed,14,M,rangpur,Eight,83.9,0.9,68,36,35,139.0,Graduate,No,FAIL
1071,Priya Chowdhury,13,,Khulna,10,63.2,2.2,37,58,40,135.0,Graduate,N,fail
7166,Rakib Rahman,17,Female,Rangpur,8,92.7,2.1,56,74,86,216.0,Unknown,,fail
1556,Karim Sarker,12,O,chittagong,7th,82.0,0.5,96,83,55,234.0,postgraduate,0,
8869,Priya Sarker,14,male,Mymensign,9th,81.2,1.6,46,72,58,176.0,higher secondary,1,Pass
3650,Tanvir Rahman,,O,,8th,71.5,3.4,73,42,62,177.0,primary,N,fail
3323,Ayesha Islam,14,FEMALE,Rangpur,6,77.8,0.8,94,32,66,192.0,graduate,1,pass
2977,Fatema Islam,12,F,Ctg,10th,N/A,2.0,49,31,36,116.0,Post Graduate,n/a,P
5899,Hasan Akter,16,M,Khulna,Nine,83.7,2.8,51,64,78,193.0,illiterate,YES,
2770,Mitu Das,16,male,Rajshahi,Eight,79.7,2.9,99,81,66,246.0,Secondary,,PASS
6855,Ayesha Rahman,17,female,rajshahi,Eight,80.4,3.6,70,59,66,195.0,N/A,YES,F
503,Shila Rahman,16,F,Rangpur,8,,4.3,89,83,99,,Higher Secondary,No,pass
757,Mitu Talukder,12,MALE,Rajshahi ,6,89.7,5.0,84,-31,43,96.0,PRIMARY,1,Fail
3622,Nadia Rahman,16,O,Rangpur,Seven,95.6,4.5,55,56,80,191.0,secondary,n/a,PASS
9574,Sadia Akter,17,Male,rajshahi,Seven,95.0,4.2,88,54,63,205.0,Unknown,n/a,Pass
7286,Bristi Rahman,18,female,sylhet,8th,88.5,3.7,60,57,41,,graduate,Yes,Fail
2928,Ayesha Das,14,,sylhet,8th,87.8,3.4,60,81,68,209.0,Post Graduate,Yes,Fail
2243,Farhan Ahmed,16,M,rangpur,10,86.0,2.2,89,,65,154.0,GRADUATE,YES,PASS
8000,Lima Das,11,M,Dacca,8th,89.9,3.1,69,36,84,189.0,,,FAIL
532,Lima Hossain,12,Female,rangpur,9,76.0,5.2,56,39,77,172.0,N/A,NO,FAIL
2087,Farhan Talukder,,other,Chattogram,Six,81.8,1.8,91,57,39,187.0,Graduate,Yes,
3304,Zayed Talukder,15,,Sylhet,10,83.8,2.6,69,59,91,219.0,secondary,n/a,Pass
7915,Rakib Talukder,12,Male,KHULNA ,8,103.0,5.1,51,80,67,198.0,graduate,0,P
3882,Rahim Hossain,17,M,KHULNA ,7,94.9,4.4,99,59,44,202.0,PRIMARY,Y,P
7023,Arif Talukder,14,M,Chittagong,Seven,104.5,2.0,84,90,76,250.0,graduate,NO,P
510,Nusrat Rahman,15,Other,Dhaka,7,85.3,1.6,80,absent,95,175.0,Graduate,1,PASS
7193,Sadia Sarker,12,other,Mymensingh,Eight,83.9,2.4,,60,32,92.0,graduate,no,PASS
4456,Bristi Chowdhury,17,Female,Ctg,6,89.0,3.3,58,40,63,161.0,illiterate,NO,pass
8594,Mim Khan,14,male,barisal,8th,83.8,4.6,49,34,53,136.0,GRADUATE,1,PASS
8837,Rahim Ahmed,16,F,SYLHET,Six,88.0,2.8,82,72,77,231.0,postgraduate,YES,FAIL
1060,Arif Khan,14,F,Khulna,9,76.7,2.1,35,56,49,140.0,secondary,0,
3291,Shila Das,11,female,rangpur,7th,82.2,2.6,65,49,83,197.0,Post Graduate,Y,P
3607,Anik Talukder,15,O,sylhet,9th,83.8,2.0,71,57,58,186.0,Illiterate,N,PASS
963,Rakib Akter,11,female,Chittagong,Seven,102.2,-0.7,47,67,66,180.0,Higher Secondary,NO,Pass
4805,Rafi Khan,14,Male,Chittagong,7,95.0,6.8,52,33,41,126.0,unknown,,F
5950,Hasan Chowdhury,15,Male,Mymensingh,7th,93.9,4.3,77,38,,115.0,Unknown,n/a,P
6049,Rafi Talukder,18,male,KHULNA ,7,102.1,1.2,70,87,37,194.0,Unknown,YES,P
2065,Hasan Khan,16,O,Sylhet,Nine,79.7,3.9,77,38,30,145.0,Higher Secondary,Yes,PASS
8718,Tamim Ahmed,14,Male,barisal,8,74.6,2.7,80,95,90,265.0,higher secondary,YES,Fail
626,Karim Chowdhury,14,O,Rangpur,Six,64.0,4.3,61,88,92,241.0,higher secondary,0,Pass
7131,Rahim Ahmed,16,M,barisal,Eight,79.4,3.8,36,71,97,204.0,Primary,1,
8148,Sadia Hossain,14,male,Barishal,6,90.8,1.3,58,98,78,234.0,GRADUATE,yes,PASS
4371,Rahim Talukder,11,Female,KHULNA ,7,81.6,1.9,77,36,61,174.0,GRADUATE,yes,Pass
4867,Momo Islam,15,female,Dhaka ,Six,89.6,4.4,71,58,45,174.0,N/A,,PASS
1565,Sabbir Khan,18,F,CHATTOGRAM,10,77.6,2.8,83,39,53,175.0,Post Graduate,1,Fail
5383,Momo Sarker,17,male,Dhaka,9,-2.2,0.9,67,92,70,229.0,Secondary,YES,
7958,Shila Ahmed,11,F,rangpur,Eight,95.3,4.9,65,64,70,199.0,PRIMARY,YES,pass
8963,Sadia Sarker,16,Male,Khulna,Eight,74.6,0.5,41,,48,89.0,Unknown,YES,F
1116,Bristi Hossain,18,O,Ctg,10th,92.4,2.7,47,35,72,154.0,unknown,N,P
622,Mim Talukder,11,M,Barishal,9th,59.6,6.0,92,73,67,232.0,Unknown,yes,Fail
6357,Bristi Hossain,12,Female,Chattogram,7th,77.1,-0.1,37,95,49,181.0,Illiterate,N,F
3710,Hasan Akter,,M,KHULNA ,9,76.8,2.6,71,33,54,158.0,N/A,no,Pass
2270,Tanvir Akter,16,Other,SYLHET,10,89.3,4.3,38,70,77,,Primary,No,F
5970,Rakib Sarker,11,female,Ctg,7th,92.5,2.1,35,56,-28,63.0,GRADUATE,NO,Fail
8605,Kabir Sarker,14,MALE,Chittagong,8th,69.1,2.8,53,65,39,157.0,PRIMARY,Yes,P
713,Imran Islam,12,male,mymensingh,10th,87.2,3.1,58,44,41,143.0,primary,Y,Fail
3071,Farhan Rahman,11,M,  Dhaka,Seven,89.3,3.9,55,63,48,166.0,unknown,Yes,Fail
327,Karim Islam,18,Other,rangpur,8th,87.5,2.7,39,50,75,164.0,graduate,1,pass
2789,Sabbir Akter,17,M,Rangpur,9,81.4,2.6,87,86,68,241.0,primary,yes,P
4537,Sadia Das,11,FEMALE,,7,91.2,3.8,81,44,49,174.0,Primary,no,PASS
3274,Tamim Akter,11,male,Barishal,8,84.4,2.6,70,78,,148.0,Unknown,No,F
3509,Sohan Khan,14,MALE,SYLHET,Seven,68.5,3.0,79,65,63,207.0,Secondary,no,fail
9483,Jannat Khan,14,Male,KHULNA ,7,86.2,6.7,91,92,36,219.0,PRIMARY,1,F
8565,Farhan Chowdhury,15,other,rajshahi,Ten,82.2,4.5,48,39,85,error,graduate,NO,PASS
6374,Rupa Talukder,15,,khulna,10,97.6,3.5,40,66,55,161.0,higher secondary,1,F
4721,Zayed Khan,-19,Male,Rajshahi,8,76.0,5.2,68,71,46,185.0,Unknown,n/a,FAIL
9815,Hasan Islam,18,MALE,Sylhet,6,75.3,2.9,30,66,47,143.0,illiterate,no,
8320,Zayed Khan,268,MALE,Rajshahi,6th,86.6,2.2,,98,165,263.0,,1,fail
1811,Nusrat Chowdhury,13,female,Mymensign,Nine,78.6,4.0,83,86,52,221.0,PRIMARY,N,PASS
2821,Hasan Talukder,15,F,Chittagong,06,98.3,4.7,139,45,47,231.0,N/A,Y,Pass
9310,Anik Talukder,12,MALE,mymensingh,7th,94.3,0.8,73,93,66,232.0,Higher Secondary,Y,
5724,Ayesha Hossain,12,,Chittagong,Eight,80.9,2.3,93,56,60,209.0,graduate,N,Fail
4732,Rakib Akter,11,,Dhaka ,Seven,74.6,4.5,255,44,61,360.0,Secondary,Yes,fail
2712,Rakib Khan,16,MALE,SYLHET,7th,110.2,5.0,31,95,60,186.0,illiterate,1,FAIL
2733,Nusrat Talukder,18,O,rajshahi,Ten,97.5,2.8,35,61,46,142.0,Post Graduate,n/a,pass
173,Jannat Khan,174,F,Ctg,10th,92.1,2.2,73,80,41,194.0,Secondary,NO,P
4240,Arif Rahman,17,FEMALE,Khulna,9th,73.0,3.1,52,32,85,169.0,GRADUATE,,PASS
866,Rakib Sarker,12,female,Barisal,8,84.2,2.5,96,81,97,274.0,Secondary,NO,
7048,Kabir Chowdhury,13,F,SYLHET,Seven,80.8,4.4,57,51,80,188.0,PRIMARY,0,pass
3453,Mitu Chowdhury,11,female,dhaka,9th,73.5,3.2,74,46,76,196.0,Illiterate,No,Fail
3410,Priya Sarker,17,male,Mymensingh,8th,N/A,1.8,96,55,35,186.0,Graduate,,fail
1752 ,Fatema Talukder,12,female,Dhaka,Eight,96.5,3.1,97,50,47,194.0,Post Graduate,Yes,PASS
2559,Momo Akter,15,Male,sylhet,9,76.4,-1.4,57,42,42,141.0,postgraduate,0,pass
5196,Fatema Khan,16,Other,Rangpur,8,91.7,1.3,75,84,97,256.0,secondary,yes,
1760,Nadia Chowdhury,18,MALE,khulna,7,105.0,3.3,77,72,82,231.0,Post Graduate,YES,P
1550,Lima Akter,16,female,dhaka,Eight,84.2,4.2,30,42,298,370.0,higher secondary,Y,
6766,Mitu Hossain,17,female,Dhaka ,Seven,86.7,2.2,64,54,31,149.0,secondary,NO,Fail
STU-01209,Zayed Rahman,13,Male,Barisal,8,88.2,2.7,32,41,45,118.0,PRIMARY,YES,fail
6328,Hasan Khan,12,Male,Rajshahi,Seven,91.6,2.5,34,49,68,151.0,postgraduate,n/a,F
1140,Fatema Khan,12,F,Rajshahi ,Seven,91.3,2.5,46,54,31,131.0,Primary,no,pass
9082,Kabir Ahmed,12,MALE,chittagong,Nine,71.4,3.3,31,49,87,167.0,PRIMARY,yes,pass
5949,Rakib Das,15,Male,Sylhet,8,80.9,2.7,92,67,98,257.0,Graduate,YES,pass
6263,Bristi Khan,11,male,Dhaka ,06,92.4,4.2,73,67,50,190.0,postgraduate,no,FAIL
7967,Sohan Khan,14,other,Chittagong,9th,73.5,2.5,58,50,55,163.0,illiterate,Yes,FAIL
3041,Ayesha Akter,16,female,rangpur,Nine,94.4,4.4,77,73,89,239.0,Secondary,yes,Pass
3664,Lima Islam,18,F,Sylhet,06,101.4,4.0,33,91,77,201.0,unknown,Y,
7475,Bristi Talukder,18,MALE,Rajshahi ,6,100.7,2.3,45,41,97,183.0,secondary,N,P
4161,Tamim Das,12,O,Mymensign,6th,86.1,6.6,98,45,98,241.0,unknown,yes,fail
6675,Zayed Akter,15,Male,KHULNA ,6,74.2,4.9,55,61,68,184.0,primary,NO,
6176,Hasan Chowdhury,14,Female,Barisal,8,82.7,4.6,32,86,66,,Higher Secondary,N,
6111,Sohan Sarker,12,Other,dhaka,10th,78.7,3.3,69,43,40,152.0,PRIMARY,Yes,F
STU-00192,Rafi Hossain,12,Female,Ctg,Eight,68.0,3.3,64,-18,91,137.0,PRIMARY,n/a,Pass
5531,Farhan Talukder,11,Other,Rajshahi,Seven,81.9,2.5,90,86,40,216.0,PRIMARY,Yes,fail
8712,Mim Talukder,17,Other,dhaka,Ten,74.6,6.0,63,53,54,170.0,Illiterate,0,pass
8474,Sadia Sarker,16,MALE,Dacca,10th,88.3,4.7,65,66,31,162.0,GRADUATE,yes,Fail
440,Rakib Talukder,12,M,dhaka,10th,239.3,3.8,59,36,96,191.0,GRADUATE,n/a,Fail
1555,Bristi Hossain,14,MALE,Barisal,8th,80.4,2.4,37,,51,,Illiterate,N,F
3461,Lima Rahman,14,female,CHATTOGRAM,10,74.5,1.5,87,39,51,177.0,N/A,n/a,P
665,Ayesha Chowdhury,16,MALE,Chittagong,9,-45.8,-1.2,35,64,43,142.0,N/A,yes,PASS
1425,Mitu Talukder,fifteen,male,khulna,10,90.4,4.8,47,85,53,185.0,graduate,NO,FAIL
3169,Riya Ahmed,14,O,  Dhaka,10,83.1,,62,96,43,201.0,Illiterate,yes,FAIL
9028,Bristi Talukder,13,O,mymensingh,6,87.6,1.2,99,33,30,162.0,Secondary,Y,Fail
6585,Tanvir Das,13,female,rajshahi,Six,77.2,1.6,86,38,,124.0,Primary,no,pass
6516,Imran Khan,13,male,,Six,92.6,2.8,99,36,67,202.0,GRADUATE,Y,fail
1115,Lima Akter,15,MALE,barisal,06,94.4,2.4,46,68,71,185.0,Secondary,No,fail
8649,Rafi Islam,,male,Ctg,Ten,82.3,0.7,92,59,50,201.0,PRIMARY,No,Fail
2317,Karim Rahman,16,Other,khulna,6,85.9,4.1,56,89,68,213.0,primary,Y,fail
3926,Rahim Akter,15,Male,rajshahi,7,82.5,3.6,80,45,67,192.0,secondary,,F
STU-00474,Farhan Chowdhury,fifteen,Male,Khulna,Six,,4.7,74,88,33,195.0,higher secondary,yes,fail
9627,Sabbir Das,12,Male,KHULNA ,Ten,91.9,4.7,88,45,50,183.0,Post Graduate,Y,fail
496,Kabir Das,12,M,Rangpur,Ten,74.1,4.1,97,98,40,235.0,GRADUATE,0,F
2131,Farhan Chowdhury,18,,Dacca,06,86.9,5.5,94,88,65,247.0,Post Graduate,N,fail
707,Karim Das,176,MALE,khulna,9,101.7,5.3,45,31,89,165.0,,0,Fail
5031,Sadia Ahmed,17,M,Mymensign,10,99.0,7.4,101,92,45,238.0,N/A,1,F
4610,Zayed Sarker,13,female,Rangpur,Nine,91.0,2.8,50,54,79,183.0,Higher Secondary,Yes,fail
5506,riya khan,15,FEMALE,rajshahi,Nine,88.5,1.8,79,83,56,218.0,Secondary,N,PASS
4940 ,,12,other,Chattogram,Seven,87.9,26.6,58,75,60,193.0,Graduate,no,fail
8468,Nusrat Talukder,13,O,Barishal,Seven,89.2,2.8,38,52,45,135.0,primary,0,Fail
6677,Imran Hossain,13,male,,7,92.2,2.1,65,89,44,198.0,Unknown,no,F
7150,Farhan Sarker,12,FEMALE,khulna,Six,92.3,4.2,79,50,38,167.0,Primary,yes,pass
9688,Rahim Das,13,Male,Mymensingh,Nine,82.9,1.3,98,82,95,275.0,Graduate,NO,
8765,Rakib Sarker,17,FEMALE,rangpur,10th,90.6,3.9,71,80,97,248.0,postgraduate,n/a,
9007,Fatema Akter,14,Male,Barisal,10,80.7,-1.7,93,59,58,210.0,N/A,1,
4618,Jannat Das,11,Male,rangpur,7,92.7,3.0,63,97,58,218.0,Unknown,yes,PASS
1189,Momo Das,15,M,Rangpur,6th,69.3,1.5,75,98,48,221.0,Unknown,yes,fail
5224,Fatema Khan,15,female,Ctg,Seven,77.8,4.3,83,93,81,257.0,PRIMARY,YES,pass
STU-08750,Kabir Chowdhury,12,female,Rangpur,Ten,86.5,2.6,51,85,81,217.0,Higher Secondary,N,Fail
6415,Momo Hossain,223,O,sylhet,7th,84.2,4.0,54,73,absent,127.0,Unknown,,FAIL
4326,Mitu Das,160,O,Barisal,6,72.2,3.5,88,-29,85,144.0,Post Graduate,NO,fail
1475,Sadia Akter,164,male,Ctg,7,71.4,1.6,82,81,92,255.0,graduate,,PASS
5535,Farhan Akter,,O,rajshahi,Six,87.0,3.0,50,81,94,225.0,graduate,N,Fail
1458,Tamim Talukder,11,male,rangpur,Six,87.2,3.6,87,64,45,196.0,higher secondary,Yes,PASS
7969,Jannat Rahman,18,other,Dacca,10th,101.3,4.4,66,95,43,204.0,Primary,no,F
STU-00252,Jannat Sarker,11,MALE,Rajshahi ,Nine,91.4,1.3,148,98,91,337.0,higher secondary,Yes,PASS
3126,Fatema Khan,18,Other,mymensingh,8,76.1,3.0,37,95,50,182.0,Graduate,yes,pass
1438,Fatema Rahman,14,O,Rajshahi,9th,79.7,1.4,38,66,180,284.0,secondary,YES,FAIL
333,Rafi Akter,17,,Sylhet,6,85.3,4.6,32,87,84,203.0,primary,Yes,Fail
3706,Priya Das,14,Female,dhaka,8,66.6,2.7,55,53,68,176.0,higher secondary,Y,PASS
4325,Rakib Khan,15,male,Sylhet,Six,76.9,2.3,35,77,64,176.0,Post Graduate,1,pass
9746,Mim Hossain,13,other,rangpur,9,82.9,0.6,67,38,75,180.0,Graduate,0,PASS
6329,Shila Rahman,12,FEMALE,  Dhaka,Eight,91.3,5.4,,30,33,63.0,Illiterate,no,F
1738,Ayesha Talukder,12,female,Sylhet,10th,79.5,2.4,42,45,42,129.0,,n/a,fail
60,Farhan Ahmed,15,other,Mymensign,Six,81.6,1.8,147,91,98,336.0,graduate,1,fail
6220,Rupa Talukder,16,Other,Chattogram,8th,87.0,2.0,63,,57,120.0,higher secondary,,pass
4680,Tanvir Khan,14,other,Rajshahi ,10th,95.3,2.7,48,33,46,127.0,Illiterate,Y,fail
6197,Arif Hossain,16,Male,Mymensingh,8th,79.3,28.6,37,75,68,180.0,graduate,n/a,PASS
8946,tamim chowdhury,15,M,Sylhet,6th,82.7,2.5,46,78,79,203.0,Secondary,NO,fail
STU-01652,Ayesha Khan,11,FEMALE,khulna,8th,78.4,2.3,91,35,96,222.0,Graduate,YES,Fail
4183,Sohan Chowdhury,17,FEMALE,Mymensign,7th,97.2,2.7,80,67,72,219.0,Secondary,1,pass
6772,Shila Chowdhury,14,male,khulna,6,85.0,6.2,98,98,92,288.0,GRADUATE,0,PASS
2691,Lima Ahmed,-14,F,CHATTOGRAM,Eight,102.8,2.8,75,65,55,195.0,Post Graduate,Yes,fail
3326,Farhan Rahman,12,O,khulna,6,91.1,2.5,74,38,66,178.0,GRADUATE,yes,FAIL
2196,Karim Akter,15,Female,KHULNA ,7,68.3,2.3,,81,30,111.0,primary,yes,PASS
2664,Farhan Akter,13,MALE,rajshahi,8th,88.1,3.2,37,38,57,132.0,graduate,NO,PASS
8833,Farhan Hossain,15,male,Mymensingh,7,80.2,2.0,97,55,70,222.0,Higher Secondary,N,P
3749,Jannat Khan,17,male,rangpur,9,87.0,2.4,48,96,68,212.0,Illiterate,no,Pass
2699,Mim Rahman,12,MALE,Rajshahi ,7th,83.2,2.6,59,53,32,144.0,Higher Secondary,N,PASS
3891,Kabir Islam,14,Female,Dhaka,6th,79.7,2.7,92,34,54,180.0,GRADUATE,0,PASS
8358,Tamim Akter,14,Other,Rangpur,Six,85.1,20.4,63,57,90,210.0,PRIMARY,N,Pass
6667,Rahim Rahman,11,male,KHULNA ,Six,101.6,3.1,31,32,72,135.0,,yes,P
8484,Farhan Hossain,17,FEMALE,dhaka,8th,76.5,1.7,66,59,59,184.0,Unknown,n/a,F
6697,Sabbir Chowdhury,11,O,khulna,Nine,84.5,4.6,58,63,40,161.0,unknown,1,
3774,Shila Islam,17,FEMALE,rajshahi,Eight,92.1,1.4,31,56,50,137.0,GRADUATE,YES,FAIL
4579,Arif Sarker,14,male,chittagong,8,96.1,1.4,81,69,89,239.0,,NO,
4349,Farhan Islam,13,F,CHATTOGRAM,Seven,76.3,28.5,72,76,35,183.0,Secondary,Yes,fail
5054,Rakib Sarker,18,other,SYLHET,10th,98.2,2.9,31,48,74,153.0,Primary,no,
551,Ayesha Hossain,11,FEMALE,Chittagong,7th,90.4,1.4,96,,64,,postgraduate,NO,pass
7896,Zayed Ahmed,17,MALE,Sylhet,7th,71.6,1.0,81,75,67,223.0,GRADUATE,Y,PASS
3438,Priya Hossain,12,female,barisal,06,90.8,3.2,42,37,47,,unknown,n/a,P
4549,Rakib Chowdhury,16,MALE,SYLHET,Seven,85.4,2.2,43,53,39,135.0,Graduate,yes,P
2311,Mitu Khan,14,Male,Mymensign,Eight,69.7,0.7,94,54,57,205.0,Graduate,yes,Fail
8859,Lima Talukder,11,FEMALE,Mymensign,7th,82.8,3.7,94,59,76,229.0,postgraduate,N,
1767,Tamim Chowdhury,15,,barisal,Nine,82.6,2.0,94,54,56,204.0,Primary,n/a,Pass
3813,Rakib Chowdhury,16,M,Dhaka ,Ten,87.5,3.8,77,48,41,166.0,Illiterate,1,
351,Sabbir Chowdhury,12,F,Barishal,7th,76.6,3.9,78,48,41,167.0,unknown,,fail
9039,Priya Chowdhury,13,MALE,dhaka,6th,99.1,-0.8,89,68,75,,Unknown,NO,Pass
STU-04341,Kabir Rahman,16,Other,Khulna,Eight,80.2,5.1,70,92,,162.0,graduate,1,FAIL
8206,Nadia Hossain,12,F,Sylhet,6,79.3,3.1,67,74,46,187.0,Secondary,yes,F
9141,,14,MALE,dhaka,7,76.9,-0.4,35,87,74,196.0,postgraduate,NO,FAIL
2359,Priya Das,11,M,Sylhet,10th,90.7,4.0,41,94,56,191.0,primary,NO,FAIL
5478,Tamim Akter,18,other,rangpur,Seven,96.3,2.8,97,64,65,226.0,Secondary,n/a,PASS
8018,Tamim Rahman,15,male,Rangpur,8,89.5,3.4,72,30,65,167.0,Secondary,n/a,Fail
1646,Rahim Sarker,15,MALE,Dhaka,7,91.1,2.9,76,94,96,266.0,Graduate,n/a,fail
443,Priya Rahman,18,other,Rangpur,Nine,100.4,2.0,33,59,32,124.0,N/A,n/a,PASS
3707,Rahim Rahman,11,Female,Mymensingh,Eight,86.0,3.5,78,70,99,247.0,higher secondary,n/a,Pass
8519,Fatema Talukder,12,MALE,Dacca,10,105.0,3.8,93,,92,185.0,higher secondary,Y,PASS
8749,Mim Hossain,13,Other,SYLHET,10,89.3,2.5,84,45,96,225.0,unknown,n/a,pass
2433,Mitu Chowdhury,17,Other,KHULNA ,06,87.8,3.6,52,41,97,190.0,illiterate,1,pass
3469,Arif Hossain,11,Female,Dhaka ,8th,79.9,0.7,49,40,95,184.0,N/A,1,Pass
6912,Sadia Islam,,F,Mymensingh,10,186.7,,30,,61,91.0,Post Graduate,Yes,F
8788,Bristi Sarker,17,,SYLHET,10th,81.1,2.0,89,43,43,175.0,primary,No,FAIL
5446,Zayed Rahman,15,Female,Rajshahi,8,101.6,3.5,66,89,78,233.0,primary,n/a,Pass
1581,Sabbir Sarker,18,female,Mymensign,6,76.5,2.0,44,80,77,201.0,illiterate,1,Fail
6009,Imran Ahmed,15,Male,Barisal,10,74.9,3.8,88,34,71,193.0,PRIMARY,n/a,Fail
5238,Karim Khan,13,FEMALE,chittagong,Seven,90.9,4.3,55,77,43,175.0,Higher Secondary,,
5771,Shila Hossain,18,F,Dacca,10th,109.0,5.7,57,90,84,231.0,Illiterate,0,fail
2613,Rahim Chowdhury,,male,Dhaka,Eight,78.8,5.3,93,85,30,208.0,higher secondary,yes,FAIL
STU-01223,Lima Islam,17,F,Rajshahi,7th,89.3,4.2,84,72,73,229.0,Post Graduate,n/a,
5210,Jannat Sarker,13,O,KHULNA ,Eight,89.9,3.1,70,32,30,132.0,illiterate,YES,FAIL
8961,Riya Chowdhury,13,Male,,Nine,75.5,4.5,65,75,58,198.0,postgraduate,YES,F
8236,Hasan Talukder,11,F,KHULNA ,10th,88.5,3.0,37,33,65,135.0,Higher Secondary,no,Fail
STU-07584,Hasan Akter,15,O,Rajshahi ,Seven,55.2,,33,50,90,173.0,Graduate,n/a,fail
9401,Imran Talukder,12,Male,Barishal,Eight,82.1,3.5,40,-10,83,113.0,higher secondary,N,F
2395,Tanvir Das,16,FEMALE,rangpur,9th,93.7,5.8,82,67,80,229.0,Primary,Yes,PASS
716,Kabir Akter,14,Female,SYLHET,6,86.3,2.8,74,122,90,286.0,graduate,YES,pass
8063,Zayed Hossain,11,female,Mymensingh,9th,102.2,1.1,59,71,66,196.0,Illiterate,NO,Fail
6260,Ayesha Das,17,Female,mymensingh,9th,92.8,-0.3,51,91,85,227.0,Graduate,NO,F
1856,Riya Talukder,,male,KHULNA ,Ten,100.6,3.0,60,77,35,172.0,N/A,Yes,Pass
7011,Momo Islam,13,F,Dhaka ,9,71.2,2.8,84,34,34,152.0,Unknown,n/a,Pass
2030,Nusrat Akter,17,Male,Sylhet,10th,81.0,5.3,81,37,84,202.0,GRADUATE,no,F
5733,Rahim Sarker,12,Female,rangpur,9th,78.5,3.7,62,55,46,163.0,unknown,n/a,Fail
5979,Arif Talukder,13,MALE,DHAKA,06,79.1,2.8,93,65,49,207.0,Illiterate,N,pass
7032,Sadia Khan,,Male,Sylhet,8,84.4,4.5,94,99,32,225.0,unknown,YES,Pass
2634,Riya Hossain,11,,Chittagong,Ten,85.8,2.1,37,32,84,153.0,graduate,,Fail
6406,Shila Sarker,11,Female,Barisal,06,,3.9,75,89,72,236.0,Secondary,n/a,PASS
8169,Sohan Das,18,female,Dhaka ,6,87.5,4.4,93,86,49,228.0,primary,no,
7293,Riya Ahmed,11,Female,SYLHET,7,77.0,24.8,31,,88,119.0,Primary,no,F
1062,Tanvir Das,14,Male,Dhaka,06,78.2,4.7,30,99,74,203.0,Graduate,Yes,Fail
3084,Nadia Sarker,16,Other,rajshahi,9,82.1,1.4,91,75,193,359.0,secondary,no,Pass
6631,Bristi Talukder,18,male,,9th,85.7,0.6,71,63,66,200.0,higher secondary,YES,
5658,Jannat Khan,16,M,Rangpur,7th,87.6,2.0,89,56,57,202.0,PRIMARY,Y,F
5774,Ayesha Khan,13,M,Dacca,8th,102.5,2.5,97,50,-15,132.0,N/A,N,FAIL
7614,Rakib Akter,18,MALE,Khulna,Seven,78.2,2.3,46,73,55,174.0,Primary,No,PASS
8419,Momo Rahman,13,FEMALE,Barisal,10th,90.4,2.8,39,78,40,157.0,higher secondary,yes,fail
6548,Rafi Hossain,17,F,Rajshahi ,8th,74.5,1.7,85,78,51,214.0,GRADUATE,YES,P
2686,Kabir Sarker,14,O,SYLHET,06,71.9,4.4,56,77,53,186.0,secondary,Yes,
8883,Rahim Talukder,11,,mymensingh,10th,84.3,3.4,50,73,49,,illiterate,0,fail
7385,,15,M,,Ten,88.5,5.9,34,91,62,187.0,,YES,P
3909,Farhan Islam,12,FEMALE,Dhaka ,Eight,91.7,2.3,76,49,51,176.0,postgraduate,,Pass
9586,Anik Rahman,18,FEMALE,rangpur,9,78.8,4.9,99,36,39,174.0,,n/a,pass
4291,Fatema Das,17,Male,Mymensingh,9,95.2,3.5,84,87,93,264.0,Higher Secondary,No,Pass
9133,Sadia Talukder,17,other,Rajshahi,8,92.4,4.8,60,41,32,133.0,illiterate,N,F
6710,Jannat Akter,13,F,Barisal,6th,170.9,2.8,78,177,54,309.0,illiterate,yes,Pass
9099,Ayesha Chowdhury,17,Other,chittagong,Eight,108.9,4.3,84,74,57,error,secondary,YES,pass
7590,Shila Islam,11,MALE,chittagong,10,72.5,3.4,86,44,62,error,postgraduate,Y,P
5655,Sadia Islam,15,F,khulna,9,92.5,4.4,63,88,83,234.0,primary,1,fail
4629,sohan das,15,Female,Dhaka ,10th,86.2,3.7,75,61,45,181.0,Graduate,yes,
3497,Sabbir Islam,11,MALE,Khulna,6,98.3,4.7,39,82,80,201.0,Unknown,yes,Pass
4966,Shila Talukder,11,other,Mymensign,8,95.5,6.7,47,94,58,199.0,secondary,NO,Fail
3166,Rakib Rahman,11,M,rajshahi,7th,80.5,1.0,75,145,82,302.0,secondary,,Pass
1092,Rahim Akter,12,F,mymensingh,10,92.2,2.6,31,31,84,146.0,unknown,,fail
6857,Mitu Hossain,16,female,rajshahi,Eight,79.7,4.3,68,76,56,200.0,Illiterate,1,PASS
7669,Sabbir Sarker,15,Female,khulna,8,84.2,2.3,49,46,78,173.0,,n/a,fail
2748,Arif Talukder,13,O,barisal,06,80.6,4.7,55,71,79,205.0,unknown,0,fail
666,Rakib Islam,17,M,  Dhaka,6th,87.3,1.4,56,42,60,158.0,higher secondary,Y,F
1119,Fatema Akter,17,MALE,Mymensign,6th,67.7,3.3,93,37,49,179.0,secondary,,F
3390,Arif Hossain,18,O,Mymensingh,Nine,79.3,5.7,66,87,52,205.0,secondary,,Pass
STU-01715,Arif Talukder,14,FEMALE,Mymensingh,9th,78.5,2.5,59,74,68,201.0,Primary,,F
4511,Nusrat Akter,17,M,Dacca,8th,86.7,-0.2,56,56,85,197.0,Unknown,1,P
7479,Momo Khan,14,other,rangpur,Nine,78.5,2.5,83,35,34,145.0,illiterate,No,fail
5060,Karim Talukder,11,Other,mymensingh,8th,94.7,1.6,89,,63,152.0,Primary,0,pass
748,Farhan Islam,13,Other,khulna,Seven,104.7,0.9,46,68,77,191.0,GRADUATE,Y,P
5908,Farhan Ahmed,14,Female,Rajshahi ,Eight,85.1,4.7,55,72,76,203.0,primary,Y,F
STU-08620,Anik Islam,11,Male,khulna,8,92.5,7.3,59,65,55,179.0,Primary,NO,F
2970,Priya Rahman,14,Other,Rajshahi ,Ten,67.9,4.8,81,38,94,213.0,graduate,No,FAIL
STU-04842,Nusrat Islam,12,,,Ten,106.5,3.9,60,62,34,156.0,Unknown,n/a,
589,Tamim Sarker,17,MALE,mymensingh,Eight,83.4,5.0,99,62,57,218.0,primary,N,Pass
7905,Rupa Hossain,12,male,Mymensingh,Six,71.0,3.7,86,41,71,198.0,Graduate,Yes,Fail
9842,Jannat Islam,15,M,  Dhaka,6,85.1,2.7,99,69,32,200.0,,YES,Fail
5026,Imran Khan,15,Other,SYLHET,Seven,89.4,3.4,82,90,79,251.0,Secondary,1,FAIL
8545,Fatema Chowdhury,13,female,Dhaka,8th,94.3,2.8,90,99,57,246.0,Illiterate,Yes,Fail
9793,Sabbir Ahmed,16,male,Rajshahi,Eight,81.5,5.3,50,60,93,203.0,higher secondary,n/a,fail
5225,Rupa Das,,Other,Barisal,Ten,83.6,2.6,66,78,64,208.0,Illiterate,NO,pass
6750,Imran Talukder,13,Male,mymensingh,7th,85.2,0.3,85,70,83,238.0,,YES,fail
2178,Sadia Talukder,13,MALE,barisal,9,77.2,4.7,60,82,63,205.0,,1,
6783,Momo Ahmed,13,,sylhet,Eight,92.2,4.7,61,83,65,209.0,illiterate,YES,Pass
8129,Tamim Rahman,17,MALE,KHULNA ,8th,72.1,3.2,71,,58,129.0,Secondary,YES,PASS
6174,Farhan Sarker,13,other,khulna,10th,92.2,2.6,76,33,82,191.0,,NO,Pass
1839,Jannat Chowdhury,17,Male,Chittagong,6th,134.6,5.5,39,46,31,,PRIMARY,,
3859,Hasan Chowdhury,15,FEMALE,Sylhet,Six,75.3,6.0,67,65,75,207.0,Primary,no,pass
6242,Jannat Talukder,16,Male,Khulna,7th,-45.4,1.3,78,62,57,197.0,Graduate,NO,Fail
6285,Tamim Khan,13,other,Sylhet,8,70.4,-4.4,70,87,89,246.0,secondary,n/a,F
5638,Mitu Ahmed,12,female,Barishal,Seven,90.3,1.4,81,35,88,204.0,Illiterate,Yes,PASS
1769,Sohan Sarker,16,female,rajshahi,Ten,74.0,3.0,66,113,70,249.0,Graduate,,P
2025,Hasan Akter,15,female,Ctg,6,102.3,3.7,86,53,62,201.0,N/A,No,pass
8837,Rahim Ahmed,16,F,SYLHET,Six,88.0,2.8,82,72,77,231.0,postgraduate,YES,FAIL
988,Rafi Hossain,14,female,rajshahi,Seven,84.7,-2.2,53,94,94,241.0,Unknown,n/a,fail
5683,Nusrat Chowdhury,17,other,  Dhaka,06,62.5,3.2,41,46,63,150.0,graduate,,P
4997,Ayesha Khan,17,,dhaka,06,95.2,4.7,32,53,38,123.0,graduate,Yes,Fail
947,Zayed Rahman,17,male,khulna,8,71.8,-0.2,46,97,141,284.0,secondary,,PASS
9104,Riya Hossain,11,O,Sylhet,9th,113.1,,37,88,98,223.0,PRIMARY,Y,Pass
3153,Nadia Chowdhury,17,,Rajshahi,Eight,76.3,2.8,46,-34,49,61.0,higher secondary,Y,PASS
7186,Lima Das,16,,sylhet,6th,-5.4,3.0,,69,48,117.0,Graduate,N,F
659,Tanvir Sarker,18,MALE,Rajshahi,10,86.7,1.7,98,absent,31,129.0,secondary,YES,
5376,Riya Chowdhury,16,FEMALE,KHULNA ,Ten,71.7,4.2,95,83,73,251.0,graduate,YES,
6457,Mim Islam,12,MALE,Sylhet,Eight,75.5,-0.9,64,52,37,153.0,Graduate,,fail
7112,Sohan Ahmed,18,O,mymensingh,10th,74.9,4.8,44,67,35,146.0,postgraduate,NO,F
1642,Rafi Chowdhury,13,FEMALE,Rajshahi,9th,76.2,0.9,73,57,31,161.0,primary,Y,Pass
4151,Priya Hossain,15,M,Rangpur,Ten,75.6,4.3,84,88,85,257.0,Post Graduate,YES,pass
8664,Anik Ahmed,18,MALE,SYLHET,10th,82.9,-3.7,78,84,51,213.0,secondary,n/a,fail
STU-05315,Imran Hossain,13,O,Dhaka,Eight,74.4,1.6,97,83,46,226.0,GRADUATE,NO,F
4455,Hasan Akter,16,MALE,Ctg,7,87.6,2.8,58,62,57,177.0,,N,P
6612,Nadia Rahman,12,other,dhaka,10,103.3,1.9,81,83,78,242.0,Higher Secondary,,F
1073,Tanvir Islam,17,Female,  Dhaka,06,75.3,3.8,68,85,57,200.0,Higher Secondary,Yes,pass
3555,Karim Sarker,13,O,sylhet,06,63.4,4.2,99,88,44,231.0,PRIMARY,YES,
8061,Fatema Akter,12,F,rangpur,8th,83.4,5.3,95,56,48,199.0,Unknown,N,FAIL
1263,Hasan Chowdhury,14,Other,Dacca,8th,76.9,-4.4,,30,94,124.0,Illiterate,0,fail
9659,Mitu Hossain,15,Male,Ctg,9,87.1,3.5,75,99,40,214.0,Primary,no,
3924,Fatema Sarker,15,Male,Rajshahi ,9,79.4,4.2,53,86,63,202.0,,1,fail
9325,Lima Rahman,17,MALE,Ctg,7,99.4,3.5,56,91,32,179.0,postgraduate,YES,F
471,Sabbir Rahman,-15,other,Khulna,10,82.6,,35,36,54,125.0,Higher Secondary,Y,P
1488,Sadia Akter,13,Male,Mymensign,10,96.7,3.6,33,42,86,161.0,Unknown,NO,FAIL
4422,Karim Akter,16,male,Rajshahi ,7th,98.3,0.1,65,87,44,196.0,N/A,no,fail
4580,Rahim Ahmed,18,Other,rangpur,06,80.6,2.1,98,-21,31,108.0,Primary,0,F
2156,Tamim Rahman,15,Other,barisal,7th,101.1,4.4,49,89,50,188.0,illiterate,yes,Pass
7728,Karim Sarker,14,MALE,Dacca,Eight,86.3,4.6,61,47,69,177.0,Secondary,Y,PASS
5260,Rahim Khan,16,,Chittagong,Seven,90.4,2.2,72,61,78,211.0,N/A,yes,PASS
9656,zayed sarker,16,,dhaka,9th,103.6,4.3,67,63,80,210.0,unknown,1,PASS
2773,Karim Islam,14,,Barishal,Seven,,1.6,36,95,44,,unknown,0,F
STU-00474,Farhan Chowdhury,fifteen,Male,Khulna,Six,,4.7,74,88,33,195.0,higher secondary,yes,fail
7620,Momo Akter,18,Female,Mymensingh,7,97.4,2.4,-12,40,76,104.0,primary,Yes,
5175,Mim Akter,12,O,Rangpur,Seven,97.9,3.2,31,280,53,364.0,,NO,Fail
9547,Jannat Sarker,fifteen,MALE,Rangpur,7,91.5,2.3,88,74,84,246.0,Post Graduate,NO,PASS
977,Nadia Sarker,fifteen,O,khulna,Eight,90.7,4.1,55,34,44,133.0,Unknown,Yes,PASS
6435,Priya Islam,-4,MALE,Khulna,9,83.6,1.9,79,88,36,203.0,unknown,0,
6391,Ayesha Hossain,14,MALE,,Eight,74.1,,98,65,83,246.0,graduate,n/a,fail
2791,Imran Akter,11,,Rangpur,Seven,90.3,0.8,65,55,62,197.0,,0,
6993,Priya Khan,18,O,Sylhet,06,91.3,5.0,51,72,91,220.0,primary,NO,
8523 ,Bristi Sarker,,other,Ctg,10,83.1,1.9,83,31,absent,114.0,Primary,no,Pass
3983,Fatema Akter,14,MALE,dhaka,7,86.9,2.9,32,80,75,187.0,unknown,0,Fail
5737,Kabir Khan,18,Female,rajshahi,6th,77.9,3.3,91,75,35,201.0,Graduate,,FAIL
5178,Imran Chowdhury,13,O,Barishal,7,91.7,5.8,35,35,,70.0,unknown,n/a,FAIL
3324,Momo Sarker,17,M,Mymensingh,10th,83.1,2.8,82,80,55,217.0,postgraduate,No,Fail
5961,Lima Rahman,15,other,Sylhet,10,75.4,2.5,51,52,42,145.0,unknown,Y,pass
8445,Sabbir Hossain,18,F,SYLHET,6,74.1,5.6,34,40,37,111.0,illiterate,YES,pass
7566,Shila Hossain,16,FEMALE,Dacca,6th,85.1,2.3,72,78,51,201.0,Illiterate,NO,FAIL
916,Fatema Khan,17,Female,Mymensingh,Seven,80.5,5.6,93,59,65,217.0,Primary,yes,F
7447,Fatema Sarker,17,Other,KHULNA ,Seven,80.2,0.7,71,30,49,150.0,unknown,1,
991,Zayed Chowdhury,18,Female,Khulna,9,89.2,2.1,57,,88,145.0,Primary,No,F
1702,Mim Hossain,15,other,khulna,9,86.1,1.8,99,62,35,196.0,secondary,No,F
805,Zayed Islam,17,MALE,,Eight,80.7,4.3,84,75,53,212.0,PRIMARY,No,F
3648,Anik Akter,fifteen,male,rajshahi,Six,75.2,1.3,45,80,66,191.0,Illiterate,NO,P
1536,Bristi Sarker,18,F,rangpur,06,88.7,2.3,37,90,37,164.0,Higher Secondary,,
9573,Anik Hossain,14,M,rangpur,Seven,88.2,5.9,74,94,94,262.0,illiterate,No,FAIL
STU-08897,Rupa Khan,17,Female,Rangpur,10th,60.6,,45,81,98,,N/A,Yes,P
5813,Sabbir Hossain,12,Female,Ctg,Ten,88.1,3.2,72,81,absent,152.0,,n/a,F
5928,Shila Sarker,18,MALE,sylhet,Ten,98.8,3.8,79,87,60,226.0,unknown,YES,fail
1190,Sohan Talukder,17,MALE,khulna,9th,88.1,1.9,72,49,49,170.0,Post Graduate,N,Fail
9166,Tanvir Talukder,14,Female,rangpur,7,81.4,3.1,76,62,55,193.0,PRIMARY,n/a,
741,Hasan Das,17,male,Mymensign,6,88.1,3.0,76,82,93,251.0,GRADUATE,1,Fail
130,Zayed Sarker,17,FEMALE,Dhaka ,7th,66.4,4.5,95,82,80,257.0,Higher Secondary,Yes,FAIL
8356,Rahim Ahmed,13,Other,Dhaka ,Seven,82.6,,56,-40,47,63.0,Post Graduate,no,fail
3773,Bristi Chowdhury,12,other,barisal,9th,62.3,0.5,98,-6,46,138.0,secondary,1,fail
9222,Sohan Hossain,16,Female,mymensingh,9,58.9,1.6,79,34,,113.0,Illiterate,N,P
STU-01410,Rupa Sarker,16,,Rajshahi ,10th,102.9,3.7,99,92,85,276.0,Post Graduate,n/a,FAIL
3095,Jannat Ahmed,15,FEMALE,KHULNA ,Nine,104.7,2.5,35,96,96,227.0,postgraduate,,P
2725,Bristi Rahman,17,Female,Barishal,10,84.4,0.2,96,46,182,324.0,N/A,Y,Fail
STU-01387,Mitu Ahmed,14,,Dhaka,9,91.9,1.4,95,35,60,190.0,unknown,yes,PASS
7078,Arif Islam,11,male,SYLHET,06,82.9,1.1,67,60,69,196.0,illiterate,YES,P
46,Anik Chowdhury,18,Female,rajshahi,Six,91.4,1.4,52,95,,147.0,Illiterate,1,Pass
2041,Mitu Khan,12,,Barishal,7th,95.6,4.5,45,96,78,219.0,Post Graduate,,fail
5284,Tamim Hossain,18,M,Mymensingh,06,89.8,1.1,71,68,64,203.0,illiterate,no,PASS
5487,Imran Hossain,17,O,Rajshahi ,9th,83.9,3.9,48,81,91,220.0,Higher Secondary,0,FAIL
6078,Fatema Akter,17,M,Sylhet,7,67.3,4.4,82,75,36,193.0,GRADUATE,N,
9427,Shila Khan,13,Female,dhaka,9th,81.7,3.6,86,58,75,219.0,,1,F
2868,Anik Das,13,Female,chittagong,9th,89.9,2.2,72,52,74,198.0,postgraduate,1,Fail
4125,Rafi Das,15,male,Rajshahi,Six,81.9,1.6,93,54,66,,secondary,No,P
2898,Priya Ahmed,,Other,mymensingh,10,83.3,1.1,31,63,56,150.0,unknown,yes,FAIL
5440,Momo Rahman,17,Female,barisal,Eight,79.0,5.0,84,109,35,228.0,Higher Secondary,NO,P
7408,Sadia Rahman,16,O,Chattogram,9th,87.7,5.0,67,36,88,191.0,Secondary,0,pass
3145,,17,other,rangpur,Ten,102.5,4.4,36,41,67,144.0,Unknown,yes,PASS
6538,Kabir Chowdhury,15,Other,CHATTOGRAM,8th,70.3,3.9,77,80,53,210.0,PRIMARY,N,PASS
8651 ,Mim Chowdhury,16,Other,Chattogram,Seven,97.6,3.7,53,80,94,227.0,Unknown,no,F
9197,Rahim Ahmed,15,Other,SYLHET,7,89.5,0.5,51,39,84,174.0,Primary,NO,F
1018,Tamim Islam,13,Female,Rajshahi,9,93.8,2.6,95,40,47,182.0,graduate,NO,FAIL
8810,Lima Das,fifteen,M,Dhaka,7th,102.4,0.1,72,36,71,179.0,unknown,,Fail
1846,Rahim Islam,17,F,Rangpur,8,96.9,1.6,76,79,55,210.0,primary,0,FAIL
3158,Arif Rahman,14,MALE,Rajshahi ,Six,85.9,3.3,79,87,49,,secondary,no,
2380,Arif Talukder,18,other,Barisal,Seven,74.1,2.5,88,79,98,265.0,Graduate,yes,F
841,Ayesha Khan,16,FEMALE,Dhaka ,7th,72.8,3.2,48,31,39,118.0,higher secondary,YES,PASS
7502,Riya Rahman,17,other,Chattogram,9,93.5,3.6,54,66,-39,81.0,Unknown,n/a,
5187,Mim Talukder,11,M,rangpur,Nine,92.5,2.3,66,86,89,241.0,postgraduate,0,Pass
8463,Riya Das,13,other,Mymensign,8th,95.9,5.9,87,64,60,211.0,secondary,N,P
8612,Nusrat Akter,14,F,Rajshahi ,10,78.8,2.8,60,40,46,146.0,GRADUATE,1,Pass
5589,Rupa Ahmed,15,F,Rangpur,9th,85.1,1.3,45,82,48,175.0,illiterate,NO,P
1850,Kabir Khan,13,male,Dhaka ,Nine,89.1,3.5,42,53,40,135.0,PRIMARY,NO,pass
7003,Sohan Chowdhury,16,,rajshahi,Eight,88.6,1.8,49,79,242,370.0,Primary,0,fail
4938,Rahim Sarker,15,MALE,Rangpur,Eight,83.5,2.9,73,34,97,204.0,illiterate,NO,pass
337,Sadia Ahmed,15,female,DHAKA,06,80.7,1.7,84,47,,131.0,N/A,NO,Fail
5151,Jannat Hossain,12,F,Khulna,Ten,86.4,4.7,63,53,85,201.0,primary,No,F
1283,Zayed Talukder,18,FEMALE,Barishal,9th,98.8,6.1,82,48,35,165.0,PRIMARY,n/a,Pass
4541,Ayesha Rahman,,female,Chittagong,6,77.5,,59,89,68,216.0,Unknown,Y,F
1389,Karim Chowdhury,14,FEMALE,Rajshahi ,Eight,73.5,6.4,75,63,90,228.0,secondary,YES,Pass
193,Rupa Talukder,11,male,sylhet,06,88.4,2.4,42,97,43,182.0,secondary,1,fail
6683,Sohan Talukder,-5,FEMALE,Barisal,7,81.5,2.2,62,74,37,173.0,illiterate,Yes,pass
9790,Priya Hossain,13,M,Mymensingh,7,83.5,3.0,55,72,91,218.0,,1,
3960,Ayesha Ahmed,15,Other,Mymensingh,10th,95.4,2.0,71,58,56,185.0,GRADUATE,yes,FAIL
9624,Karim Islam,11,Male,rangpur,Nine,92.6,2.0,44,44,66,154.0,Illiterate,,P
8959,Rafi Talukder,17,Female,rajshahi,Seven,67.4,3.7,37,72,92,201.0,Secondary,Y,F
2562,Rakib Chowdhury,18,M,,6,70.2,3.7,75,30,67,172.0,Secondary,Yes,F
3680,Sohan Ahmed,14,MALE,CHATTOGRAM,Seven,76.7,5.0,57,44,30,131.0,Secondary,0,Fail
1052,Anik Islam,17,other,KHULNA ,8,73.2,2.6,58,52,43,153.0,illiterate,,Fail
537,Rakib Rahman,11,F,DHAKA,7,90.7,2.9,65,75,61,201.0,Unknown,1,F
3803,Rakib Ahmed,16,FEMALE,KHULNA ,9th,78.6,3.8,30,39,52,121.0,Secondary,Yes,PASS
786,Momo Hossain,18,Other,khulna,6,63.1,4.8,64,91,30,185.0,primary,YES,Fail
4282,Farhan Sarker,17,FEMALE,KHULNA ,6,-28.6,2.5,91,41,67,199.0,primary,No,FAIL
189,Sabbir Talukder,18,Other,khulna,9,108.1,2.0,54,81,33,168.0,unknown,NO,
4543,Nadia Ahmed,12,M,Rajshahi,7,,3.7,57,32,77,166.0,Secondary,YES,FAIL
6856,Shila Ahmed,11,FEMALE,Barishal,Seven,99.4,0.6,46,,43,89.0,,YES,P
2523,Momo Das,16,F,khulna,8,87.3,2.6,52,76,46,174.0,Graduate,Y,fail
8026,Nusrat Rahman,16,,sylhet,Nine,103.5,3.7,39,45,52,136.0,secondary,N,P
2734,Kabir Chowdhury,16,,KHULNA ,9,72.5,1.9,90,78,90,258.0,Unknown,N,FAIL
STU-05297,Riya Hossain,14,Female,sylhet,7,96.2,3.6,-18,84,53,119.0,higher secondary,1,F
2639,Priya Hossain,18,male,Barisal,Eight,84.3,4.4,75,67,77,219.0,N/A,n/a,FAIL
7881,Ayesha Akter,17,O,Sylhet,06,80.6,2.3,75,87,59,221.0,Secondary,0,fail
661 ,Hasan Das,18,M,Rajshahi ,Seven,84.3,3.7,63,60,81,204.0,unknown,no,P
6599,Mitu Ahmed,14,Female,barisal,10,86.9,4.4,58,65,92,215.0,Illiterate,Yes,FAIL
4602,Priya Rahman,15,FEMALE,KHULNA ,Seven,92.7,3.7,88,95,48,231.0,Illiterate,YES,P
6687,Ayesha Rahman,fifteen,Female,Khulna,9,91.8,3.4,56,77,68,201.0,GRADUATE,YES,Fail
8791,Lima Chowdhury,11,female,Sylhet,7,74.7,4.8,74,50,69,193.0,,No,fail
4304,Ayesha Chowdhury,14,other,SYLHET,10th,84.3,3.3,70,70,86,226.0,Post Graduate,N,FAIL
6270,Lima Talukder,11,other,sylhet,Seven,92.3,4.7,57,85,57,199.0,unknown,1,F
5647,Arif Hossain,17,F,rangpur,7,86.1,3.6,96,52,89,,Unknown,yes,PASS
7247,Bristi Sarker,12,female,Rajshahi,06,74.9,1.9,69,absent,78,147.0,postgraduate,N,F
5468,Ayesha Khan,fifteen,Male,barisal,6th,81.0,2.9,51,65,48,164.0,PRIMARY,N,F
1791,Farhan Talukder,12,female,Mymensingh,Eight,91.8,4.4,72,50,44,166.0,Unknown,1,FAIL
2159,Arif Das,13,M,Rangpur,Ten,98.2,2.2,,83,98,181.0,primary,N,Pass
4540,Sadia Chowdhury,12,M,,10,98.6,2.7,45,85,97,227.0,N/A,,Fail
9584,Sabbir Ahmed,18,,sylhet,9,81.3,2.3,32,52,88,172.0,graduate,yes,
8184,Arif Das,18,M,Chittagong,Six,75.2,3.9,46,78,55,179.0,graduate,YES,FAIL
7104,Bristi Rahman,18,FEMALE,DHAKA,7th,82.4,4.4,99,56,83,238.0,Illiterate,,pass
861,Kabir Ahmed,11,other,,9th,86.4,4.3,62,78,85,225.0,postgraduate,,Fail
3978,Sohan Khan,13,female,Dhaka ,7th,82.1,3.8,216,63,43,322.0,Illiterate,no,pass
7440,Sadia Sarker,17,Female,Sylhet,7th,-17.2,2.9,96,48,94,238.0,Secondary,,Pass
8501,Anik Das,214,female,mymensingh,10th,83.6,4.1,39,69,62,170.0,Unknown,1,pass
8826,Hasan Islam,18,FEMALE,Rangpur,Ten,79.2,2.7,56,94,32,182.0,GRADUATE,yes,FAIL
5158,Tanvir Hossain,15,male,KHULNA ,Eight,86.2,3.1,61,47,87,195.0,secondary,N,F
7370,Nusrat Khan,15,M,Mymensign,10th,76.5,3.8,61,82,82,225.0,secondary,0,FAIL
4106,Riya Sarker,14,O,Sylhet,Seven,73.9,2.8,31,93,81,205.0,higher secondary,Y,PASS
8991,Lima Chowdhury,11,Other,Khulna,8th,82.9,4.3,49,35,47,error,PRIMARY,yes,fail
STU-09756,shila hossain,14,Other,mymensingh,Seven,80.4,4.0,61,73,81,215.0,Graduate,yes,
6914,Tanvir Islam,12,male,Rajshahi,Six,79.2,5.5,absent,69,57,126.0,Post Graduate,1,
5991,Sadia Rahman,15,FEMALE,Rajshahi ,10,101.4,2.3,99,67,83,249.0,Primary,1,fail
5715,Rupa Rahman,15,Other,barisal,9,80.0,2.4,39,83,84,206.0,graduate,1,pass
424,Hasan Talukder,15,F,Rangpur,7,86.8,1.2,63,82,80,225.0,Post Graduate,1,PASS
428,Karim Ahmed,13,Male,Rangpur,10th,87.9,4.3,53,48,66,167.0,Primary,n/a,FAIL
6869,Nadia Sarker,15,O,rajshahi,7,83.4,1.8,79,40,84,203.0,Unknown,NO,Pass
5011,Mitu Talukder,14,Male,Rajshahi ,Eight,100.9,4.1,83,64,59,206.0,postgraduate,YES,P
9686,Nusrat Islam,17,,Dacca,Ten,78.5,2.2,54,55,87,196.0,unknown,NO,P
204,Mitu Akter,16,other,  Dhaka,6,76.9,4.3,95,42,75,212.0,illiterate,N,FAIL
390,Kabir Sarker,13,F,khulna,10th,91.5,7.0,76,69,83,228.0,primary,Y,PASS
617,Ayesha Talukder,16,other,Rajshahi ,10,84.7,1.7,40,75,91,206.0,Higher Secondary,Yes,
3355,Sohan Hossain,12,Other,Barishal,7,83.5,4.2,89,70,49,208.0,Higher Secondary,Y,
9390,Lima Akter,11,FEMALE,Rajshahi,Six,88.7,4.3,64,55,70,189.0,primary,YES,FAIL
29,Hasan Rahman,18,other,Ctg,8th,86.0,2.2,88,65,48,201.0,Secondary,no,fail
373,Lima Sarker,12,male,Dhaka,Six,92.6,4.9,77,51,46,174.0,primary,N,Pass
9294,Hasan Sarker,14,MALE,rajshahi,Eight,81.0,4.8,87,51,74,212.0,postgraduate,0,
1739,Kabir Akter,14,female,Mymensingh,8th,94.8,3.0,48,74,66,188.0,Higher Secondary,No,
7269,Zayed Akter,11,female,Sylhet,7,,3.3,42,,43,85.0,higher secondary,yes,pass
8346,Shila Sarker,11,Male,Rajshahi,8th,76.0,3.3,61,81,44,186.0,Illiterate,YES,pass
6521,Lima Khan,11,,Khulna,Seven,70.3,2.3,58,85,35,178.0,postgraduate,NO,
9096,Momo Talukder,18,O,Khulna,10th,85.3,25.4,71,57,87,215.0,Graduate,0,fail
7792,Sabbir Islam,16,male,Rajshahi ,9th,83.8,3.0,82,52,65,199.0,illiterate,1,PASS
7138,Priya Talukder,11,MALE,SYLHET,Seven,65.5,2.3,58,49,63,170.0,secondary,YES,Fail
2449,Sadia Islam,14,Other,rangpur,10,87.6,4.9,47,40,91,178.0,illiterate,No,Fail
319,Momo Islam,18,other,Chittagong,6th,81.8,3.0,,61,68,129.0,illiterate,1,Pass
3522,Arif Akter,16,,  Dhaka,7th,80.5,4.3,38,95,64,197.0,higher secondary,yes,FAIL
7595,Rafi Akter,17,female,mymensingh,Six,81.1,1.7,56,85,36,177.0,Primary,No,FAIL
7106,Zayed Ahmed,17,Other,CHATTOGRAM,Six,94.8,3.5,54,68,78,200.0,Primary,N,Fail
5,Priya Chowdhury,16,female,Rajshahi,6,85.7,0.9,93,32,80,205.0,,N,Fail
3474,Sohan Akter,16,female,Rangpur,8,92.0,4.5,60,30,35,125.0,primary,YES,
5334,Lima Sarker,14,,sylhet,8th,79.9,5.0,92,70,31,193.0,illiterate,yes,PASS
7734,Jannat Islam,13,,Mymensign,9th,91.1,2.1,61,-31,87,117.0,secondary,Y,pass
9450,Rafi Sarker,14,female,Ctg,Nine,82.4,2.4,77,77,90,244.0,Graduate,0,pass
4212,Karim Akter,16,O,Barishal,Seven,82.8,2.9,60,97,70,227.0,Post Graduate,No,pass
1735,Tamim Sarker,18,MALE,DHAKA,9th,82.7,2.9,80,33,80,193.0,Primary,NO,Fail
3198,Priya Akter,13,Female,Sylhet,7th,95.6,2.2,60,83,96,239.0,Graduate,,PASS
2736,Mitu Chowdhury,15,O,sylhet,Six,108.4,4.0,76,71,71,218.0,Primary,NO,fail
635,Kabir Akter,15,FEMALE,barisal,9,100.9,2.7,45,31,46,122.0,postgraduate,NO,
8890,Kabir Akter,16,MALE,SYLHET,10,107.4,0.9,68,49,94,211.0,,N,Pass
7203,Mitu Akter,,Other,Dacca,Ten,88.3,1.9,93,99,64,256.0,secondary,n/a,pass
272,Rahim Sarker,12,female,rangpur,Eight,107.2,1.1,76,78,62,216.0,N/A,0,PASS
4551,Mim Islam,17,,chittagong,Seven,79.7,3.7,85,76,32,193.0,GRADUATE,N,pass
4102,Momo Ahmed,14,Male,,9th,104.3,1.3,94,83,40,217.0,Secondary,N,pass
1558,Imran Talukder,18,FEMALE,SYLHET,Six,79.4,3.1,69,44,47,160.0,GRADUATE,n/a,Pass
1353,Bristi Rahman,13,,Barisal,10th,77.3,1.7,45,53,98,196.0,Graduate,Yes,F
3992,Zayed Rahman,11,Other,Dacca,Eight,82.6,5.1,74,55,,129.0,primary,Y,F
6908,Hasan Rahman,16,male,Rangpur,7th,93.8,3.2,62,87,47,196.0,Illiterate,0,
3116,Sabbir Islam,13,,SYLHET,9,79.2,5.9,65,57,97,219.0,Primary,Yes,F
1043,Sohan Akter,14,male,Barishal,6th,64.7,6.2,90,67,49,206.0,Higher Secondary,0,pass
6008,Priya Talukder,-14,O,Mymensign,Seven,84.3,0.4,38,59,73,170.0,,Y,fail
4165,Zayed Chowdhury,13,MALE,dhaka,Eight,67.6,2.2,49,63,39,151.0,illiterate,YES,pass
2408,Lima Talukder,15,female,Dhaka,06,71.4,6.7,46,85,,131.0,,,fail
1617,Priya Ahmed,12,other,chittagong,9th,83.9,2.7,72,80,92,244.0,Secondary,No,P
1956,Tanvir Islam,13,MALE,Rajshahi ,10,90.9,5.1,87,82,30,199.0,Higher Secondary,1,Fail
5873,Fatema Chowdhury,18,male,Chattogram,9,87.1,2.1,65,42,132,239.0,GRADUATE,Yes,FAIL
4094,Sabbir Chowdhury,17,O,khulna,9,72.8,1.8,38,94,99,231.0,Illiterate,YES,FAIL
4385,Tamim Chowdhury,18,F,Ctg,9,84.0,1.1,71,95,40,206.0,graduate,no,Pass
5071,Sadia Khan,11,M,rangpur,8th,90.6,5.0,60,42,34,136.0,postgraduate,no,pass
3739,Sabbir Sarker,12,female,Sylhet,Six,74.7,3.0,30,41,53,124.0,Higher Secondary,yes,fail
8714,Hasan Rahman,12,male,rajshahi,Nine,93.9,5.3,83,67,46,196.0,Graduate,no,fail
6437,Mitu Chowdhury,12,,Khulna,10,101.2,4.2,75,42,66,183.0,unknown,YES,fail
3871,Fatema Hossain,18,Female,rangpur,06,83.2,3.8,87,77,42,206.0,PRIMARY,yes,PASS
8122,Imran Das,12,other,rajshahi,10,84.6,5.5,86,45,88,,Post Graduate,yes,P
2439,Jannat Rahman,15,other,Ctg,Nine,70.5,2.7,77,35,64,176.0,Higher Secondary,1,F
7744,Riya Akter,17,male,dhaka,10th,85.9,-0.1,45,40,47,132.0,Post Graduate,Y,Pass
2007,Mitu Akter,12,FEMALE,chittagong,8,78.0,1.5,32,69,95,196.0,illiterate,1,P
975,Jannat Ahmed,12,Male,sylhet,8th,99.8,2.7,60,39,65,164.0,PRIMARY,NO,Pass
2714,Karim Das,18,MALE,Sylhet,9th,-14.3,3.7,34,35,43,112.0,postgraduate,No,
1812,Ayesha Khan,17,Other,Barishal,10th,81.8,5.1,84,92,85,261.0,postgraduate,,
4426,Rafi Talukder,14,,barisal,Eight,99.7,1.7,65,77,96,238.0,higher secondary,NO,pass
1648,Kabir Hossain,14,,Barisal,8th,104.3,3.1,87,,60,147.0,postgraduate,N,fail
6999,Sabbir Hossain,12,MALE,khulna,Eight,75.7,1.6,71,91,61,223.0,graduate,1,
4192,Anik Das,16,male,Sylhet,6,92.7,,44,49,79,172.0,unknown,1,F
4884,Momo Khan,12,F,Rajshahi ,7th,77.1,4.6,92,83,81,256.0,unknown,yes,P
3338,Mitu Rahman,15,Male,dhaka,Eight,99.3,3.4,61,59,47,167.0,Graduate,0,fail
9680,Sadia Ahmed,11,Other,Khulna,Six,101.8,6.0,50,56,92,198.0,Post Graduate,No,fail
630,Ayesha Ahmed,13,,chittagong,Eight,89.0,3.7,91,81,70,242.0,higher secondary,n/a,fail
6754,Mim Sarker,14,Female,KHULNA ,10th,104.2,2.9,37,47,58,142.0,,Yes,Fail
7927,Rakib Das,13,,CHATTOGRAM,10,84.1,1.1,49,48,85,182.0,Higher Secondary,Yes,
9754,Jannat Chowdhury,12,MALE,SYLHET,8,87.2,4.4,32,51,79,162.0,N/A,N,Pass
2920,Tamim Akter,16,MALE,barisal,06,80.1,7.4,90,42,69,201.0,primary,YES,P
3443,Sohan Chowdhury,-5,female,Barishal,Eight,72.9,3.6,78,84,89,251.0,Illiterate,Yes,
3356,Ayesha Akter,18,female,Rangpur,Seven,99.0,2.7,83,40,32,155.0,,No,pass
3039,Sadia Akter,13,MALE,,8th,79.4,5.2,52,83,37,172.0,GRADUATE,Yes,F
7127,Nadia Das,11,Female,SYLHET,9th,,2.8,74,50,93,217.0,,Yes,P
4538,Rahim Das,13,O,Barisal,06,86.7,2.4,45,54,86,185.0,N/A,,F
3793,Shila Ahmed,11,Male,dhaka,6th,95.9,2.0,55,,51,106.0,Secondary,no,F
9695,Bristi Das,14,Male,Khulna,6,102.7,5.0,31,62,54,147.0,N/A,N,fail
722,Sabbir Hossain,14,male,Rajshahi,10th,71.5,4.4,72,60,46,178.0,Unknown,,Fail
2757,Kabir Das,17,other,Mymensign,8th,81.7,-0.0,61,39,absent,100.0,primary,,
7995,Ayesha Rahman,12,FEMALE,rajshahi,Eight,80.2,3.2,96,94,63,253.0,Unknown,0,
4121,Arif Ahmed,11,Female,barisal,7,78.0,5.3,66,81,38,185.0,illiterate,yes,pass
8479,Tanvir Rahman,17,other,Mymensign,7,73.5,1.0,absent,88,59,147.0,Unknown,0,F
6492,Tanvir Ahmed,12,FEMALE,Barishal,10,-2.1,3.9,32,97,43,172.0,GRADUATE,yes,Pass
9670,Mitu Khan,18,Male,sylhet,Nine,79.1,5.0,57,44,92,193.0,Post Graduate,N,FAIL
3399,Nusrat Hossain,17,FEMALE,Dhaka,10th,87.2,3.2,36,43,98,177.0,Post Graduate,Yes,FAIL
5449,Zayed Hossain,18,Other,Rangpur,06,76.5,2.7,63,70,97,230.0,higher secondary,NO,FAIL
8784,Sabbir Chowdhury,14,M,rajshahi,Six,86.8,4.4,64,46,39,149.0,illiterate,no,Pass
740,Hasan Ahmed,13,,CHATTOGRAM,Eight,,1.9,96,59,74,229.0,Primary,yes,fail
9808,Momo Islam,14,male,  Dhaka,06,111.2,4.0,87,41,65,193.0,N/A,yes,PASS
1103,Mitu Das,18,other,Mymensign,Ten,88.5,3.3,41,64,81,186.0,graduate,N,Pass
730,Arif Talukder,fifteen,other,chittagong,8,102.6,3.0,74,72,42,188.0,Higher Secondary,,F
3507,Sohan Ahmed,17,Male,Rangpur,Eight,66.4,3.0,,76,92,168.0,GRADUATE,,pass
4670,Nadia Khan,14,Other,Dhaka,Six,81.0,3.2,61,42,,103.0,Primary,N,fail
922,Mitu Hossain,11,F,Rajshahi,Six,103.1,2.5,89,80,50,219.0,unknown,NO,
969,Riya Sarker,17,,,6th,89.6,-1.6,48,38,93,179.0,secondary,No,Fail
675,Rafi Das,12,Male,SYLHET,Ten,69.9,3.5,53,,72,125.0,secondary,yes,P
6226,Sabbir Akter,13,O,mymensingh,Seven,88.8,4.0,35,-49,52,38.0,Unknown,n/a,
6484,Farhan Khan,13,FEMALE,Ctg,Eight,93.6,5.1,89,86,93,268.0,Primary,NO,P
4463,Mim Ahmed,14,M,Rangpur,Six,89.3,1.5,45,41,56,142.0,Illiterate,,FAIL
934,Priya Chowdhury,16,MALE,KHULNA ,7,95.9,4.4,68,68,65,201.0,Graduate,No,PASS
4474,Tanvir Ahmed,17,other,khulna,Nine,80.4,2.7,96,51,-11,136.0,Post Graduate,Yes,F
5422,Rakib Akter,12,Female,Barishal,6th,85.3,2.6,82,51,39,,Unknown,N,Fail
4204,Mitu Talukder,15,male,Khulna,10,86.5,4.0,57,41,72,170.0,secondary,YES,FAIL
6155,Rupa Islam,11,Female,Mymensingh,9,88.4,4.8,80,35,46,161.0,graduate,yes,Pass
9796,Nadia Rahman,17,Other,Mymensign,8,84.9,1.8,35,54,88,177.0,unknown,Y,P
6377,Imran Talukder,11,Female,sylhet,Six,101.9,1.7,77,,52,129.0,Illiterate,Yes,P
442,Kabir Das,18,Male,Barisal,8,86.8,-3.6,64,95,92,251.0,Illiterate,,Fail
4770,Ayesha Das,12,M,rangpur,Six,83.3,2.3,68,55,55,178.0,GRADUATE,Y,fail
9076,Hasan Chowdhury,11,other,Dhaka ,06,75.9,6.4,66,36,46,,Higher Secondary,1,FAIL
4279,Lima Ahmed,15,F,Sylhet,6th,79.3,4.8,40,30,55,125.0,higher secondary,N,Fail
1095,Rakib Ahmed,11,,Chittagong,8th,89.8,2.9,-23,64,82,123.0,Higher Secondary,YES,P
5553,Imran Rahman,14,FEMALE,Rajshahi,Ten,92.9,,86,30,58,,Higher Secondary,N,Pass
7555,Kabir Ahmed,12,female,Rangpur,Nine,85.5,3.1,55,95,58,208.0,postgraduate,1,Fail
3482,Nusrat Khan,16,O,rajshahi,8,76.4,2.6,94,93,87,274.0,Higher Secondary,n/a,P
1615,Hasan Ahmed,12,other,SYLHET,6th,112.7,3.1,67,53,53,173.0,higher secondary,0,pass
7613,Mim Hossain,15,,Mymensingh,Nine,96.3,0.8,99,36,90,225.0,Graduate,NO,P
5179,nadia khan,13,FEMALE,sylhet,06,86.9,2.8,88,77,49,214.0,GRADUATE,1,Pass
8563,Kabir Ahmed,11,,DHAKA,Nine,79.9,1.3,61,41,55,157.0,secondary,NO,fail
427,Imran Khan,15,Female,sylhet,Seven,105.7,1.6,40,80,46,166.0,PRIMARY,n/a,P
4735,Karim Ahmed,18,MALE,Sylhet,6th,89.5,2.0,74,53,32,159.0,graduate,n/a,F
4198,Karim Ahmed,18,Female,Sylhet,8th,96.1,2.2,58,88,53,199.0,higher secondary,,fail
1704,Rupa Chowdhury,12,Male,rangpur,Ten,91.3,5.5,95,54,87,236.0,Higher Secondary,1,Fail
4871,Jannat Hossain,16,M,CHATTOGRAM,9,82.5,-3.2,83,95,,178.0,Higher Secondary,Y,
3635,Imran Khan,11,Male,Chattogram,8th,85.9,0.3,33,75,40,148.0,Primary,N,P
6888,Shila Islam,11,M,mymensingh,Seven,79.4,2.6,88,40,80,208.0,illiterate,No,
7275,Hasan Akter,12,F,  Dhaka,6th,74.6,1.7,97,62,75,234.0,Illiterate,1,Fail
1366,Sabbir Chowdhury,11,,Dacca,10,106.6,0.2,60,64,45,169.0,Illiterate,yes,FAIL
2164 ,Tamim Das,13,F,KHULNA ,Nine,76.7,2.0,32,53,42,127.0,Illiterate,N,fail
3291,Shila Das,11,female,rangpur,7th,82.2,2.6,65,49,83,197.0,Post Graduate,Y,P
1327,Nusrat Khan,16,,mymensingh,Nine,94.5,3.2,45,70,84,199.0,primary,0,Fail
308,Farhan Talukder,11,F,Mymensingh,7,78.9,5.7,58,39,87,184.0,Post Graduate,YES,Fail
4800,Rahim Khan,13,,DHAKA,7th,83.5,5.5,35,49,60,144.0,higher secondary,0,P
9358,Sohan Khan,12,female,Sylhet,10,91.2,4.5,86,67,61,214.0,N/A,NO,P
9313,Rafi Talukder,18,F,Rajshahi ,06,94.9,0.6,75,71,68,214.0,postgraduate,,pass
464,Rafi Akter,13,Male,Rajshahi,10th,95.8,0.9,50,57,83,190.0,Primary,YES,F
2984,Riya Chowdhury,12,male,rangpur,8,76.0,4.7,67,31,-44,54.0,,1,PASS
2312,Arif Khan,14,Male,rangpur,Seven,71.8,3.5,77,99,,,postgraduate,YES,F
5204,Rahim Talukder,17,other,,06,89.0,4.3,59,53,84,196.0,PRIMARY,no,
453,Tamim Khan,12,O,Mymensign,8th,94.6,1.5,79,37,70,186.0,secondary,n/a,P
4215,Tamim Islam,12,other,Rangpur,9th,N/A,3.5,99,74,56,229.0,unknown,yes,Pass
3370,Farhan Khan,17,F,mymensingh,7,101.3,4.3,48,55,67,170.0,,Yes,PASS
2907,Hasan Akter,14,Other,chittagong,7th,76.1,3.2,57,73,85,215.0,postgraduate,Yes,F
2031,Rakib Islam,12,male,Khulna,10,-17.2,1.3,60,77,90,227.0,unknown,N,PASS
7550,Tanvir Islam,14,F,Sylhet,8,82.3,1.3,76,46,58,180.0,Illiterate,yes,pass
6319,Sadia Khan,14,female,barisal,8,82.7,4.2,91,67,53,211.0,PRIMARY,no,PASS
940,Priya Talukder,18,Other,DHAKA,Six,86.6,6.3,47,260,56,363.0,primary,YES,FAIL
855,Riya Rahman,18,FEMALE,Rangpur,Nine,89.7,2.7,79,69,87,235.0,unknown,YES,F
7346,Riya Rahman,17,,Dhaka ,6th,93.9,3.6,39,absent,62,101.0,,N,fail
6557,fatema hossain,18,M,Dhaka,10th,86.0,2.6,48,68,43,159.0,Post Graduate,YES,Pass
7098,Sabbir Talukder,11,Female,Rajshahi,6,78.0,3.3,51,66,43,160.0,illiterate,no,PASS
3458,Jannat Hossain,14,O,DHAKA,10,88.3,4.5,99,65,53,217.0,GRADUATE,Yes,
8349,Lima Khan,18,MALE,chittagong,Six,,2.8,89,97,61,247.0,GRADUATE,1,
6037,Rupa Chowdhury,18,Male,Dhaka ,6,100.7,3.0,82,92,48,222.0,Unknown,YES,PASS
7628,Karim Sarker,14,Female,rangpur,Ten,67.6,2.3,87,34,67,188.0,Higher Secondary,No,pass
7570,Kabir Chowdhury,16,Male,SYLHET,9th,81.2,1.7,40,94,88,222.0,higher secondary,No,PASS
140,Nadia Chowdhury,18,FEMALE,Rajshahi ,7,161.6,4.0,60,38,80,178.0,Primary,,FAIL
5226,Sadia Ahmed,11,F,CHATTOGRAM,8,91.6,3.1,66,89,85,240.0,secondary,no,Fail
3336,Rahim Khan,12,O,Rangpur,7,88.1,4.0,81,64,73,218.0,higher secondary,Y,
7029,Fatema Hossain,11,Male,Sylhet,8th,82.1,3.8,,41,44,85.0,Post Graduate,n/a,P
3954,Bristi Khan,13,male,khulna,6,95.3,5.1,50,53,38,141.0,Unknown,NO,F
6321,Momo Islam,15,Male,Khulna,Seven,78.4,1.4,47,70,,117.0,Secondary,N,FAIL
8308,Priya Chowdhury,11,Female,DHAKA,7,80.7,4.1,84,57,86,227.0,unknown,no,
9395,Bristi Rahman,16,FEMALE,rajshahi,8th,71.5,3.8,51,61,54,166.0,GRADUATE,YES,
4573,Nusrat Talukder,253,female,KHULNA ,8,64.2,3.9,97,53,72,222.0,graduate,NO,FAIL
4557,Mim Akter,18,male,rangpur,8,101.7,4.6,66,61,72,199.0,,n/a,fail
9067,Kabir Rahman,13,other,Barishal,8,104.0,4.5,75,75,45,195.0,graduate,n/a,P
9578,Tanvir Ahmed,15,female,dhaka,6th,98.5,1.4,47,46,73,,secondary,yes,P
5805,Priya Ahmed,14,O,Chattogram,6,73.3,1.8,87,96,74,257.0,Post Graduate,Y,Fail
4971,Hasan Islam,17,,SYLHET,8th,79.4,1.7,82,75,83,240.0,primary,0,
3358,Jannat Akter,14,FEMALE,Barisal,8th,76.2,2.7,72,56,62,190.0,illiterate,Yes,pass
5747,Rupa Ahmed,16,male,Barisal,7th,75.6,3.9,,37,54,91.0,unknown,NO,
2121,Jannat Talukder,15,O,Rajshahi ,Six,72.2,4.7,94,62,88,244.0,Illiterate,YES,Pass
8054,Zayed Sarker,14,F,rangpur,Eight,89.8,,63,50,74,187.0,Post Graduate,N,PASS
4116,Mim Chowdhury,16,Female,Dhaka,10th,84.1,3.8,32,64,88,184.0,graduate,yes,
6562,Ayesha Sarker,fifteen,M,Rangpur,Ten,84.1,4.7,40,52,55,147.0,graduate,n/a,P
399,Nusrat Das,12,O,Dhaka,Six,88.8,2.7,38,66,78,182.0,higher secondary,Y,
1985,Imran Talukder,16,female,Dacca,7th,87.0,4.6,84,68,38,190.0,PRIMARY,1,pass
5325,Kabir Chowdhury,17,Female,Sylhet,Seven,86.4,1.4,55,41,88,184.0,Higher Secondary,Y,PASS
7621,Mim Hossain,14,MALE,CHATTOGRAM,9,89.1,4.2,69,82,90,241.0,Post Graduate,Yes,
3450,Riya Sarker,12,F,Khulna,6,70.5,2.7,39,52,58,149.0,primary,0,PASS
4037,Mim Ahmed,12,female,Rajshahi ,6th,79.8,2.7,67,33,46,146.0,Post Graduate,0,P
2963,Imran Hossain,15,female,Rajshahi,Ten,86.7,3.3,91,79,44,214.0,,YES,F
5885,Nusrat Ahmed,11,M,Barisal,6,95.2,4.5,73,55,65,193.0,Unknown,N,Pass
6619,Bristi Chowdhury,11,F,Chattogram,10,84.0,1.1,65,86,34,185.0,Higher Secondary,No,PASS
136,Sabbir Akter,14,O,CHATTOGRAM,7,94.6,4.5,65,65,55,185.0,Higher Secondary,yes,Pass
6920,Rupa Khan,14,male,Dacca,Ten,86.3,3.1,76,42,65,183.0,Illiterate,n/a,P
1253,Rakib Ahmed,13,O,rajshahi,Ten,79.2,1.9,60,,52,112.0,Illiterate,n/a,FAIL
5919,Sadia Ahmed,12,FEMALE,rajshahi,9,72.7,2.3,72,57,78,207.0,higher secondary,,
8625,Farhan Islam,15,O,Chittagong,Seven,85.9,2.4,82,40,55,177.0,graduate,0,PASS
231,Riya Hossain,17,O,Chittagong,7,90.1,0.0,88,32,57,177.0,N/A,N,Fail
2742,Ayesha Sarker,16,M,mymensingh,8,85.2,5.1,67,32,34,133.0,higher secondary,,F
8754,Fatema Sarker,11,O,SYLHET,7th,98.6,3.0,42,72,78,192.0,PRIMARY,YES,Fail
7160,Shila Hossain,12,Female,Barisal,Seven,81.3,4.0,47,75,-26,96.0,Primary,,Fail
8069,Tamim Rahman,17,MALE,Chittagong,6th,86.6,2.0,68,41,45,154.0,postgraduate,N,fail
6483,Nusrat Khan,16,F,rangpur,8,-37.2,2.9,31,-27,48,52.0,unknown,YES,
STU-06980,Nusrat Ahmed,14,Male,chittagong,9th,85.4,1.2,86,,,86.0,higher secondary,yes,
9270,Rahim Talukder,14,Female,Barishal,7th,91.1,4.8,99,59,84,242.0,illiterate,,P
5778,Lima Khan,13,Other,Sylhet,10,86.3,2.7,46,75,73,194.0,Graduate,no,PASS
8739,Nusrat Talukder,12,M,rangpur,10,55.2,2.4,94,84,67,245.0,primary,no,Pass
STU-06852,Lima Ahmed,16,Female,KHULNA ,9,97.8,3.8,71,34,77,182.0,Post Graduate,N,fail
4475,Lima Hossain,17,O,CHATTOGRAM,9th,85.0,3.0,78,90,41,209.0,GRADUATE,no,Fail
6811,Ayesha Sarker,17,other,Sylhet,10th,59.2,5.9,86,67,,153.0,Post Graduate,no,PASS
1948,Imran Akter,11,,Ctg,Seven,87.4,1.2,37,63,88,188.0,,no,F
2009,Kabir Talukder,11,O,mymensingh,7,83.8,1.6,55,86,66,207.0,Higher Secondary,Y,Pass
4229,Rakib Talukder,,M,barisal,10th,101.1,2.2,85,32,99,216.0,,yes,Fail
9402,Zayed Rahman,12,,rangpur,Seven,86.8,4.7,37,69,51,157.0,Secondary,no,Pass
7603,Imran Sarker,18,Male,Mymensign,9,77.1,1.8,68,84,87,239.0,PRIMARY,yes,P
2016,Mitu Talukder,15,Other,rajshahi,9,72.2,2.4,,,35,35.0,Primary,,FAIL
2856,Bristi Akter,13,male,Rajshahi,7th,83.1,1.9,175,49,40,264.0,Illiterate,yes,Pass
8599,Rahim Ahmed,16,M,Dhaka,Nine,86.8,4.2,75,89,53,217.0,higher secondary,N,P
5997,Rahim Akter,13,other,Dacca,6,96.3,5.6,95,34,47,176.0,graduate,yes,PASS
9175,Priya Akter,16,MALE,Khulna,10,87.6,6.6,99,44,85,228.0,Unknown,YES,Fail
965,Hasan Chowdhury,12,male,dhaka,10,82.2,2.7,198,57,31,286.0,unknown,yes,Fail
4868,Tamim Ahmed,13,Other,  Dhaka,10th,96.2,2.4,45,70,35,150.0,Higher Secondary,Y,
6637,Jannat Hossain,14,F,Mymensingh,Ten,73.2,0.3,81,90,90,261.0,graduate,0,F
2843,Rakib Hossain,14,Female,Rajshahi ,Eight,85.9,2.1,,55,40,95.0,GRADUATE,No,F
6520,Bristi Khan,14,Female,Chittagong,6th,86.1,0.8,44,69,67,180.0,illiterate,Y,F
8660,Fatema Ahmed,13,O,Sylhet,7th,87.2,3.3,84,38,83,205.0,N/A,No,fail
6672,Nusrat Islam,17,Male,Dhaka ,Seven,93.9,2.0,44,99,73,216.0,Graduate,yes,FAIL
5933,Jannat Hossain,11,Female,Mymensign,7th,73.7,,41,40,188,269.0,Higher Secondary,0,F
1941,Riya Talukder,18,Male,SYLHET,Seven,90.2,2.4,93,38,36,167.0,N/A,0,fail
9781,Nadia Chowdhury,11,O,rangpur,6,92.2,1.0,83,39,96,218.0,N/A,No,FAIL
158,Nadia Das,11,FEMALE,Khulna,7,N/A,1.1,89,31,30,150.0,graduate,No,pass
7819,Priya Hossain,12,,Chittagong,Nine,86.3,2.3,99,43,95,237.0,N/A,NO,F
7668,Mitu Akter,12,MALE,Sylhet,7th,100.2,5.6,47,96,89,232.0,graduate,NO,FAIL
9203,Mitu Khan,12,Other,CHATTOGRAM,Ten,75.4,4.7,99,66,45,210.0,postgraduate,0,pass
4780,Rupa Rahman,16,FEMALE,Dacca,Nine,84.8,0.3,68,39,58,165.0,graduate,Y,PASS
7795,Shila Khan,17,FEMALE,Dacca,8,84.8,1.5,,84,65,149.0,N/A,YES,F
8051,Tanvir Talukder,14,Male,rangpur,Ten,92.1,4.4,42,,53,95.0,N/A,Y,F
1266,Riya Chowdhury,11,M,Rangpur,Nine,86.8,2.2,32,78,48,158.0,N/A,NO,Fail
962,Farhan Das,18,other,,8th,80.9,3.4,66,78,81,225.0,GRADUATE,NO,P
2511,Sabbir Das,13,Other,Rajshahi ,9,81.5,1.4,96,92,34,222.0,illiterate,no,
8629,Tanvir Rahman,16,MALE,Barisal,6,-42.6,4.0,65,39,33,137.0,higher secondary,1,F
2646,Zayed Das,14,Other,Rajshahi ,9,73.6,0.6,42,70,41,153.0,secondary,n/a,
1241,Riya Das,16,M,Khulna,6th,75.6,1.2,99,59,52,210.0,Unknown,,pass
5306,Nusrat Islam,14,Male,rangpur,Eight,86.8,2.6,84,33,144,261.0,postgraduate,no,pass
4033,Farhan Sarker,15,FEMALE,mymensingh,Seven,100.9,1.5,89,66,90,245.0,primary,yes,F
9169,fatema ahmed,18,MALE,Chittagong,7th,99.4,4.0,54,30,88,172.0,postgraduate,NO,P
3512,Riya Chowdhury,243,male,,10,77.0,-1.2,47,41,31,119.0,higher secondary,no,Fail
980,Ayesha Das,11,M,Chattogram,06,81.6,3.8,93,50,92,235.0,Illiterate,0,PASS
7560,Mim Das,14,O,barisal,Ten,82.2,3.4,70,82,89,259.0,Unknown,n/a,
1705,Kabir Islam,13,O,Barisal,9th,89.3,5.6,63,98,77,238.0,Unknown,Y,P
729,Imran Rahman,15,F,Sylhet,9,-38.5,4.1,49,68,33,150.0,Secondary,1,fail
8580,Riya Hossain,13,F,Mymensingh,Eight,77.1,2.9,76,-4,-41,31.0,N/A,n/a,Pass
2615,Ayesha Sarker,-4,female,Khulna,8,83.3,3.4,58,76,54,188.0,higher secondary,yes,
7923,Karim Islam,18,male,KHULNA ,Ten,81.4,2.6,37,84,81,202.0,postgraduate,0,PASS
3113,Jannat Khan,,Male,Dhaka ,8,83.6,2.1,44,50,30,124.0,Primary,no,
6580,Tanvir Islam,16,FEMALE,Rajshahi ,6,84.9,2.7,67,67,50,184.0,Unknown,Y,pass
6394,Jannat Das,16,M,sylhet,10th,95.4,2.0,94,282,31,407.0,Secondary,No,fail
8696,Anik Talukder,13,FEMALE,Rajshahi,9th,67.5,1.7,51,,50,101.0,PRIMARY,no,pass
2345,Rahim Khan,12,male,Mymensingh,10th,85.4,4.8,34,79,52,165.0,graduate,Y,Fail
6633,Arif Hossain,15,F,khulna,Ten,74.6,3.1,36,31,85,152.0,Graduate,1,Fail
8633,Zayed Akter,18,M,Barisal,9,83.1,2.4,45,38,97,180.0,unknown,No,Fail
5860,Riya Akter,16,O,DHAKA,9,78.2,2.1,59,55,32,146.0,postgraduate,1,FAIL
869,Mim Ahmed,18,Female,khulna,Seven,94.6,3.7,31,49,88,168.0,unknown,YES,pass
6924,Nadia Das,16,F,khulna,6th,82.4,5.6,54,46,48,,Post Graduate,yes,fail
6015,Tamim Chowdhury,12,,rangpur,10th,99.7,5.6,51,85,94,230.0,,No,P
9361,Momo Das,15,Female,rajshahi,Ten,89.7,28.9,45,84,59,188.0,PRIMARY,Y,F
4431,Imran Khan,18,Other,Mymensign,Ten,83.3,3.6,48,48,99,195.0,secondary,0,Pass
2191,Zayed Chowdhury,18,O,Barisal,6th,85.6,2.3,62,87,78,227.0,Illiterate,0,PASS
3613,Priya Khan,16,other,Chattogram,10th,76.4,1.2,83,65,44,192.0,secondary,no,F
1398,Hasan Sarker,12,Female,Barisal,9,192.6,3.8,87,39,44,170.0,PRIMARY,no,PASS
6,Rahim Ahmed,17,O,Barisal,Seven,208.3,4.4,82,31,89,202.0,GRADUATE,,
954,Kabir Akter,13,female,  Dhaka,10,85.4,0.4,69,97,75,241.0,Unknown,Y,fail
1200,Kabir Khan,12,Male,Dhaka,7,90.0,4.0,78,83,60,,PRIMARY,0,Pass
6583,Arif Das,13,Other,Khulna,6,87.9,1.4,72,49,64,185.0,Higher Secondary,n/a,Pass
4152,Rafi Das,16,Male,khulna,6,100.9,3.3,69,60,85,214.0,unknown,Yes,P
9342,Imran Sarker,17,Female,mymensingh,Ten,76.1,0.1,43,76,190,309.0,secondary,0,F
505,Sadia Das,18,,Mymensingh,Ten,97.2,4.2,98,42,87,227.0,Illiterate,yes,pass
792,Mim Ahmed,14,,Rajshahi ,7,98.4,4.8,38,55,33,126.0,Higher Secondary,yes,FAIL
8874,Mim Das,12,male,Rajshahi,10,86.7,3.5,69,92,80,241.0,secondary,YES,fail
5913,Hasan Das,18,female,Chattogram,7th,84.5,3.5,90,63,73,226.0,Unknown,NO,pass
5219,Ayesha Talukder,13,MALE,CHATTOGRAM,7,65.7,3.7,44,70,76,195.0,Illiterate,no,Fail
1516,Mitu Khan,16,O,Rajshahi,Eight,97.9,1.1,73,49,65,error,secondary,Y,pass
STU-07804,Mim Rahman,17,F,dhaka,Nine,86.1,-2.3,42,31,,73.0,Primary,0,Fail
86,Imran Rahman,12,FEMALE,mymensingh,06,77.4,1.7,70,93,56,error,Unknown,Y,fail
5420,Rafi Chowdhury,18,other,KHULNA ,8,82.9,4.0,97,57,87,241.0,primary,YES,
STU-02704,Priya Rahman,12,male,Barishal,Ten,84.8,1.4,51,35,,86.0,Graduate,NO,fail
4278,Sohan Chowdhury,12,FEMALE,Khulna,10th,80.0,3.3,42,83,32,157.0,Higher Secondary,YES,FAIL
1431,Sadia Talukder,11,FEMALE,KHULNA ,9,73.2,3.6,38,,45,83.0,primary,,F
4604,Bristi Sarker,14,M,Rajshahi ,9th,83.1,3.3,85,33,79,197.0,postgraduate,n/a,Fail
4412,Rakib Islam,13,FEMALE,Rajshahi,Ten,90.1,3.3,39,83,67,189.0,Primary,1,
7831,Arif Sarker,11,F,Rajshahi,7,84.5,5.4,72,39,78,189.0,Illiterate,n/a,FAIL
2220,Hasan Sarker,11,MALE,sylhet,6th,99.5,5.8,93,81,38,212.0,Primary,N,FAIL
7158,Imran Akter,16,male,Sylhet,10,80.1,2.6,66,44,59,169.0,postgraduate,No,FAIL
6378,Rakib Talukder,17,FEMALE,rajshahi,Nine,68.9,3.3,78,65,66,209.0,postgraduate,N,pass
7304,Rupa Sarker,15,Male,Mymensingh,Nine,N/A,3.8,54,76,36,166.0,N/A,Yes,fail
6707,Anik Ahmed,18,O,Sylhet,9,84.9,3.7,83,91,72,246.0,Primary,,Pass
8641,Riya Rahman,15,M,mymensingh,9,81.4,3.5,61,-48,30,,PRIMARY,1,pass
509,Nadia Rahman,11,,  Dhaka,Nine,91.5,0.7,81,54,50,185.0,postgraduate,No,P
3506,Rahim Ahmed,14,Male,Rajshahi ,9,77.8,2.2,42,89,,131.0,unknown,0,pass
6714,Sabbir Ahmed,11,MALE,sylhet,06,71.3,3.4,49,80,75,204.0,primary,,Pass
458,Mitu Akter,12,M,Mymensingh,Seven,80.9,2.1,42,62,53,157.0,GRADUATE,YES,pass
7640,Momo Akter,15,Female,SYLHET,8,73.4,2.8,44,88,95,227.0,Graduate,,
2701,Rahim Talukder,18,Female,Chattogram,Seven,98.9,4.1,56,57,38,151.0,Higher Secondary,No,Pass
2465,Zayed Khan,17,male,sylhet,06,78.3,2.9,74,51,39,164.0,unknown,1,Pass
9775,Momo Akter,13,female,khulna,Ten,80.9,3.8,78,83,91,252.0,secondary,yes,pass
1750,Imran Ahmed,14,Other,Ctg,Ten,80.4,3.3,36,83,37,156.0,graduate,No,FAIL
2637,Tamim Ahmed,14,Male,rangpur,7,84.2,4.3,78,,38,116.0,higher secondary,1,FAIL
5481,Anik Das,11,Male,KHULNA ,06,70.2,22.6,71,72,62,205.0,Illiterate,Y,P
6283,Jannat Talukder,14,M,rangpur,Nine,80.1,2.1,83,65,67,215.0,Primary,1,Pass
3523,Shila Sarker,18,Other,CHATTOGRAM,9th,89.6,4.6,66,35,80,181.0,primary,YES,pass
2382,Farhan Sarker,18,Male,DHAKA,7,85.5,2.8,83,74,78,235.0,Illiterate,Yes,PASS
8498,Rupa Talukder,11,,Rajshahi ,9th,70.1,1.7,92,93,55,240.0,Secondary,No,pass
7099,Tanvir Rahman,14,,Ctg,Nine,92.5,3.3,95,42,56,,Graduate,N,P
8333,Rahim Sarker,11,F,Chattogram,6,86.9,1.2,51,37,97,185.0,postgraduate,1,
6634,Nadia Sarker,11,O,rangpur,8,76.6,3.5,98,37,92,227.0,higher secondary,,Pass
139,Rupa Hossain,13,Other,dhaka,10,86.1,4.1,97,34,66,197.0,Unknown,NO,Pass
8848,Anik Ahmed,18,FEMALE,Sylhet,9,106.5,3.9,90,33,41,164.0,Illiterate,NO,
5952,Imran Khan,15,Other,Dhaka,Nine,82.3,2.0,80,45,61,186.0,PRIMARY,no,fail
6939,Mitu Rahman,17,Other,Mymensingh,6,70.9,4.8,79,49,91,219.0,postgraduate,Y,PASS
7520,Anik Talukder,18,other,Dhaka ,9,80.5,2.5,78,77,35,190.0,illiterate,no,
5419,Nadia Das,13,Male,Rangpur,8th,92.1,0.7,87,92,56,235.0,PRIMARY,0,pass
6755,Imran Talukder,,female,Mymensign,Six,79.3,2.5,38,39,95,172.0,PRIMARY,Yes,F
3231,Jannat Hossain,18,female,Rajshahi ,7th,82.4,2.2,38,75,67,180.0,PRIMARY,yes,fail
5670,Sabbir Ahmed,12,other,Khulna,8,88.9,,64,70,84,218.0,unknown,yes,Pass
5398,Arif Ahmed,17,MALE,rangpur,Seven,81.5,6.2,54,91,139,284.0,higher secondary,NO,P
684,Sohan Chowdhury,12,Other,Barisal,10th,82.0,1.2,54,87,70,211.0,Post Graduate,YES,F
957,Lima Sarker,13,other,sylhet,6th,96.4,6.7,86,69,74,229.0,unknown,yes,pass
9140,Kabir Islam,13,female,Khulna,Nine,80.2,5.0,68,35,50,153.0,,yes,F
5730,Rahim Talukder,14,other,rangpur,7th,92.8,2.4,37,60,35,132.0,Primary,YES,PASS
4595,Shila Sarker,18,M,barisal,6th,94.6,2.7,58,70,92,220.0,Illiterate,YES,P
690,Lima Akter,15,female,rangpur,8,89.3,3.7,65,37,98,200.0,PRIMARY,NO,Pass
370,Fatema Khan,13,Other,Sylhet,6th,88.4,2.6,234,89,73,396.0,Post Graduate,no,FAIL
6231,Ayesha Sarker,15,other,Rangpur,Eight,71.0,3.6,48,96,81,225.0,secondary,n/a,P
79,Hasan Chowdhury,13,FEMALE,Rangpur,8th,77.1,1.2,96,74,42,212.0,PRIMARY,NO,PASS
9015,Bristi Chowdhury,16,male,Chittagong,7th,70.2,2.7,58,92,44,194.0,Secondary,,fail
6030,Bristi Khan,14,F,KHULNA ,8,90.5,2.4,76,62,42,180.0,Primary,no,FAIL
7609,Kabir Hossain,17,,Chattogram,6th,76.4,4.4,90,98,85,273.0,Secondary,N,fail
2551,Mim Akter,17,FEMALE,Sylhet,Nine,95.1,7.6,50,90,58,198.0,higher secondary,YES,P
4615,Nusrat Akter,17,F,barisal,Nine,77.7,2.3,82,33,86,201.0,higher secondary,NO,P
7360,Shila Ahmed,17,male,chittagong,Nine,72.4,2.8,73,95,79,247.0,,1,Fail
9410,Sadia Ahmed,13,FEMALE,CHATTOGRAM,7th,79.1,1.5,33,53,48,134.0,,YES,pass
6061,Kabir Das,,other,Rangpur,6th,75.2,3.0,55,87,44,186.0,unknown,n/a,fail
9345,Ayesha Sarker,13,M,Barisal,10,92.9,2.8,55,68,,123.0,higher secondary,0,Pass
7638,Arif Akter,14,other,Chattogram,10th,83.4,4.0,56,43,95,194.0,postgraduate,0,PASS
1306,Nusrat Khan,18,Male,barisal,Eight,75.4,4.4,42,31,50,123.0,unknown,1,pass
3010,Imran Sarker,17,Other,khulna,8th,91.3,3.4,53,33,38,124.0,Unknown,YES,F
7653,Mim Ahmed,12,M,barisal,Nine,65.6,2.3,73,83,63,219.0,Graduate,0,FAIL
6199,Tanvir Talukder,17,O,Mymensign,10,76.1,3.7,45,81,70,196.0,Post Graduate,NO,F
8606,Karim Hossain,18,female,Mymensign,10th,81.5,5.1,34,,65,99.0,higher secondary,no,Pass
3083,Anik Chowdhury,13,Other,Barishal,Six,91.5,3.6,37,71,98,206.0,GRADUATE,no,P
5034,Ayesha Chowdhury,13,Other,rangpur,8,91.8,3.4,41,39,66,146.0,Illiterate,Y,FAIL
STU-02420,Nusrat Khan,13,O,Rajshahi,Seven,83.7,1.4,76,52,65,193.0,Secondary,Y,P
1342,Imran Islam,14,F,Mymensign,9th,73.2,3.4,73,85,80,238.0,secondary,N,fail
4398,Rupa Hossain,17,Male,SYLHET,9,98.2,3.8,94,80,89,263.0,,1,FAIL
4383,Priya Akter,fifteen,Male,khulna,Ten,78.7,,35,37,57,129.0,Secondary,Yes,pass
384,Arif Chowdhury,18,MALE,KHULNA ,8,88.7,5.8,69,59,38,166.0,Primary,NO,
7163,Imran Das,14,MALE,Barisal,6,88.6,-3.4,72,53,77,202.0,secondary,n/a,PASS
8315,Lima Islam,16,M,Barisal,06,100.9,4.6,86,85,99,270.0,,Y,Pass
4965,Tamim Talukder,17,O,Mymensingh,10,88.6,3.8,60,53,66,179.0,illiterate,N,F
7363,Shila Chowdhury,17,Other,Chattogram,Ten,85.1,3.5,38,99,75,212.0,graduate,1,F
3802,farhan sarker,15,Male,Dhaka,10th,85.5,0.6,80,84,,164.0,Illiterate,Yes,P
6526,Mitu Hossain,14,female,Rangpur,7,84.8,2.0,67,95,,162.0,N/A,YES,
6850,Mim Chowdhury,13,MALE,KHULNA ,8th,77.4,2.8,83,58,41,182.0,PRIMARY,Yes,Fail
2594,Jannat Khan,15,MALE,Barishal,Seven,76.7,3.1,54,74,48,176.0,,n/a,PASS
1577,Mim Sarker,14,other,Barishal,Ten,96.2,3.7,97,74,71,242.0,PRIMARY,1,Fail
8068,Nusrat Das,17,Other,rangpur,06,89.5,4.0,38,38,87,163.0,illiterate,1,PASS
5781,Zayed Akter,16,male,rangpur,06,73.0,5.5,41,77,62,,Higher Secondary,,F
7859,Nusrat Ahmed,13,FEMALE,Sylhet,6th,77.8,,77,90,64,231.0,Secondary,Y,Fail
6546,Sabbir Hossain,13,Female,Rajshahi,Ten,66.0,1.9,85,91,47,223.0,Graduate,0,PASS
8811,Riya Sarker,16,FEMALE,Ctg,Eight,75.2,6.0,75,67,30,172.0,illiterate,no,F
3930,Kabir Chowdhury,12,O,CHATTOGRAM,8th,94.8,4.2,-37,35,80,78.0,Illiterate,Yes,Fail
2781,Kabir Khan,fifteen,F,barisal,10,77.0,5.0,97,36,69,202.0,unknown,yes,
197,Ayesha Khan,12,M,rajshahi,6,90.5,3.1,77,57,98,232.0,higher secondary,Yes,
743,Hasan Hossain,12,M,rangpur,Seven,109.4,2.2,79,81,62,222.0,Higher Secondary,0,FAIL
8861,Rupa Hossain,15,Female,DHAKA,Seven,100.5,3.5,46,54,79,179.0,Higher Secondary,NO,PASS
7594 ,Rupa Ahmed,18,FEMALE,Mymensign,Six,101.5,3.0,39,46,34,119.0,primary,NO,P
5260,Rahim Khan,16,,Chittagong,Seven,90.4,2.2,72,61,78,211.0,N/A,yes,PASS
5403,Jannat Akter,15,,rajshahi,6,76.1,2.3,93,79,81,253.0,Illiterate,n/a,pass
956,Tamim Sarker,14,Other,KHULNA ,10,87.2,2.7,51,84,96,231.0,PRIMARY,YES,Fail
7824,Bristi Rahman,13,female,Barishal,Ten,84.4,1.7,34,49,34,117.0,primary,0,FAIL
3455,Priya Khan,11,Other,sylhet,10,107.9,6.3,32,54,44,130.0,secondary,Y,PASS
6854 ,Bristi Sarker,15,other,Rangpur,Eight,100.1,5.7,81,97,55,233.0,unknown,n/a,PASS
7454,Momo Ahmed,11,FEMALE,,10th,87.6,-0.1,91,30,45,,PRIMARY,No,Fail
STU-06502,Bristi Khan,14,,Dhaka ,10th,75.8,4.3,72,57,93,222.0,Unknown,YES,pass
5888,Nusrat Rahman,17,,Mymensingh,Eight,75.2,1.6,50,,78,128.0,graduate,NO,FAIL
8404,Mitu Khan,11,FEMALE,Barishal,8,111.0,8.1,66,60,33,159.0,Higher Secondary,No,fail
6135,Rafi Das,12,Female,sylhet,10,89.2,2.5,37,77,,114.0,GRADUATE,No,fail
5688,Sadia Das,11,,Barishal,Six,80.1,2.5,-7,47,99,139.0,illiterate,Y,FAIL
7309,Rakib Sarker,16,FEMALE,mymensingh,6th,89.6,2.7,99,57,65,221.0,Primary,Yes,Fail
8340,Rakib Ahmed,14,male,chittagong,06,86.8,2.9,63,91,89,243.0,,1,F
1068 ,Arif Sarker,13,F,Khulna,6,90.9,3.9,48,41,44,133.0,primary,n/a,
6998,Tamim Das,13,,rangpur,8th,106.9,-3.3,79,50,42,171.0,,1,F
9013,Sohan Das,11,Male,chittagong,8th,88.0,6.0,49,76,98,223.0,secondary,yes,Fail
1679,Anik Talukder,14,Female,Sylhet,9,82.8,5.3,79,34,98,211.0,Unknown,NO,P
5154,Imran Ahmed,11,male,DHAKA,10,86.1,1.8,47,89,46,182.0,GRADUATE,yes,F
2630,Lima Das,13,male,CHATTOGRAM,10,99.5,0.9,85,58,82,225.0,primary,no,F
761,Rupa Hossain,13,O,DHAKA,Eight,76.4,4.2,64,35,41,140.0,Unknown,YES,FAIL
979,Kabir Akter,12,Other,Rangpur,9,95.0,3.8,87,91,,178.0,,,
6151,Sadia Das,15,,Dhaka,10,64.6,3.1,93,71,82,246.0,,NO,PASS
3114,Kabir Khan,15,Other,Mymensingh,Ten,,3.7,68,66,,134.0,Secondary,no,pass
5413,Sohan Akter,16,O,Mymensingh,Ten,85.1,4.5,80,54,82,216.0,Illiterate,Y,P
5085,Arif Ahmed,11,female,Barisal,Eight,89.5,2.0,49,86,78,213.0,postgraduate,,F
3053,Lima Das,15,female,sylhet,8th,105.3,2.0,70,96,42,208.0,higher secondary,,Pass
1796,Karim Khan,17,Other,rajshahi,8,86.9,4.6,94,-24,65,135.0,unknown,No,Pass
8499,Mim Das,11,Other,KHULNA ,Six,95.1,5.4,95,61,45,201.0,graduate,Yes,fail
STU-05662,Rafi Akter,13,female,Mymensingh,06,103.0,1.0,47,66,36,149.0,postgraduate,Yes,P
5222,Sabbir Rahman,16,O,rajshahi,8th,100.0,2.6,53,35,69,157.0,Secondary,NO,PASS
4502,Mim Sarker,18,MALE,rangpur,8th,100.5,4.5,228,85,49,362.0,,,Fail
5872,Farhan Islam,17,male,Chattogram,6,70.2,2.9,79,62,46,187.0,Post Graduate,N,
1083,Karim Hossain,12,M,sylhet,7th,88.3,4.0,33,34,78,145.0,postgraduate,Y,pass
6354,Fatema Islam,11,F,Chattogram,06,75.3,3.2,52,39,99,190.0,Higher Secondary,yes,Fail
9111,Lima Rahman,15,MALE,Khulna,6,97.4,1.8,84,75,91,250.0,Post Graduate,Yes,P
4957,Arif Khan,17,O,Ctg,9,87.1,2.9,37,80,48,165.0,Post Graduate,No,Pass
7810,Nusrat Hossain,11,O,sylhet,6,85.9,3.7,54,43,82,179.0,primary,,Fail
3713,Karim Hossain,18,male,KHULNA ,10,78.5,3.9,32,66,70,,Graduate,Y,
484,Ayesha Khan,17,other,rajshahi,Eight,85.5,3.5,40,47,48,135.0,Secondary,Y,Pass
4079,Momo Akter,15,,Mymensign,7,70.2,1.5,92,55,72,211.0,PRIMARY,,Fail
5073,Anik Ahmed,18,MALE,Sylhet,7,80.8,,82,69,45,196.0,Higher Secondary,Y,pass
372,Tanvir Khan,14,Male,mymensingh,10th,79.3,2.4,70,80,76,226.0,Post Graduate,N,P
5779,Lima Hossain,11,F,Rajshahi,9th,72.6,3.1,52,76,65,,GRADUATE,Yes,P
6034,Anik Hossain,18,Other,Khulna,Ten,71.7,1.6,35,78,74,187.0,higher secondary,0,Fail
7102,Kabir Islam,18,other,Sylhet,06,-49.0,3.0,67,72,33,172.0,Unknown,1,F
4202,Zayed Talukder,16,female,Rangpur,Seven,94.3,-1.1,43,,64,110.0,higher secondary,Y,
3734,Farhan Hossain,11,Male,Sylhet,6,79.6,0.7,49,67,-2,114.0,higher secondary,Yes,pass
9008,Mitu Khan,15,O,Rangpur,10,68.9,4.0,87,69,38,194.0,graduate,NO,P
5363,Karim Das,11,MALE,Barishal,8,79.0,5.0,,55,67,122.0,graduate,N,FAIL
9537,Ayesha Ahmed,15,,Sylhet,Seven,92.7,4.1,62,86,41,205.0,N/A,no,P
4876,Tamim Talukder,11,Male,Mymensign,Ten,81.5,5.0,55,33,30,118.0,higher secondary,yes,
2100,Mim Chowdhury,14,F,Rangpur,06,87.2,3.5,,36,59,95.0,Graduate,1,
1077,Rakib Ahmed,14,FEMALE,Mymensingh,9th,80.5,2.3,31,44,absent,75.0,illiterate,Yes,fail
2256,Ayesha Islam,17,M,barisal,Ten,102.6,3.8,52,50,93,195.0,Unknown,NO,Pass
4854,Sohan Hossain,17,Other,barisal,10th,52.0,4.7,82,51,97,230.0,PRIMARY,0,FAIL
7523,Rakib Ahmed,14,F,SYLHET,9,90.2,3.6,157,99,52,308.0,Secondary,N,Fail
9213,Tamim Ahmed,11,Male,Rajshahi ,7,55.1,3.8,59,63,62,184.0,Illiterate,Y,P
2784,Rafi Akter,12,Female,CHATTOGRAM,9th,87.7,3.2,42,92,95,229.0,higher secondary,0,FAIL
8287,Rupa Chowdhury,17,Other,khulna,Ten,104.1,3.4,38,95,31,164.0,unknown,1,Pass
STU-08014,Kabir Rahman,17,FEMALE,Chittagong,9th,78.3,3.8,34,60,38,132.0,Unknown,YES,Fail
526,Tamim Ahmed,,Other,rangpur,8,84.7,2.6,46,95,35,176.0,graduate,0,fail
1938,Rafi Sarker,17,male,mymensingh,7,75.2,3.2,56,74,64,194.0,postgraduate,n/a,fail
1955,Riya Das,16,O,rangpur,9,82.7,5.5,,95,31,126.0,N/A,N,Pass
2084,Sohan Das,13,Female,Barisal,Six,81.3,4.0,50,91,48,189.0,N/A,Y,
7013,Sabbir Talukder,12,,rajshahi,7,72.5,0.7,32,62,190,284.0,unknown,NO,Fail
1991,Rupa Akter,13,Male,Mymensign,Six,67.4,4.0,64,57,87,208.0,Primary,No,P
4276,Hasan Khan,12,O,Barishal,8,86.5,2.1,73,52,54,179.0,,No,fail
2279,Anik Chowdhury,fifteen,Male,Khulna,Nine,74.5,,58,67,34,159.0,Secondary,No,pass
4911,Rakib Talukder,18,M,mymensingh,10,84.8,3.1,49,71,36,156.0,Primary,YES,PASS
STU-05145,Imran Khan,17,female,Barisal,6th,53.6,3.8,78,61,79,218.0,Unknown,yes,P
20,Mitu Hossain,16,Female,SYLHET,9th,98.7,3.3,91,30,56,177.0,GRADUATE,no,
468,Mitu Chowdhury,11,Other,Rangpur,9,76.4,4.8,41,83,53,177.0,Illiterate,Yes,fail
3746,Mim Talukder,14,Male,Sylhet,9th,77.6,1.2,46,absent,64,110.0,N/A,Yes,P
1719,Nadia Chowdhury,11,Male,SYLHET,Six,89.8,0.8,78,56,35,169.0,graduate,No,FAIL
1037,Sadia Khan,16,MALE,,Ten,82.3,4.6,58,96,54,208.0,postgraduate,1,Fail
2379,Ayesha Ahmed,18,M,barisal,Ten,87.6,,32,40,87,159.0,PRIMARY,N,PASS
1235,Ayesha Das,13,FEMALE,Mymensign,06,77.5,3.6,73,39,92,204.0,Illiterate,NO,
4461,Tanvir Akter,17,O,dhaka,Ten,100.5,4.2,absent,98,77,175.0,Illiterate,N,Pass
9071,Ayesha Sarker,13,Female,sylhet,7th,71.2,1.6,54,-6,93,141.0,illiterate,N,PASS
9638,Hasan Sarker,14,Female,rangpur,10,83.4,2.7,34,-38,77,,secondary,n/a,pass
4561,Farhan Khan,17,O,CHATTOGRAM,9th,78.0,,56,97,52,205.0,primary,n/a,PASS
9596,Tanvir Hossain,11,Female,rajshahi,9th,90.3,1.9,93,77,67,237.0,Higher Secondary,0,pass
2148,Hasan Khan,12,Other,Chattogram,Seven,100.6,3.4,72,91,98,261.0,graduate,yes,pass
9316,,16,MALE,Rajshahi,6,91.8,2.7,58,65,77,200.0,unknown,NO,F
4380,Priya Rahman,16,Female,KHULNA ,7,86.7,-0.2,34,90,89,213.0,unknown,0,pass
2853,Ayesha Khan,18,Other,rajshahi,10th,70.7,5.4,39,52,44,135.0,Unknown,,pass
948,Fatema Sarker,17,FEMALE,Mymensingh,8th,81.5,4.6,63,99,74,236.0,Post Graduate,YES,PASS
6249,Imran Ahmed,12,Female,rajshahi,10th,88.6,4.0,75,66,47,188.0,Higher Secondary,NO,Fail
3448,Karim Akter,13,MALE,Mymensingh,Nine,84.6,3.2,,77,92,169.0,PRIMARY,n/a,Fail
STU-09233,Rakib Sarker,15,,rangpur,8,81.3,1.7,55,59,67,181.0,graduate,no,F
8557,Sabbir Chowdhury,16,female,Mymensign,9,89.4,5.1,63,79,61,203.0,secondary,0,P
5777,Rafi Hossain,11,Female,SYLHET,Nine,77.1,3.7,62,51,80,193.0,N/A,No,fail
1493,Farhan Rahman,12,MALE,Mymensign,8th,114.6,,96,36,84,216.0,primary,Yes,
2586,Farhan Das,fifteen,M,chittagong,10th,84.1,,,50,43,93.0,PRIMARY,NO,P
9749,Nusrat Sarker,17,Male,Mymensingh,8th,89.0,3.4,71,98,62,231.0,Unknown,Y,P
9055,Rakib Khan,13,FEMALE,rangpur,Ten,85.3,3.1,46,83,36,165.0,secondary,NO,P
4379,Sohan Talukder,13,other,chittagong,7,76.6,2.7,60,69,,115.0,primary,yes,Fail
5452,Anik Talukder,11,male,rangpur,Nine,88.2,3.9,90,81,37,208.0,Graduate,NO,fail
1524 ,Sabbir Talukder,11,male,Mymensingh,6th,69.3,23.6,55,75,75,205.0,Secondary,N,Fail
1626,Kabir Hossain,17,MALE,Dacca,6th,98.5,1.2,83,74,66,223.0,Secondary,Yes,FAIL
9273,Farhan Islam,16,O,mymensingh,7,80.1,1.2,30,54,93,177.0,N/A,n/a,
3195,Tanvir Khan,16,Male,rangpur,Seven,78.1,3.7,94,52,80,226.0,,,
3533,Sohan Hossain,18,,Chattogram,Seven,86.2,1.0,52,94,51,,Illiterate,no,Pass
8614,Karim Akter,16,,khulna,9th,100.8,3.1,50,45,36,131.0,higher secondary,no,P
778,Shila Das,,O,chittagong,10,98.7,1.2,72,52,59,183.0,Illiterate,Y,PASS
1669,Anik Rahman,14,FEMALE,barisal,Seven,92.1,1.5,99,55,50,204.0,Graduate,,PASS
5538,Nadia Khan,,O,rangpur,8th,96.4,4.7,74,54,56,184.0,secondary,0,fail
8145,Shila Islam,14,O,sylhet,8th,87.0,4.0,30,70,88,188.0,PRIMARY,YES,pass
7925,Imran Akter,16,Other,Ctg,9,81.4,2.5,59,43,52,154.0,Unknown,0,pass
2426,Tamim Hossain,11,other,Rangpur,Seven,87.6,4.4,92,48,92,232.0,illiterate,n/a,fail
4310,Karim Khan,16,Female,KHULNA ,06,83.6,3.5,49,91,45,185.0,primary,1,Fail
4464,Ayesha Das,16,FEMALE,barisal,10,73.1,2.5,84,81,66,231.0,unknown,NO,P
8567,Tamim Khan,18,other,Sylhet,Six,116.1,1.8,57,74,53,184.0,Graduate,YES,fail
6441,Sohan Chowdhury,17,male,Chittagong,7,88.9,3.4,85,85,46,216.0,primary,Y,F
8314,Tanvir Rahman,12,O,KHULNA ,10,75.9,2.9,46,53,31,130.0,,no,Pass
4582,Nusrat Khan,14,O,Mymensign,Six,99.4,3.8,93,95,33,221.0,higher secondary,NO,Fail
1725,Arif Khan,16,,Barisal,9,84.8,4.0,99,46,43,188.0,,Yes,Fail
636,Momo Chowdhury,16,O,mymensingh,Ten,96.7,2.5,42,72,50,164.0,Higher Secondary,NO,Pass
2985,Karim Akter,fifteen,O,Dacca,Eight,88.8,21.3,71,46,92,error,unknown,N,Pass
8652,Priya Khan,17,Other,Sylhet,6,78.3,3.9,71,49,72,192.0,primary,N,pass
513,Arif Das,14,Female,,Nine,77.9,5.8,93,94,96,283.0,primary,N,fail
9002,Rahim Sarker,13,Female,khulna,9,82.6,3.6,68,97,75,240.0,Graduate,N,P
2687,Lima Akter,12,other,Sylhet,9th,93.7,5.2,50,88,63,201.0,primary,yes,Pass
5203,Rupa Sarker,12,MALE,KHULNA ,Ten,92.1,3.4,66,69,35,170.0,Higher Secondary,yes,pass
7826,Rahim Akter,12,Male,CHATTOGRAM,8th,90.9,5.7,75,97,86,258.0,Illiterate,NO,Fail
7230,Jannat Talukder,,,Rajshahi ,9th,77.0,0.9,60,36,41,137.0,N/A,no,pass
2437,Mitu Akter,15,F,mymensingh,9th,75.6,4.0,95,83,38,216.0,PRIMARY,0,Pass
9179,Sohan Das,16,,SYLHET,Nine,94.7,1.5,49,76,77,202.0,GRADUATE,yes,pass
STU-09324,Farhan Sarker,15,M,Sylhet,Nine,73.2,6.0,94,78,78,250.0,graduate,YES,pass
961,Ayesha Talukder,17,M,Sylhet,Seven,79.0,3.5,99,67,31,197.0,Illiterate,YES,F
7895,Imran Chowdhury,17,MALE,Mymensingh,Eight,94.1,5.0,89,34,77,200.0,Graduate,No,FAIL
608,Hasan Sarker,14,FEMALE,Sylhet,6th,84.3,2.3,59,84,45,error,Secondary,1,Fail
8055,Sabbir Hossain,11,male,KHULNA ,6,112.1,2.5,58,60,97,215.0,illiterate,1,P
6711,Hasan Khan,14,other,Rangpur,9th,81.7,0.7,69,59,63,,Graduate,YES,F
6613,Priya Islam,13,MALE,Barishal,Nine,100.0,5.9,60,66,56,185.0,illiterate,n/a,P
2427,Mim Sarker,14,F,Barishal,9th,87.7,2.2,46,47,95,188.0,,NO,pass
8203,Shila Talukder,18,Other,Khulna,9,83.4,4.6,89,44,53,186.0,Post Graduate,Yes,fail
4220,Zayed Rahman,18,MALE,SYLHET,Nine,76.3,2.7,95,59,158,error,N/A,1,P
4750,Kabir Chowdhury,13,Other,Dhaka ,06,100.2,4.0,159,47,95,301.0,Unknown,1,P
4195,jannat rahman,11,M,Barishal,7th,88.1,4.1,40,55,42,137.0,higher secondary,1,pass
5622,Riya Islam,14,F,Rajshahi ,7th,106.5,2.2,74,69,52,195.0,graduate,NO,PASS
5826,Momo Khan,18,Other,rajshahi,9,127.9,2.5,49,90,35,174.0,Post Graduate,0,Pass
9657,Fatema Rahman,17,Female,Rajshahi,7,66.8,5.2,73,88,47,208.0,N/A,no,
5881,Hasan Hossain,13,Female,sylhet,7th,84.4,6.3,227,65,53,345.0,secondary,YES,fail
4483,Anik Das,13,Other,Rajshahi ,8,80.4,4.1,96,,37,133.0,Post Graduate,No,FAIL
3902,Nusrat Rahman,13,Other,Rangpur,Eight,91.3,3.3,90,96,44,230.0,illiterate,NO,FAIL
2127,Tamim Akter,16,O,Chattogram,8,94.3,3.1,68,63,44,175.0,N/A,yes,Pass
194 ,Bristi Talukder,15,F,CHATTOGRAM,8,78.9,2.4,38,96,54,188.0,higher secondary,yes,PASS
1605,Sohan Khan,14,Other,rangpur,Six,82.5,4.4,97,66,67,230.0,primary,No,fail
2235,Tanvir Sarker,18,F,Chattogram,9,76.5,4.1,96,33,59,188.0,GRADUATE,Yes,P
116,Rahim Akter,16,female,mymensingh,10,85.5,1.8,69,65,53,187.0,Post Graduate,1,F
5905,Mim Islam,13,FEMALE,dhaka,Ten,86.6,1.8,97,31,49,177.0,illiterate,no,
5307,Kabir Das,17,Male,Rangpur,Nine,99.0,1.0,99,41,74,214.0,PRIMARY,No,fail
5424,Rahim Islam,229,FEMALE,barisal,Seven,85.2,3.9,35,53,82,170.0,Higher Secondary,YES,Pass
6833,Sadia Talukder,15,other,Chittagong,9,85.6,3.2,48,95,74,217.0,postgraduate,yes,
335,Riya Chowdhury,14,female,Rangpur,9,84.9,5.0,51,53,59,error,Higher Secondary,Yes,F
652,Farhan Sarker,-3,Female,khulna,Ten,75.5,5.6,63,79,41,183.0,secondary,No,F
2389,Imran Akter,14,MALE,Mymensign,Eight,88.5,2.1,62,70,48,180.0,primary,,
2124 ,Bristi Ahmed,13,O,sylhet,06,99.7,2.9,37,49,49,135.0,,Yes,P
6693,Shila Das,13,F,rajshahi,9,78.3,2.3,48,,71,119.0,Higher Secondary,n/a,
7785,Fatema Sarker,17,FEMALE,Khulna,Eight,84.4,1.5,61,97,32,190.0,higher secondary,NO,Fail
5989,Jannat Das,14,other,barisal,Ten,,4.4,53,74,-27,100.0,Primary,yes,P
7343,Shila Khan,13,other,KHULNA ,6th,66.5,2.4,67,88,64,219.0,primary,Y,P
6082,Nusrat Islam,12,,  Dhaka,7,77.1,3.5,37,absent,97,134.0,graduate,n/a,
3229,Karim Talukder,13,male,Dhaka ,10th,79.3,4.1,68,94,51,213.0,Post Graduate,,F
7331,Nadia Talukder,11,female,rangpur,6,76.0,6.0,40,30,47,117.0,N/A,NO,Pass
9621,Sadia Khan,11,Male,Ctg,7,79.1,-0.5,77,62,86,225.0,N/A,NO,pass
4340,Kabir Hossain,12,Male,Dacca,Ten,90.8,2.8,39,35,35,109.0,Post Graduate,1,pass
8952,Fatema Islam,11,male,SYLHET,9th,94.1,2.3,96,71,81,248.0,Unknown,n/a,
2845,Lima Ahmed,16,other,Mymensingh,Ten,88.9,1.6,67,65,73,205.0,N/A,yes,
3492,Arif Das,14,other,Rajshahi,Ten,92.8,3.1,35,218,79,,,no,Fail
6334,Lima Chowdhury,15,male,barisal,9,89.0,3.4,81,39,72,192.0,illiterate,yes,pass
4962,Lima Khan,14,F,Sylhet,9,73.1,4.2,98,32,36,166.0,unknown,n/a,P
801,Sabbir Rahman,14,O,SYLHET,8,76.7,2.0,45,97,44,186.0,Post Graduate,Yes,fail
2002,Arif Ahmed,18,MALE,Rangpur,10,85.2,5.0,92,65,86,243.0,graduate,no,
7706,Anik Hossain,11,,CHATTOGRAM,8,,3.4,70,34,89,193.0,Unknown,No,FAIL
9744,Anik Akter,18,M,Rangpur,Seven,98.1,3.1,74,45,46,165.0,illiterate,0,Fail
7028,Bristi Sarker,12,Male,rangpur,7,81.6,5.2,70,31,59,160.0,N/A,No,
3636,Momo Akter,12,Other,rajshahi,6,99.5,5.0,86,40,41,167.0,Graduate,no,Fail
4353,Jannat Ahmed,15,Female,KHULNA ,10th,71.6,3.5,42,44,49,135.0,Secondary,Y,
928,Riya Chowdhury,13,Male,Rangpur,Ten,91.8,3.3,85,49,83,217.0,Illiterate,,FAIL
1310,Anik Rahman,16,F,mymensingh,8,76.3,3.3,55,85,93,233.0,illiterate,Yes,F
1352,Rupa Chowdhury,11,FEMALE,KHULNA ,06,70.3,2.0,62,33,32,127.0,Graduate,,FAIL
1346,Bristi Akter,12,,Sylhet,Six,89.6,1.2,42,72,89,203.0,GRADUATE,YES,Fail
7682,Imran Khan,16,F,Sylhet,8th,74.3,5.5,94,49,35,178.0,Secondary,YES,fail
8155,Karim Islam,13,male,,10th,78.1,3.7,,80,65,145.0,Post Graduate,No,pass
2502,Rafi Khan,17,M,KHULNA ,8th,80.9,4.2,43,-24,87,106.0,postgraduate,0,PASS
8478,Bristi Sarker,14,female,rajshahi,Eight,N/A,3.6,35,37,50,122.0,Illiterate,Yes,fail
9409,Rupa Sarker,15,other,  Dhaka,8,82.6,1.0,36,85,75,199.0,primary,NO,FAIL
4120,Rupa Sarker,18,M,sylhet,8,93.8,4.3,36,68,49,153.0,GRADUATE,N,P
2575 ,Nadia Islam,11,MALE,Rajshahi,7th,75.0,3.5,97,57,144,298.0,Graduate,,PASS
5597,Rupa Khan,12,Other,dhaka,9,91.6,7.0,50,85,55,190.0,Illiterate,No,Fail
8951,Riya Chowdhury,18,Male,Rajshahi,8th,76.6,2.0,51,52,,103.0,unknown,,fail
4034,Kabir Ahmed,18,,Ctg,9,88.5,3.1,64,96,67,227.0,GRADUATE,no,P
6379,Farhan Hossain,14,F,Rajshahi,10,78.0,2.6,35,37,98,170.0,higher secondary,NO,Pass
8550,Bristi Sarker,16,,,Nine,74.5,1.8,57,30,51,138.0,secondary,Yes,FAIL
6387,Jannat Chowdhury,17,F,Barisal,10,80.7,4.5,30,99,59,188.0,,Y,FAIL
2890,Rahim Talukder,17,male,barisal,Ten,90.9,4.1,78,32,98,189.0,,Y,fail
1228,Nusrat Akter,17,MALE,mymensingh,6,82.2,0.4,45,62,31,138.0,PRIMARY,No,P
6517,Anik Hossain,12,Female,DHAKA,10th,94.8,3.7,48,97,33,178.0,illiterate,1,
4055,Jannat Chowdhury,12,other,khulna,Eight,181.2,3.5,83,49,87,219.0,illiterate,yes,P
5431,Rakib Talukder,18,M,Chittagong,9th,69.4,1.8,31,57,40,128.0,higher secondary,,Fail
4067,Mim Talukder,16,MALE,Khulna,06,79.4,2.6,61,91,59,211.0,Unknown,Yes,Fail
9799,Sadia Khan,15,other,Ctg,10th,88.3,1.4,76,42,40,158.0,primary,no,FAIL
2453,Rafi Das,16,Male,Chittagong,Nine,87.2,3.1,37,49,84,170.0,Higher Secondary,yes,pass
7373,Rafi Chowdhury,-1,,Barishal,8,96.7,1.9,86,64,57,207.0,Primary,Yes,Pass
7983,Nusrat Khan,12,O,,9th,90.2,1.4,95,96,62,,Higher Secondary,1,F
2698,Momo Khan,13,Male,barisal,06,97.4,4.2,49,83,,132.0,Illiterate,,Fail
9768,Mim Das,11,male,rangpur,6,64.5,2.3,56,82,71,209.0,primary,n/a,Fail
4593,Bristi Chowdhury,15,FEMALE,Mymensign,Seven,76.4,2.2,74,33,45,152.0,GRADUATE,Yes,pass
1423,Tanvir Rahman,12,O,Ctg,9th,80.0,2.0,44,94,54,192.0,illiterate,Yes,Pass
49,Fatema Khan,18,O,rangpur,9,85.2,4.3,86,65,74,225.0,postgraduate,yes,P
7965,Kabir Rahman,16,other,KHULNA ,7th,76.3,3.9,31,83,37,151.0,Illiterate,yes,pass
5944,Fatema Rahman,18,F,mymensingh,7th,77.6,5.8,52,44,41,137.0,Graduate,No,FAIL
5748,Bristi Khan,11,female,mymensingh,10th,88.2,2.7,70,63,41,174.0,,No,PASS
7482 ,Sadia Akter,16,other,CHATTOGRAM,10th,84.3,7.0,64,67,,131.0,postgraduate,N,F
4206,Rahim Das,16,female,khulna,8,85.5,1.9,48,81,47,176.0,primary,YES,F
5319,Mim Hossain,15,other,Dacca,Nine,110.9,5.0,52,98,38,188.0,GRADUATE,no,PASS
6191,Zayed Talukder,13,Male,Mymensingh,Nine,93.8,5.9,91,82,47,220.0,,Y,pass
9488,Rafi Rahman,11,MALE,rangpur,Eight,96.5,4.9,95,51,63,209.0,PRIMARY,yes,F
417,Jannat Chowdhury,14,MALE,DHAKA,10,89.4,5.0,67,93,98,258.0,primary,yes,fail
4821,Karim Akter,18,F,mymensingh,7th,84.7,2.8,44,96,47,187.0,unknown,,P
694,Momo Khan,18,Male,Barisal,10,90.3,2.6,58,49,54,161.0,Graduate,0,fail
2459,Sadia Hossain,13,Male,KHULNA ,8,86.3,4.0,36,34,71,141.0,graduate,N,Fail
STU-01426,Anik Akter,12,Female,Mymensingh,Eight,67.6,1.6,98,32,66,196.0,Unknown,1,Pass
STU-09237,Tamim Ahmed,13,Male,Rajshahi,10th,77.7,5.2,88,90,51,229.0,Illiterate,Y,
8087,Mitu Sarker,17,female,Chittagong,06,90.9,2.6,47,49,36,132.0,N/A,Yes,PASS
5988,Riya Talukder,17,male,rangpur,Six,99.6,4.7,53,47,44,144.0,Illiterate,yes,pass
7227,Rahim Rahman,16,O,KHULNA ,7th,97.6,3.9,96,41,49,186.0,primary,1,FAIL
8852,Fatema Talukder,13,O,khulna,10th,94.9,2.7,98,60,72,230.0,PRIMARY,Y,Fail
7979,Jannat Islam,11,Female,barisal,7th,93.2,3.8,52,66,57,175.0,higher secondary,no,Pass
5603,Karim Das,17,male,SYLHET,Seven,77.2,0.8,77,85,99,261.0,Post Graduate,n/a,P
3009,Priya Chowdhury,13,Female,Khulna,6,91.7,5.3,76,89,32,197.0,primary,yes,
3293,Rakib Talukder,18,MALE,Barishal,9th,74.4,-0.3,60,82,63,205.0,,,
8294,Kabir Das,18,O,rangpur,9th,86.4,3.7,50,89,63,202.0,PRIMARY,no,Fail
4829,Nadia Ahmed,17,Female,DHAKA,10,73.5,3.1,33,87,99,219.0,GRADUATE,No,P
2764,Rupa Chowdhury,18,MALE,  Dhaka,10th,82.3,3.0,67,55,93,215.0,graduate,1,pass
604,Shila Hossain,16,Other,  Dhaka,7th,86.7,2.4,62,88,72,222.0,Graduate,n/a,PASS
6051,Tanvir Akter,17,F,Rajshahi ,Nine,85.2,5.3,98,81,87,266.0,Post Graduate,1,F
1460,Tanvir Akter,13,Male,Sylhet,6,94.1,0.7,35,84,73,192.0,Primary,1,F
3857,Rupa Khan,11,male,Rajshahi,10,90.1,4.6,57,93,48,198.0,Higher Secondary,NO,Fail
5669,Shila Talukder,17,Female,KHULNA ,6th,-14.5,1.2,52,31,58,141.0,Secondary,no,P
6142,Lima Islam,16,Female,Chittagong,Six,82.9,3.8,32,47,72,151.0,graduate,Y,
1472,Sohan Islam,16,M,mymensingh,6th,90.7,4.6,36,65,67,168.0,PRIMARY,No,F
8747,Jannat Ahmed,17,O,SYLHET,9th,68.4,2.9,75,46,96,217.0,Post Graduate,No,F
8867,Rakib Rahman,12,FEMALE,dhaka,8,74.0,4.9,70,,-38,32.0,,No,Fail
4818,Rafi Islam,14,other,rangpur,Eight,88.4,1.4,74,90,56,220.0,PRIMARY,no,
8865,Rahim Sarker,15,,Mymensingh,7,90.5,2.8,39,55,79,173.0,unknown,n/a,P
3136,Fatema Talukder,15,Male,Dhaka ,Seven,77.1,1.7,88,44,99,231.0,Illiterate,Yes,P
2554,Rafi Khan,13,female,SYLHET,Nine,108.1,3.3,68,65,97,230.0,illiterate,N,F
1578,Nadia Das,17,female,barisal,7,101.4,-1.6,66,63,99,228.0,Illiterate,1,FAIL
9267,Mitu Ahmed,18,F,rangpur,8,93.9,1.8,87,56,78,221.0,secondary,Y,FAIL
8033,Rakib Islam,18,O,khulna,7th,81.3,2.5,50,83,72,205.0,Secondary,1,PASS
5441,Sohan Islam,11,F,Sylhet,Nine,88.0,2.6,78,59,64,201.0,primary,No,P
STU-03973,Anik Akter,14,other,,6,76.1,3.8,47,47,67,161.0,Higher Secondary,n/a,fail
4775,Karim Rahman,18,FEMALE,KHULNA ,Six,93.4,3.7,87,68,56,211.0,GRADUATE,,PASS
8792,Lima Akter,17,other,rajshahi,7th,79.1,2.2,95,31,51,177.0,Secondary,Yes,Fail
105,Tamim Das,16,female,Sylhet,7th,72.8,1.3,55,76,85,216.0,Graduate,N,fail
STU-04896,Momo Ahmed,12,female,rajshahi,9th,78.7,3.9,63,96,35,194.0,Post Graduate,No,Fail
183,Anik Sarker,14,,KHULNA ,06,85.8,4.6,61,68,75,204.0,Graduate,1,FAIL
9331,Nadia Sarker,16,male,Khulna,8,101.5,1.2,57,87,90,234.0,primary,n/a,PASS
1691,Zayed Khan,15,male,rajshahi,7th,85.1,0.8,46,38,74,158.0,Post Graduate,N,PASS
1329,Karim Sarker,18,FEMALE,barisal,Eight,93.2,4.2,33,70,36,139.0,higher secondary,1,
881,Mitu Das,13,O,Rajshahi ,06,98.6,5.5,31,37,40,108.0,GRADUATE,NO,PASS
8325,Rafi Talukder,13,MALE,DHAKA,Six,109.9,1.4,,53,33,86.0,Secondary,no,PASS
6494,Ayesha Khan,15,,Dacca,8,84.6,1.2,57,96,32,185.0,Primary,0,FAIL
3033,Mitu Ahmed,18,F,CHATTOGRAM,Seven,88.0,3.6,65,39,35,139.0,secondary,no,F
3052,Rahim Talukder,12,FEMALE,SYLHET,Nine,90.8,2.5,78,34,80,192.0,Graduate,N,F
8296,Lima Rahman,17,Female,Barisal,9,94.3,1.8,46,71,41,158.0,Primary,N,
9056,Imran Sarker,16,other,Barishal,8th,78.0,2.2,86,62,55,203.0,graduate,Yes,PASS
6509,Sohan Talukder,11,O,rangpur,7th,220.1,5.1,31,98,247,376.0,Post Graduate,YES,pass
732,Nusrat Hossain,17,MALE,barisal,10,96.2,6.5,49,85,68,202.0,illiterate,N,pass
5032,Tanvir Hossain,211,Female,Dhaka,Seven,84.3,3.0,45,98,99,242.0,higher secondary,N,Fail
8705,Nusrat Islam,17,female,Barishal,9,99.4,2.1,97,38,37,172.0,GRADUATE,no,F
8585,Sabbir Khan,18,MALE,,9th,62.9,3.3,39,30,97,166.0,N/A,Y,Fail
8208,Sohan Ahmed,15,male,Rajshahi,7th,97.4,3.7,37,42,63,142.0,graduate,1,FAIL
7033,Rupa Ahmed,15,MALE,chittagong,9,76.1,2.3,45,72,85,202.0,,n/a,PASS
1606,Jannat Sarker,18,MALE,chittagong,Seven,76.0,5.1,81,53,82,216.0,N/A,No,Pass
5150,Nadia Talukder,17,M,Sylhet,8th,84.4,6.3,48,73,59,180.0,GRADUATE,Y,FAIL
4387,Imran Akter,13,Other,rajshahi,9th,68.6,2.5,,76,69,145.0,Primary,n/a,PASS
7987,Karim Ahmed,11,male,khulna,8,69.9,0.8,33,53,65,151.0,Illiterate,yes,P
1105,Mim Das,13,Male,Rajshahi,10th,74.3,4.4,93,41,36,170.0,GRADUATE,YES,Pass
7540,Imran Chowdhury,16,female,Ctg,Six,78.8,4.1,91,49,33,173.0,Post Graduate,N,pass
8239,Mitu Akter,14,MALE,khulna,Six,93.5,4.0,89,79,30,198.0,Unknown,n/a,fail
1263,Hasan Chowdhury,14,Other,Dacca,8th,76.9,-4.4,,30,94,124.0,Illiterate,0,fail
8167,Nadia Chowdhury,14,Female,rajshahi,Nine,79.8,-4.7,73,69,89,231.0,,Yes,P
2298,Mitu Islam,11,M,SYLHET,9,74.1,7.2,68,70,39,177.0,Higher Secondary,YES,pass
1701,Mitu Chowdhury,12,Male,Dhaka ,Eight,102.1,3.3,75,76,67,218.0,Primary,,Fail
6310,Sadia Akter,13,M,DHAKA,8,75.0,3.9,91,83,42,216.0,secondary,yes,PASS
2088,Nadia Khan,15,Female,rangpur,8,89.7,3.2,87,50,50,187.0,primary,NO,PASS
1538,Sadia Das,16,F,Rangpur,Ten,78.9,4.2,80,34,42,156.0,unknown,n/a,Fail
1732,sadia islam,18,FEMALE,KHULNA ,10th,74.4,4.5,51,56,93,200.0,Higher Secondary,Yes,
4611,Momo Rahman,15,other,SYLHET,9,82.8,3.1,99,77,33,209.0,Secondary,1,Pass
677,Priya Ahmed,12,,Rangpur,8th,77.7,5.7,89,72,74,235.0,Higher Secondary,yes,PASS
3220,Sabbir Chowdhury,15,O,Khulna,Six,93.9,4.8,71,44,97,212.0,secondary,NO,F
4301,Zayed Talukder,15,Female,Rajshahi,9,90.5,4.2,47,66,56,169.0,higher secondary,No,PASS
3824,anik sarker,18,Other,rajshahi,7,83.2,2.0,50,80,43,173.0,unknown,,F
2967,Karim Talukder,11,FEMALE,chittagong,Nine,93.6,-4.5,39,52,201,error,Post Graduate,n/a,Pass
1748,Rahim Khan,18,F,Dhaka ,6th,76.3,5.9,93,85,70,248.0,Secondary,no,Fail
1713,Tamim Ahmed,11,F,Mymensign,7th,148.0,6.5,45,57,30,132.0,Graduate,Yes,PASS
2077,Arif Rahman,14,O,Ctg,6th,87.1,1.0,69,83,36,188.0,Graduate,1,P
5466,Sabbir Chowdhury,18,MALE,Mymensingh,7th,88.0,1.0,46,64,60,170.0,Unknown,n/a,F
1528,Momo Talukder,17,female,khulna,8th,90.9,4.4,35,44,33,112.0,Post Graduate,1,Fail
STU-01284,Anik Rahman,13,O,barisal,7th,91.7,5.7,98,88,65,251.0,,1,
3025,Sabbir Islam,14,other,Chattogram,6,78.8,4.3,47,62,62,,N/A,N,Fail
5317,Nusrat Rahman,18,MALE,rangpur,7th,74.5,4.6,73,92,90,255.0,Graduate,,Pass
1922,Hasan Ahmed,16,,Rangpur,10th,85.8,4.0,40,45,48,133.0,Illiterate,N,P
3940,Lima Khan,11,Male,  Dhaka,8th,74.3,1.1,33,68,36,137.0,Higher Secondary,Y,Pass
2758,Fatema Islam,18,M,mymensingh,9th,90.4,,64,65,85,,Unknown,Y,Fail
5567,Farhan Rahman,15,FEMALE,rangpur,7,74.3,-1.0,88,49,81,218.0,Post Graduate,yes,
2826,Rahim Talukder,18,Female,Rajshahi ,Ten,79.1,3.5,84,72,33,189.0,secondary,Y,F
9012,Sadia Islam,13,Male,mymensingh,7,98.7,3.7,81,46,67,194.0,N/A,Y,Pass
6282,Priya Islam,15,Other,Rangpur,8th,87.6,3.6,39,53,41,133.0,graduate,n/a,Fail
2608,Anik Chowdhury,12,Male,Mymensingh,6,83.2,3.7,54,59,43,156.0,N/A,YES,P
1370,Karim Talukder,13,M,Mymensign,Eight,73.8,,76,85,67,228.0,N/A,no,fail
2854,Sadia Khan,16,Male,Rangpur,7,95.2,,43,,61,104.0,Graduate,0,Fail
7997,Priya Islam,18,Other,Barishal,Ten,91.4,5.1,91,46,41,178.0,primary,no,PASS
1529,Sabbir Rahman,18,Other,KHULNA ,Six,81.0,1.2,85,61,38,184.0,Primary,1,F
8910,Arif Das,16,Other,Khulna,10th,84.8,2.6,45,285,74,404.0,Graduate,Yes,fail
3218,Arif Islam,16,,rajshahi,8th,92.9,1.9,75,74,42,191.0,Higher Secondary,n/a,pass
9249,Rakib Chowdhury,15,MALE,Rajshahi ,Eight,79.6,3.9,37,39,50,126.0,N/A,,F
2046,Fatema Hossain,17,,dhaka,6th,78.5,4.1,42,32,97,171.0,illiterate,Y,F
6836,Hasan Rahman,17,Female,SYLHET,10,85.0,0.3,96,75,49,220.0,secondary,Y,Pass
343,Arif Ahmed,15,Male,KHULNA ,9th,73.3,-1.3,99,33,68,200.0,Illiterate,1,pass
5855,Rafi Das,12,female,Barishal,7th,82.7,2.8,88,30,60,178.0,postgraduate,Yes,P
391,Riya Ahmed,14,FEMALE,Rangpur,6,73.8,2.8,48,55,81,192.0,Primary,yes,F
9699,Sabbir Talukder,13,FEMALE,Rajshahi ,8,77.8,5.5,30,44,44,118.0,PRIMARY,No,Pass
610,Karim Das,18,male,Chittagong,Seven,97.1,2.2,64,80,66,206.0,,NO,
1454,Hasan Talukder,14,,dhaka,7th,94.1,1.4,61,30,83,174.0,Illiterate,YES,
1039,Ayesha Talukder,15,FEMALE,Rajshahi,7,81.0,4.9,99,73,57,229.0,N/A,YES,P
8894,Jannat Talukder,12,F,,10th,72.8,4.2,86,82,88,256.0,secondary,yes,fail
8304,Fatema Talukder,17,O,DHAKA,Seven,101.9,1.7,87,53,91,231.0,unknown,NO,pass
1450,Sabbir Talukder,15,M,Mymensingh,7,92.7,3.0,74,43,,117.0,graduate,Yes,PASS
2938,Rafi Chowdhury,14,O,SYLHET,7,78.6,4.7,-27,41,46,60.0,primary,Yes,fail
1772 ,Shila Hossain,11,Other,Mymensign,6th,88.9,3.3,49,92,41,182.0,Secondary,YES,PASS
6301,Sadia Sarker,18,female,Rangpur,Nine,88.9,2.2,55,66,81,202.0,primary,,F
8269 ,Bristi Ahmed,14,M,Mymensingh,Eight,86.1,0.6,68,94,40,202.0,Illiterate,Yes,Fail
5065,Karim Das,12,F,Sylhet,7th,80.6,2.0,87,32,59,178.0,GRADUATE,Yes,fail
405,Tamim Ahmed,12,M,SYLHET,9th,86.9,1.8,69,141,68,278.0,unknown,no,Fail
7679,Imran Islam,13,Male,Chattogram,8,-22.9,2.8,48,31,87,166.0,primary,No,PASS
5217,Nusrat Chowdhury,16,Other,Dhaka,Six,82.6,2.7,44,50,88,182.0,Unknown,YES,P
1622,Nadia Talukder,11,F,Rajshahi ,7,83.4,2.5,77,42,32,151.0,Illiterate,,P
4950,Rakib Hossain,16,Other,mymensingh,Nine,85.0,5.3,74,72,75,221.0,primary,no,
9069,Priya Ahmed,fifteen,other,Dhaka,10,94.4,2.6,40,95,51,,Higher Secondary,yes,FAIL
6499,Imran Akter,15,Male,Sylhet,6th,91.8,0.6,46,92,36,174.0,GRADUATE,0,P
2636,Karim Sarker,16,Female,Rajshahi ,Nine,88.4,3.2,88,73,33,194.0,postgraduate,n/a,PASS
9300,Anik Islam,18,female,Rajshahi ,Eight,83.9,1.5,88,31,81,200.0,Illiterate,No,fail
9352,Lima Chowdhury,11,Male,barisal,Ten,69.3,4.6,97,83,97,277.0,graduate,YES,
8542,Bristi Rahman,15,,SYLHET,Ten,69.2,1.5,85,63,58,206.0,N/A,N,Pass
133,Shila Akter,11,MALE,SYLHET,10th,74.1,1.8,84,62,97,243.0,GRADUATE,Y,
STU-08010,Imran Khan,18,Other,Khulna,Eight,68.0,4.7,84,89,59,,,yes,F
362,Karim Sarker,15,F,  Dhaka,8,66.7,3.3,70,65,84,219.0,GRADUATE,no,PASS
4700,Tanvir Das,14,M,Mymensign,9th,87.1,-0.7,59,46,62,167.0,higher secondary,NO,pass
329,Lima Talukder,fifteen,Male,KHULNA ,7,87.3,3.4,41,43,63,147.0,secondary,0,FAIL
7310,Lima Islam,11,,Rangpur,Ten,98.8,,93,50,64,207.0,unknown,YES,Fail
7412,Sabbir Islam,17,MALE,Dhaka,8th,87.5,1.5,58,38,83,179.0,illiterate,N,Fail
4062,Shila Islam,-14,Other,Barisal,Seven,220.8,4.1,-9,82,97,170.0,higher secondary,,
1381,Nusrat Talukder,17,,barisal,7th,98.9,3.9,56,37,61,154.0,Primary,Yes,Fail
STU-02605,Farhan Talukder,16,O,  Dhaka,8,78.0,2.8,81,45,67,195.0,,n/a,Fail
4374,Zayed Rahman,15,Male,Barisal,Six,100.3,5.3,79,70,62,211.0,GRADUATE,,Pass
168,Sadia Hossain,14,male,Mymensingh,10th,86.5,2.7,58,50,40,148.0,GRADUATE,no,Pass
4969,Mitu Chowdhury,15,,Rangpur,06,71.1,3.3,82,96,31,209.0,graduate,No,pass
2695,Priya Talukder,11,O,  Dhaka,6,103.2,1.1,37,96,48,181.0,N/A,Y,PASS
9739 ,Karim Das,17,FEMALE,,Eight,86.9,0.7,99,95,98,292.0,Unknown,0,P
2344,Riya Talukder,17,female,Ctg,10,64.5,4.4,43,38,55,136.0,secondary,,fail
1959,Momo Chowdhury,12,MALE,Mymensign,8th,73.9,4.8,69,68,47,184.0,,NO,PASS
4170,Sabbir Talukder,,Female,Dacca,7,90.4,0.8,91,36,,127.0,Primary,N,PASS
6264,Rafi Islam,14,other,rangpur,06,101.7,3.2,88,96,34,218.0,Post Graduate,Yes,PASS
8031,Hasan Islam,,male,Rajshahi ,6,93.5,1.5,91,68,96,255.0,postgraduate,0,fail
2497,Sadia Hossain,18,O,rajshahi,Ten,202.5,3.1,59,84,36,179.0,PRIMARY,No,Fail
8956,Shila Chowdhury,-8,MALE,rangpur,9,81.8,3.6,30,98,61,189.0,postgraduate,No,PASS
7325,Lima Sarker,11,M,mymensingh,7th,86.9,5.3,86,65,63,214.0,Unknown,No,
1700,Riya Rahman,17,Male,CHATTOGRAM,7th,78.6,3.5,94,84,86,264.0,primary,N,F
4458,Arif Khan,17,O,Rangpur,9th,81.4,2.0,97,52,90,239.0,Higher Secondary,,
7330,Lima Khan,14,other,khulna,6,97.4,0.4,79,92,39,210.0,graduate,YES,fail
7056,Mim Talukder,16,Other,Mymensign,7th,67.0,5.0,41,168,73,282.0,Post Graduate,0,F
3531,Hasan Hossain,17,MALE,khulna,10th,100.2,4.9,81,63,64,208.0,unknown,0,FAIL
723,Rupa Islam,14,female,SYLHET,6,96.7,3.2,64,34,58,156.0,Unknown,yes,Fail
7591 ,Nadia Talukder,13,female,sylhet,Seven,101.4,3.4,87,47,47,181.0,graduate,Y,fail
9456,Shila Akter,15,Female,sylhet,Seven,102.0,26.8,41,42,68,151.0,postgraduate,,
2751,Ayesha Khan,13,female,rangpur,7th,83.9,3.2,88,67,54,209.0,higher secondary,0,PASS
8124,Sohan Sarker,11,O,Rajshahi,9th,83.2,2.6,98,89,63,250.0,unknown,NO,fail
4628,Nusrat Chowdhury,17,other,rangpur,6,86.8,1.3,75,59,72,206.0,GRADUATE,No,P
2163,Mitu Talukder,18,O,Dhaka,9,86.6,3.4,81,83,32,196.0,secondary,Yes,PASS
9484,Imran Das,15,male,Rajshahi,6,102.1,3.3,45,88,70,203.0,Illiterate,Y,
6485,Rakib Chowdhury,15,Male,Chattogram,Ten,97.3,3.5,-19,60,52,93.0,Graduate,Yes,P
7444,Momo Das,,FEMALE,barisal,Six,83.2,5.8,50,80,68,198.0,PRIMARY,No,Fail
2986,Sohan Islam,12,Other,mymensingh,9th,59.8,2.3,48,61,48,157.0,unknown,n/a,FAIL
6276,Rafi Das,14,M,rangpur,6th,88.1,28.4,42,73,33,148.0,unknown,No,FAIL
7812,Rafi Akter,11,FEMALE,khulna,06,89.1,2.4,50,65,99,,illiterate,no,fail
7946,Ayesha Sarker,16,male,KHULNA ,6,88.7,2.2,97,47,79,223.0,secondary,Yes,P
6589,Sadia Khan,11,FEMALE,dhaka,7th,90.4,2.7,51,40,67,158.0,N/A,n/a,
5433,Mim Das,16,other,Rangpur,6,69.4,3.9,96,72,70,238.0,secondary,n/a,Fail
6101,Momo Das,17,other,Barisal,8,90.9,0.2,87,32,79,198.0,postgraduate,N,Fail
7694,Imran Talukder,11,Female,rajshahi,Ten,88.3,4.9,,99,60,159.0,,YES,FAIL
6340,Riya Akter,11,F,mymensingh,Ten,68.6,3.3,39,91,62,192.0,Graduate,1,PASS
7601,Hasan Hossain,18,F,rajshahi,Seven,83.0,0.4,63,52,48,163.0,Graduate,1,PASS
8639,Kabir Sarker,15,MALE,barisal,8th,104.9,2.1,67,93,58,218.0,Higher Secondary,1,Pass
756,Ayesha Sarker,11,O,KHULNA ,Ten,77.3,3.0,95,73,35,203.0,,Y,fail
316,Fatema Talukder,15,O,mymensingh,Ten,84.3,1.4,-13,82,61,130.0,Secondary,no,F
9454,Rahim Akter,18,Male,Chittagong,7th,80.9,3.6,76,89,37,202.0,illiterate,1,fail
2651,Hasan Rahman,,male,rangpur,8th,86.8,3.7,47,-49,52,50.0,GRADUATE,NO,pass
7296,Rakib Rahman,13,male,Chattogram,10th,57.6,2.9,39,69,42,150.0,Secondary,N,Fail
215,Mim Sarker,12,,Dhaka,9th,72.5,5.2,44,56,89,189.0,Post Graduate,No,PASS
2257,Lima Rahman,12,Female,Chattogram,6,80.9,3.1,98,60,97,255.0,Illiterate,n/a,fail
5107,Shila Rahman,14,,SYLHET,06,94.6,1.4,-49,68,67,86.0,primary,no,fail
2137,Nusrat Hossain,18,FEMALE,Rajshahi ,6,78.9,23.9,33,52,42,127.0,GRADUATE,yes,Fail
8814,Ayesha Islam,18,other,Mymensingh,7th,88.0,1.3,40,71,84,195.0,graduate,no,Pass
2174,Ayesha Sarker,,Other,Chittagong,06,83.3,2.6,93,55,61,,Illiterate,Y,P
3939,Rakib Hossain,12,male,sylhet,Ten,-41.1,1.7,88,83,70,241.0,Post Graduate,Yes,P
6269,Farhan Rahman,18,FEMALE,Sylhet,06,65.5,2.5,58,86,48,192.0,N/A,YES,P
8027,Jannat Akter,17,FEMALE,khulna,10,102.4,1.7,87,31,75,193.0,Higher Secondary,0,PASS
7145,Rafi Talukder,14,M,sylhet,8th,83.9,4.9,40,65,31,118.0,illiterate,yes,PASS
4433,Imran Das,18,other,SYLHET,9,84.4,4.2,76,89,77,242.0,GRADUATE,no,
1510,Tanvir Hossain,15,O,Rangpur,7th,77.3,2.5,75,,73,148.0,N/A,Y,
1309,Mitu Islam,16,,Dhaka ,8th,,2.2,99,46,97,242.0,Secondary,no,PASS
747,Momo Chowdhury,18,MALE,barisal,Seven,83.0,4.2,58,45,76,179.0,graduate,1,
7921 ,Arif Sarker,15,female,khulna,8,80.1,3.6,199,66,36,,secondary,Y,PASS
5526,Ayesha Akter,16,,  Dhaka,6,-46.4,6.1,74,76,97,247.0,higher secondary,,
6267,Bristi Chowdhury,14,O,Mymensign,6th,81.0,1.3,84,56,59,199.0,Illiterate,0,F
5101,Rakib Ahmed,18,,rangpur,9,91.1,5.6,91,75,77,243.0,Illiterate,YES,PASS
8036,Imran Ahmed,17,other,KHULNA ,6th,86.4,28.7,48,82,absent,130.0,illiterate,Y,pass
1887,Sadia Islam,13,male,sylhet,Nine,,1.3,63,95,47,205.0,postgraduate,,
8665,Tamim Das,13,other,Barishal,6,80.6,4.3,47,39,79,165.0,postgraduate,1,
7173,Mim Khan,13,male,Dhaka ,Ten,91.7,3.9,80,33,63,176.0,Higher Secondary,Yes,F
2495,Fatema Hossain,13,other,dhaka,8th,77.2,7.3,37,88,50,175.0,Illiterate,no,F
6738,Riya Khan,18,F,  Dhaka,Seven,72.9,1.8,52,86,86,224.0,Higher Secondary,Y,Fail
5462,Shila Sarker,11,F,Barisal,Seven,81.0,3.4,54,137,56,247.0,graduate,,Pass
STU-05614,Rakib Islam,12,,rangpur,Six,93.6,3.9,79,68,-45,102.0,postgraduate,Yes,Fail
5192,Anik Rahman,12,other,Chittagong,06,78.4,4.5,54,61,85,200.0,Secondary,YES,PASS
4413,Riya Rahman,,M,  Dhaka,10,102.9,2.3,33,79,90,202.0,GRADUATE,yes,
2973,Karim Khan,18,male,rajshahi,10,,5.5,50,71,56,177.0,Graduate,NO,
290,Tanvir Hossain,16,M,Chattogram,Seven,80.6,4.7,59,35,96,190.0,Unknown,Y,pass
1802,Karim Chowdhury,18,male,Barishal,8,75.4,2.4,56,56,75,error,graduate,1,Fail
6966,Mitu Sarker,16,M,Chattogram,8,75.6,3.2,45,40,39,124.0,Unknown,YES,PASS
2883,Tanvir Chowdhury,14,Female,Barishal,Eight,96.0,1.7,77,98,57,232.0,primary,Y,Pass
9066,Zayed Rahman,12,other,CHATTOGRAM,10th,,3.0,48,-43,53,58.0,primary,0,Pass
3182,Zayed Talukder,16,female,Dacca,Eight,71.2,4.7,98,53,78,229.0,N/A,yes,FAIL
8427,Lima Akter,18,Female,dhaka,8,,2.4,50,30,45,125.0,primary,YES,fail
3638,Jannat Chowdhury,15,female,Rajshahi ,Ten,84.7,2.0,66,58,66,190.0,PRIMARY,1,Fail
1059,Rafi Akter,18,MALE,Rangpur,9th,82.6,2.3,50,79,72,201.0,N/A,,PASS
7361,Farhan Rahman,18,Male,Chattogram,6th,90.2,4.5,57,32,-42,47.0,secondary,,F
3667,Farhan Talukder,13,F,chittagong,Ten,79.4,2.5,49,82,96,227.0,Primary,YES,PASS
7684,Anik Hossain,16,M,sylhet,7,80.2,3.7,75,39,95,209.0,higher secondary,No,Pass
4627,Kabir Ahmed,16,,KHULNA ,Ten,79.6,2.7,50,35,82,,Illiterate,yes,PASS
8133,Lima Hossain,16,Female,sylhet,8,84.1,-0.4,72,78,47,197.0,N/A,YES,fail
1343,,18,O,rajshahi,10,75.6,-0.1,90,95,71,256.0,Secondary,yes,FAIL
STU-09813,Zayed Rahman,18,M,Rajshahi ,06,84.0,1.3,37,72,53,162.0,secondary,YES,fail
2051,Hasan Akter,,other,rangpur,Seven,84.7,2.4,47,64,61,172.0,Unknown,N,
2833,Karim Talukder,12,female,rangpur,06,85.7,5.5,67,30,75,172.0,higher secondary,,
6158,Rahim Talukder,13,Other,rajshahi,Nine,79.4,1.4,73,85,97,255.0,PRIMARY,Y,Fail
6287 ,Mim Talukder,16,Male,KHULNA ,7th,79.5,5.9,53,67,96,216.0,Illiterate,no,
74,Priya Islam,18,female,,6th,78.0,3.0,34,64,47,145.0,postgraduate,N,fail
1490,Rahim Islam,15,M,dhaka,Seven,81.2,1.0,73,63,54,190.0,graduate,No,PASS
8091,Nusrat Talukder,15,FEMALE,sylhet,6,77.6,2.5,81,176,52,309.0,Higher Secondary,N,pass
826,Nadia Islam,18,O,Khulna,Nine,92.6,1.8,85,absent,85,170.0,illiterate,,Pass
4417,Anik Talukder,14,Other,Chattogram,9th,64.8,2.7,92,74,absent,166.0,PRIMARY,yes,F
7332,Momo Das,14,Male,DHAKA,Ten,79.5,2.7,90,absent,89,179.0,secondary,no,fail
4082,Zayed Sarker,13,other,Khulna,8,76.9,3.9,82,35,91,208.0,Primary,no,Fail
493,Nadia Talukder,13,male,Sylhet,Seven,86.0,3.9,46,47,74,167.0,Illiterate,no,FAIL
736,Ayesha Rahman,16,O,Rangpur,Seven,95.1,4.1,,72,80,152.0,PRIMARY,YES,P
8623,Riya Das,11,MALE,Sylhet,Nine,101.0,4.0,64,95,55,214.0,GRADUATE,YES,
3570,Sohan Ahmed,18,other,Rangpur,7th,95.4,2.7,94,87,50,231.0,PRIMARY,n/a,FAIL
9180,Mitu Sarker,15,,sylhet,7,83.6,2.9,68,84,84,236.0,GRADUATE,n/a,PASS
8084,Karim Hossain,11,female,Dhaka ,8,67.2,3.4,66,39,85,190.0,illiterate,N,Fail
650,Sadia Islam,14,O,khulna,9th,80.0,2.0,85,60,-45,100.0,graduate,No,P
7571,Rahim Das,18,Male,Mymensign,9th,85.1,5.4,36,90,86,212.0,GRADUATE,0,P
6623,Jannat Akter,12,Male,CHATTOGRAM,6th,90.5,-1.6,84,32,45,157.0,Secondary,YES,pass
5133,Bristi Khan,16,MALE,Sylhet,Six,71.7,5.1,93,33,30,156.0,N/A,,FAIL
3465,Tanvir Islam,12,other,Sylhet,8,92.5,3.3,31,58,80,169.0,Illiterate,0,
6202,Lima Chowdhury,12,other,  Dhaka,Seven,95.8,2.6,85,96,86,267.0,Higher Secondary,yes,
2749,Lima Sarker,15,Male,Rajshahi ,Six,105.4,4.4,99,60,52,211.0,Secondary,,fail
4352,Shila Sarker,12,male,Barisal,9th,77.6,0.3,81,60,89,230.0,secondary,No,PASS
6946,Hasan Akter,14,male,barisal,8th,83.0,2.5,96,91,63,250.0,higher secondary,n/a,F
6131,mim chowdhury,16,FEMALE,Dacca,8,81.7,0.8,89,40,67,196.0,Graduate,NO,Fail
6834,Rafi Akter,17,Other,Mymensingh,7,66.3,3.1,72,,74,146.0,Unknown,YES,Pass
4699,Tamim Das,15,female,Dhaka,10th,80.0,5.9,56,75,57,188.0,,yes,pass
4222,Fatema Akter,12,Other,KHULNA ,Six,94.5,2.5,53,68,78,199.0,postgraduate,NO,fail
4529,Momo Ahmed,16,FEMALE,khulna,7th,83.5,3.9,37,94,69,200.0,higher secondary,N,fail
2355,Hasan Sarker,12,M,Rangpur,6th,77.2,-0.1,42,57,30,129.0,unknown,0,
6923,Riya Rahman,11,F,Rajshahi ,7,66.0,2.9,95,52,70,217.0,graduate,No,FAIL
4045,Imran Islam,17,other,Rajshahi ,Six,81.0,2.9,-37,77,,40.0,unknown,,Pass
3760,rafi khan,15,FEMALE,Rangpur,9th,,-0.0,64,61,48,173.0,Post Graduate,n/a,pass
7334,Sabbir Hossain,14,O,Barisal,Seven,83.2,2.1,33,85,69,187.0,higher secondary,1,Pass
774,Sadia Das,13,Male,Khulna,6th,91.8,5.2,85,48,84,217.0,graduate,N,Fail
26,Rakib Hossain,15,FEMALE,KHULNA ,9th,88.4,,61,97,84,error,Illiterate,No,P
9416,Arif Islam,14,Male,Rajshahi,10th,84.6,5.2,82,61,-49,94.0,Secondary,n/a,pass
3087,Farhan Khan,13,other,Mymensign,7,100.0,4.7,70,31,86,187.0,Graduate,0,PASS
2058,Bristi Das,12,other,Sylhet,Eight,93.0,1.3,92,54,,146.0,secondary,NO,PASS
5235,Sabbir Islam,12,MALE,mymensingh,7,71.2,2.6,75,97,79,,Illiterate,0,Fail
7226,Mitu Sarker,18,Male,Mymensign,06,107.5,3.5,76,85,30,191.0,Primary,N,PASS
3873,Rafi Hossain,13,FEMALE,Mymensign,7,98.7,1.7,42,71,34,147.0,,YES,FAIL
6712,Momo Khan,,F,rajshahi,10th,85.5,2.1,41,193,46,280.0,primary,No,P
2923 ,Imran Hossain,13,,  Dhaka,10,160.2,4.5,86,34,64,184.0,primary,1,FAIL
3391,Farhan Khan,13,FEMALE,khulna,Ten,80.8,3.9,35,59,,94.0,PRIMARY,no,fail
3059,Mitu Ahmed,15,F,Rajshahi,9th,103.2,-3.8,51,81,79,211.0,higher secondary,Yes,P
5201,Mim Chowdhury,15,MALE,  Dhaka,7,91.4,2.0,31,78,74,183.0,Post Graduate,,P
STU-09545,Zayed Akter,14,MALE,Dhaka,Seven,79.6,3.6,55,86,68,209.0,higher secondary,no,
7564,Nusrat Hossain,16,female,Rangpur,7,83.8,,,92,42,error,Illiterate,no,Fail
8813,Jannat Talukder,13,female,rajshahi,9th,88.7,3.5,34,83,82,215.0,Secondary,Y,FAIL
4179,Shila Akter,18,F,Rangpur,Seven,89.5,4.9,43,32,99,174.0,Secondary,0,F
2367,Riya Talukder,14,male,Rangpur,Nine,100.5,0.6,95,88,57,240.0,Post Graduate,1,PASS
658,Rafi Khan,11,male,KHULNA ,Eight,93.1,1.9,82,84,66,232.0,Illiterate,n/a,PASS
9299,Rahim Talukder,15,other,Rajshahi ,7th,90.8,3.8,52,61,52,165.0,,n/a,Fail
1786 ,Hasan Rahman,13,,khulna,06,100.1,4.8,69,67,67,203.0,graduate,NO,FAIL
9452,Anik Hossain,17,O,KHULNA ,9th,73.8,5.9,92,48,42,182.0,illiterate,Yes,Pass
7517,Tamim Khan,15,FEMALE,Rajshahi ,Six,70.5,2.6,53,50,86,189.0,graduate,N,F
9786,Shila Hossain,14,Female,khulna,6th,100.0,3.5,73,,31,104.0,graduate,N,Pass
4336,Tanvir Rahman,18,Female,SYLHET,6th,102.1,0.6,61,47,97,205.0,Illiterate,NO,P
9009,Farhan Islam,11,Other,Rangpur,06,88.2,4.6,63,91,86,240.0,postgraduate,no,
7509,Rafi Ahmed,17,other,mymensingh,8th,86.2,5.4,41,56,98,195.0,illiterate,no,PASS
5288,Karim Ahmed,18,Male,sylhet,7th,84.6,5.4,30,76,80,186.0,,N,fail
9785,Mitu Akter,13,male,KHULNA ,Six,84.4,1.4,88,93,73,254.0,postgraduate,,Pass
5954,Karim Ahmed,12,other,barisal,06,92.1,3.0,98,84,85,267.0,Primary,,Fail
9254,Riya Akter,13,M,khulna,7,58.7,2.6,53,98,62,213.0,N/A,,pass
7981,Rafi Ahmed,13,Female,Barisal,Six,80.7,1.6,96,99,33,228.0,Secondary,No,Pass
6349,Momo Talukder,13,O,Barishal,9th,87.4,3.2,43,84,56,183.0,Higher Secondary,YES,P
6386,Tamim Sarker,11,Female,DHAKA,6th,90.0,3.5,92,86,83,261.0,Graduate,n/a,
6213,Jannat Chowdhury,18,Male,Rajshahi,Nine,88.0,4.8,58,35,81,174.0,Graduate,NO,pass
5852,Arif Sarker,17,female,Rajshahi,Eight,73.6,4.6,79,49,57,,Graduate,No,Fail
9443,Anik Hossain,13,other,khulna,6,86.2,1.5,47,85,61,193.0,,Yes,
910,Bristi Sarker,15,,Rangpur,8th,89.6,4.0,221,33,70,324.0,higher secondary,yes,Fail
5842,Kabir Das,18,M,Sylhet,9,92.7,3.0,71,97,41,209.0,GRADUATE,YES,Pass
4937,Kabir Talukder,12,FEMALE,Mymensingh,8th,85.5,4.0,54,94,53,201.0,Unknown,0,PASS
1979,Kabir Hossain,17,MALE,Rangpur,8,86.1,2.3,67,58,96,221.0,Higher Secondary,No,Fail
933,Sadia Rahman,16,MALE,Rangpur,Nine,81.8,3.0,76,31,92,199.0,Illiterate,YES,FAIL
4835,Arif Ahmed,16,other,SYLHET,7th,90.7,0.5,64,52,265,,Graduate,yes,Fail
1975,Jannat Islam,13,other,Khulna,Seven,99.3,2.2,58,82,58,198.0,postgraduate,YES,F
1946,Riya Islam,18,female,sylhet,10,79.3,0.2,32,46,75,,N/A,Y,F
6928,Nadia Akter,17,,Rajshahi,7th,93.8,2.8,35,38,49,122.0,Post Graduate,N,pass
1421,Karim Islam,11,F,Rangpur,9th,-3.6,2.3,36,85,66,187.0,Illiterate,yes,F
1537,Rupa Rahman,18,Other,khulna,Eight,98.1,2.0,89,86,75,,GRADUATE,n/a,fail
5585,Farhan Sarker,18,O,Sylhet,6,73.0,3.8,93,35,78,193.0,primary,no,fail
7337,Rakib Talukder,12,Other,mymensingh,8,72.8,3.2,64,82,68,214.0,Graduate,,P
7698,Ayesha Akter,15,MALE,barisal,6th,87.9,3.6,79,71,81,231.0,secondary,1,
5027,Sabbir Sarker,18,,Ctg,9th,75.2,1.9,70,51,38,159.0,Graduate,no,Fail
7712,Sohan Sarker,16,,Barisal,Six,92.8,-4.1,34,182,74,290.0,Post Graduate,Y,fail
5709,Momo Islam,14,Female,chittagong,6,88.9,4.1,56,96,97,249.0,secondary,NO,pass
226,Ayesha Rahman,11,Male,rajshahi,Six,85.6,2.0,37,79,91,206.0,Unknown,N,pass
5661,Rupa Akter,12,MALE,rajshahi,10,92.1,3.3,93,41,63,197.0,Unknown,N,F
1031,Bristi Das,12,Other,sylhet,Ten,81.8,2.9,88,99,77,264.0,Higher Secondary,No,FAIL
1072,Rakib Chowdhury,fifteen,FEMALE,dhaka,7th,81.5,3.3,43,38,40,121.0,higher secondary,n/a,P
6877,Ayesha Rahman,15,MALE,rajshahi,8,72.3,4.1,70,90,53,213.0,postgraduate,Yes,Fail
2557,Jannat Rahman,17,,SYLHET,06,86.5,3.9,98,98,35,231.0,Secondary,0,FAIL
5063,Arif Sarker,15,M,sylhet,06,87.3,2.5,76,49,99,224.0,Graduate,YES,F
6396,Karim Talukder,13,Other,Barishal,Seven,91.7,4.9,63,78,84,225.0,higher secondary,yes,F
5194,Priya Khan,13,Male,Rangpur,9th,86.7,5.1,50,41,40,131.0,Post Graduate,no,PASS
8205,Tanvir Khan,17,F,Mymensingh,Eight,92.5,3.1,90,35,94,219.0,unknown,Y,PASS
8532,Mitu Akter,13,Other,KHULNA ,7th,81.5,0.6,80,66,78,224.0,graduate,yes,P
1350,Tamim Hossain,15,FEMALE,Mymensingh,7th,-41.7,3.9,54,73,89,216.0,Illiterate,No,Pass
3680,Sohan Ahmed,14,MALE,CHATTOGRAM,Seven,76.7,5.0,57,44,30,131.0,Secondary,0,Fail
9228,Kabir Sarker,16,M,DHAKA,Ten,88.8,3.3,56,36,,92.0,unknown,YES,Fail
8095,Momo Chowdhury,16,Male,mymensingh,8th,86.0,1.3,94,84,57,235.0,higher secondary,Yes,
9048,Rupa Talukder,18,Female,khulna,7,104.8,3.0,66,62,30,158.0,N/A,1,P
6381,Nadia Ahmed,15,Female,Chattogram,8,89.3,2.7,56,76,35,167.0,Unknown,n/a,FAIL
3562,Mim Das,12,Male,Chittagong,7th,80.7,-4.7,59,50,63,172.0,graduate,N,
2766,Shila Hossain,16,Other,Rajshahi,9,67.4,3.9,33,72,56,161.0,GRADUATE,0,pass
9527,Bristi Akter,14,male,Mymensingh,10,81.8,2.2,94,72,98,264.0,Higher Secondary,Y,Fail
STU-02493,Rakib Islam,18,FEMALE,Barishal,8,84.4,2.9,,91,43,134.0,Primary,Y,PASS
6870,Ayesha Akter,11,FEMALE,KHULNA ,10th,90.1,3.0,38,96,47,,primary,1,pass
6935,Kabir Talukder,17,F,sylhet,Ten,79.3,-0.2,36,93,37,166.0,postgraduate,NO,F
6491,Nadia Sarker,18,,Ctg,Eight,64.5,6.0,98,77,84,259.0,PRIMARY,NO,fail
1126,Lima Khan,12,FEMALE,sylhet,Nine,91.6,5.0,83,69,48,200.0,secondary,no,P
244,Sabbir Akter,11,O,rajshahi,Seven,92.3,3.1,58,30,64,152.0,Unknown,,P
7329,Tanvir Rahman,11,O,Dhaka,Nine,103.0,2.7,52,97,75,224.0,Primary,N,F
2013,Momo Talukder,12,Male,khulna,6,84.0,2.7,63,46,57,166.0,unknown,n/a,Fail
8309,Sabbir Khan,17,,Barisal,6th,75.5,5.1,85,64,57,206.0,Higher Secondary,No,F
6737,Hasan Khan,17,F,rangpur,10th,68.8,5.9,58,35,73,166.0,Post Graduate,n/a,FAIL
9092,Lima Das,14,Female,Mymensingh,7,102.0,2.1,49,43,43,135.0,,NO,PASS
5794,Nusrat Talukder,14,MALE,Rajshahi,7,88.7,3.0,45,48,30,123.0,Secondary,1,FAIL
1217,Shila Islam,11,M,Dhaka,8,82.7,2.8,43,65,96,204.0,N/A,YES,fail
9301,Zayed Khan,11,FEMALE,KHULNA ,7,73.3,2.1,-5,59,48,102.0,Illiterate,yes,F
STU-05342,Karim Das,12,male,Dacca,Eight,82.0,3.1,30,83,45,158.0,Primary,No,fail
2959,Fatema Das,14,female,Barisal,10,79.7,3.5,,38,35,73.0,postgraduate,N,fail
3350,Rafi Talukder,16,M,rangpur,10th,100.4,3.7,63,48,98,209.0,unknown,1,Fail
6268,Tanvir Islam,14,O,Barisal,7,85.2,3.2,81,64,71,216.0,Primary,N,pass
8482 ,Lima Islam,14,M,Sylhet,7,83.5,2.6,35,56,81,172.0,GRADUATE,Yes,
4364,Bristi Hossain,12,Male,KHULNA ,Eight,69.4,2.0,63,,39,102.0,Unknown,0,Fail
9200,Imran Sarker,16,Other,rangpur,8,74.7,1.6,71,92,40,203.0,N/A,Y,FAIL
9705,Fatema Chowdhury,16,female,dhaka,6,94.7,4.9,95,33,45,173.0,postgraduate,Y,pass
7338,Tanvir Talukder,18,,Chittagong,6,95.9,0.3,96,46,48,190.0,Graduate,no,P
283 ,Sabbir Islam,16,MALE,Mymensign,10,100.8,2.5,46,45,41,,primary,Y,PASS
7800,Ayesha Khan,15,M,,8,86.6,1.4,43,46,49,138.0,Unknown,,
8098,Mim Rahman,14,MALE,  Dhaka,7th,99.8,4.4,59,77,94,,PRIMARY,No,fail
8075,Momo Hossain,13,MALE,Rajshahi ,9,75.1,4.9,-12,87,49,124.0,secondary,No,Fail
4403,Rahim Sarker,14,O,Dacca,Ten,97.6,2.7,67,79,53,199.0,Post Graduate,yes,P
8461,Rahim Islam,11,MALE,sylhet,Nine,97.1,0.8,85,68,71,224.0,N/A,Yes,fail
3439,Mitu Das,16,other,Barishal,7th,83.7,2.5,55,67,95,217.0,illiterate,Yes,Fail
4157,Mitu Sarker,14,Female,dhaka,10,73.2,2.9,40,61,53,154.0,Secondary,No,
7868,Sadia Das,11,male,DHAKA,10th,87.4,2.3,73,68,99,240.0,illiterate,no,P
6724 ,Sabbir Sarker,11,other,Barishal,8,76.0,3.2,36,69,44,149.0,postgraduate,NO,
2679,Jannat Rahman,16,other,  Dhaka,6,,2.8,51,85,47,183.0,unknown,YES,FAIL
5785,Shila Khan,15,,KHULNA ,6th,75.3,2.0,63,94,74,231.0,illiterate,n/a,
3077,Lima Chowdhury,17,M,  Dhaka,9,53.0,1.7,52,54,56,162.0,unknown,no,Fail
4552 ,Lima Hossain,11,M,Rangpur,10th,75.4,2.2,88,absent,46,127.0,Secondary,n/a,F
2565,Riya Talukder,13,F,Rangpur,8th,93.3,1.2,94,98,78,270.0,Post Graduate,NO,fail
2153 ,nusrat islam,17,M,rangpur,7,79.9,2.2,-45,59,74,88.0,illiterate,0,PASS
3703,Anik Islam,11,O,Rajshahi ,Ten,74.3,4.0,89,76,44,209.0,Graduate,0,PASS
STU-07763,Bristi Sarker,17,male,Dhaka ,6,72.6,4.7,86,67,66,219.0,Higher Secondary,Yes,fail
7060,Ayesha Khan,12,Other,rangpur,8th,95.5,3.3,,64,absent,64.0,Secondary,no,fail
1195,Lima Akter,11,F,Sylhet,9th,88.1,1.1,57,-41,60,76.0,Higher Secondary,1,PASS
2942,Sabbir Rahman,13,male,Mymensingh,10,79.2,6.2,83,44,35,162.0,graduate,n/a,pass
3111,Tanvir Chowdhury,15,male,barisal,10th,71.3,3.5,37,81,69,187.0,postgraduate,N,FAIL
4194,Nadia Akter,16,Male,Rangpur,9,90.7,2.0,78,96,96,270.0,,Yes,
9601,Kabir Sarker,15,Male,Barisal,9,90.4,-0.3,64,52,67,183.0,primary,n/a,FAIL
5331,Riya Akter,18,male,Sylhet,7,90.8,3.5,79,90,65,234.0,Post Graduate,no,pass
4554,Jannat Akter,13,FEMALE,Barisal,9,79.5,4.2,92,74,32,198.0,primary,NO,FAIL
8119,Lima Islam,13,Male,khulna,9,84.8,3.9,58,51,96,205.0,secondary,Yes,Fail
5272,Rakib Islam,15,other,Rangpur,Ten,99.3,1.9,74,71,75,220.0,Unknown,n/a,pass
2471,Mitu Hossain,16,F,Dacca,6,87.3,2.7,41,95,34,170.0,PRIMARY,1,P
8970,Momo Chowdhury,17,MALE,SYLHET,8,89.9,0.7,31,42,34,107.0,unknown,yes,Pass
5640,Mim Islam,13,female,SYLHET,8th,88.8,4.4,51,95,absent,146.0,,n/a,
1491,Imran Rahman,15,Male,mymensingh,06,94.6,2.9,45,39,95,179.0,N/A,No,pass
6152,Shila Hossain,18,MALE,Rangpur,7th,81.4,2.8,33,37,41,111.0,Unknown,0,F
5820,Sadia Islam,13,male,Dhaka,06,96.1,2.6,47,87,30,164.0,Higher Secondary,yes,
3797,Priya Hossain,11,male,Rangpur,06,95.7,2.7,66,89,53,208.0,primary,n/a,Fail
1078,Kabir Ahmed,15,other,Chittagong,10,81.8,2.6,57,43,73,173.0,secondary,Yes,Fail
369,Nadia Rahman,13,Female,Mymensign,7,102.9,3.3,63,55,34,152.0,Unknown,Y,PASS
2519,Anik Akter,11,Female,DHAKA,Seven,89.6,5.9,98,37,47,182.0,Illiterate,YES,Pass
3814,Rupa Sarker,13,MALE,mymensingh,06,75.8,4.0,34,53,67,154.0,Graduate,yes,PASS
9047,rafi sarker,15,other,  Dhaka,Eight,95.5,-0.2,53,76,47,176.0,illiterate,n/a,fail
STU-08253,Zayed Islam,18,Other,Barishal,Seven,93.6,2.3,64,76,80,220.0,secondary,No,pass
4659,Sabbir Rahman,17,Male,mymensingh,Six,86.9,4.8,,59,33,92.0,PRIMARY,N,Fail
3692,Rahim Hossain,12,female,Sylhet,06,95.5,4.6,55,33,57,145.0,illiterate,,pass
8864,Nadia Islam,11,male,DHAKA,8th,88.7,2.2,80,36,30,146.0,GRADUATE,NO,pass
3643,Rakib Ahmed,14,other,Rangpur,10th,86.2,2.5,93,61,95,249.0,Unknown,Y,Pass
5120,Fatema Sarker,13,male,SYLHET,6th,77.0,1.9,85,33,38,156.0,Illiterate,1,Fail
824,Kabir Ahmed,14,Other,  Dhaka,06,84.2,2.9,88,61,62,211.0,Secondary,Y,fail
700,Kabir Sarker,14,O,chittagong,Nine,81.2,2.7,71,38,36,145.0,PRIMARY,0,FAIL
8172,Hasan Akter,16,male,sylhet,9th,64.6,4.3,42,78,38,158.0,illiterate,Yes,Fail
6545,Nadia Akter,18,Other,Rajshahi ,Nine,89.3,2.0,84,47,50,181.0,Illiterate,no,pass
235,Arif Hossain,16,,DHAKA,10,76.1,1.0,32,47,69,,graduate,N,
1380,Rupa Islam,13,male,Mymensingh,9,85.4,4.4,,70,83,153.0,postgraduate,No,FAIL
6547,Bristi Chowdhury,18,Male,Mymensign,Ten,86.8,3.1,71,82,79,232.0,Unknown,,Pass
3027,Lima Ahmed,12,,Chattogram,6,87.7,2.6,82,46,86,214.0,Unknown,N,PASS
STU-04249,Kabir Rahman,17,male,Rangpur,9th,86.0,1.6,245,33,55,333.0,secondary,no,P
3426,Sabbir Akter,16,M,Barisal,Nine,82.0,2.7,51,53,67,171.0,PRIMARY,yes,P
5472,Shila Chowdhury,12,O,barisal,Seven,95.6,3.0,99,36,53,188.0,Primary,0,FAIL
STU-00229,Rakib Hossain,,,Mymensign,9,91.5,5.4,41,42,54,137.0,Unknown,YES,pass
8247,Anik Islam,11,,KHULNA ,8,79.2,3.0,41,34,55,130.0,Illiterate,no,P
3491,Nadia Islam,16,Male,Mymensingh,Eight,81.8,4.1,41,43,90,174.0,N/A,no,
9167,Arif Khan,13,Male,Khulna,8,82.9,4.8,52,76,73,201.0,unknown,0,F
2473,Tamim Das,15,MALE,barisal,10,88.6,4.5,51,86,64,201.0,Higher Secondary,YES,fail
1954,Kabir Das,16,,Barisal,9th,92.4,2.0,55,41,78,174.0,unknown,1,PASS
9800,Mim Das,12,Female,Rajshahi,7,80.3,4.5,52,99,36,187.0,illiterate,,F
3632,Rupa Akter,13,male,Dacca,Ten,78.3,2.2,68,70,51,189.0,Graduate,N,pass
7167 ,Rahim Talukder,16,Male,Rajshahi ,8th,83.2,4.9,87,91,67,245.0,graduate,yes,FAIL
2260,Shila Das,14,female,  Dhaka,8,83.3,2.8,81,44,97,222.0,Higher Secondary,yes,Pass
8462,Farhan Ahmed,12,male,Rangpur,6th,93.5,0.1,32,90,152,274.0,unknown,1,fail
8757,Lima Hossain,18,,Khulna,7,85.2,2.5,89,82,54,225.0,Higher Secondary,Yes,F
8524,Sabbir Akter,18,FEMALE,Ctg,Six,82.0,3.2,88,40,53,181.0,unknown,0,
9319,Lima Rahman,11,MALE,Rajshahi,Eight,70.8,3.9,33,87,60,180.0,Secondary,yes,
9622,Tamim Islam,17,M,Rajshahi,Eight,70.3,2.1,95,97,54,246.0,Higher Secondary,No,Pass
3102,Shila Akter,16,Male,Chittagong,Eight,103.3,4.6,47,52,,99.0,PRIMARY,yes,F
9011,Rahim Ahmed,11,Male,SYLHET,8,79.9,6.2,66,52,77,195.0,postgraduate,No,F
5232,Fatema Khan,16,,mymensingh,7,84.4,4.0,78,58,67,203.0,postgraduate,n/a,F
3120,Farhan Talukder,18,MALE,mymensingh,9,100.3,3.9,52,33,32,117.0,postgraduate,N,Fail
931,Shila Talukder,14,F,Dacca,7th,100.9,2.6,85,84,99,268.0,Secondary,Yes,fail
1599,Imran Khan,17,male,Ctg,Ten,73.8,,85,33,77,195.0,Illiterate,n/a,pass
4808,Mitu Sarker,15,Male,barisal,8th,52.1,,94,34,72,200.0,Graduate,N,F
6148,Sadia Rahman,12,Other,mymensingh,Eight,93.9,3.6,52,90,60,202.0,Unknown,No,Fail
7364,Nusrat Khan,fifteen,Male,Khulna,10,81.1,4.0,42,65,77,184.0,secondary,Yes,FAIL
6691,Nusrat Ahmed,18,O,Rajshahi,7th,93.8,1.7,68,40,71,179.0,PRIMARY,NO,PASS
4369,Fatema Sarker,18,Male,barisal,Eight,83.1,2.8,51,49,76,176.0,Unknown,n/a,FAIL
STU-05536,Sabbir Akter,16,M,rajshahi,10th,74.9,4.2,37,63,62,162.0,Illiterate,no,FAIL
2187,Farhan Rahman,11,Other,Barisal,Seven,76.5,,54,90,70,214.0,GRADUATE,Yes,pass
6479,Nadia Ahmed,11,female,barisal,Ten,206.7,3.1,69,58,36,163.0,GRADUATE,NO,Fail
3417,Riya Talukder,14,O,barisal,9,74.3,4.8,96,78,65,239.0,unknown,yes,
5517,Sadia Talukder,15,Female,barisal,6th,69.2,5.5,56,42,38,136.0,Graduate,Y,Fail
2947,Arif Ahmed,16,O,Dhaka ,Nine,88.5,1.5,36,80,32,148.0,Illiterate,yes,PASS
STU-01377,Rakib Islam,13,female,Rajshahi,10,86.5,2.0,67,32,95,194.0,Unknown,0,FAIL
5965,Mim Islam,17,MALE,SYLHET,7th,93.8,3.0,82,60,51,193.0,N/A,,pass
4906,Shila Sarker,12,male,rangpur,9th,104.0,6.7,76,53,45,174.0,,n/a,PASS
6719,Farhan Das,13,Other,mymensingh,6,84.0,4.0,97,30,85,212.0,secondary,N,pass
58,Bristi Talukder,11,O,  Dhaka,8,72.4,4.4,45,90,291,426.0,Illiterate,yes,PASS
5349,Lima Chowdhury,11,Female,chittagong,8,83.4,3.4,59,84,59,,unknown,NO,F
8145,Shila Islam,14,O,sylhet,8th,87.0,4.0,30,70,88,188.0,PRIMARY,YES,pass
5922,Sadia Khan,12,FEMALE,,8,85.7,0.8,71,87,61,219.0,secondary,NO,F
6070,Rakib Talukder,12,male,SYLHET,Seven,69.9,4.0,73,62,,135.0,secondary,1,F
2064,Lima Islam,18,FEMALE,Barisal,8,83.8,4.1,98,72,30,200.0,postgraduate,Yes,Fail
7495,Momo Rahman,11,Male,sylhet,Ten,68.7,6.5,34,absent,61,95.0,Higher Secondary,NO,fail
6137,Hasan Sarker,13,Female,Sylhet,Eight,86.6,1.6,60,56,72,188.0,higher secondary,,FAIL
9766,Priya Islam,11,Female,rangpur,Nine,91.2,5.6,66,90,74,230.0,Secondary,n/a,P
3225,Hasan Akter,15,male,Dhaka,8th,94.5,2.3,79,34,83,196.0,unknown,no,Pass
4117,Farhan Ahmed,16,,Mymensingh,9th,72.7,2.3,43,95,74,212.0,secondary,No,PASS
2371,Kabir Das,13,Female,rangpur,10th,87.5,3.1,84,70,49,203.0,secondary,n/a,fail
6046,Ayesha Ahmed,18,,Ctg,9,77.4,3.1,70,41,31,142.0,Primary,0,F
4113,Shila Ahmed,18,other,Rajshahi,Eight,78.2,0.2,57,50,37,144.0,graduate,NO,
7252,Zayed Talukder,13,Female,Rangpur,10th,68.5,4.3,68,72,66,206.0,primary,no,pass
2277,Rafi Islam,18,Female,mymensingh,Nine,72.0,2.5,86,97,60,243.0,Secondary,n/a,fail
8763,Karim Hossain,16,,CHATTOGRAM,8,68.9,5.3,47,58,86,191.0,secondary,n/a,Fail
1794,Rupa Akter,18,male,  Dhaka,9,,4.9,67,73,86,226.0,Higher Secondary,no,Pass
5858,Momo Akter,15,F,Dhaka,7,83.1,2.7,65,64,88,217.0,higher secondary,NO,
8067,Rafi Talukder,18,male,Rangpur,7,93.4,4.7,60,64,73,197.0,primary,0,fail
2266,Sadia Chowdhury,-6,FEMALE,rangpur,Nine,84.6,3.4,67,93,73,,primary,NO,pass
4114,Anik Chowdhury,14,F,Khulna,06,75.0,2.6,80,30,92,202.0,Higher Secondary,Yes,
6205,Ayesha Ahmed,18,O,Mymensingh,6,69.3,1.6,77,,75,152.0,primary,No,fail
9635,Rupa Ahmed,13,Other,Rajshahi,8th,63.7,1.9,70,51,90,211.0,GRADUATE,No,FAIL
3185,Karim Ahmed,17,FEMALE,rajshahi,Nine,72.5,2.9,61,37,59,157.0,Post Graduate,NO,PASS
42,Tamim Talukder,13,,Rajshahi ,9,99.8,3.6,46,73,59,178.0,secondary,NO,Pass
5118,Karim Chowdhury,13,FEMALE,mymensingh,9,76.9,2.9,114,81,69,264.0,Unknown,yes,Fail
839,Rupa Hossain,12,FEMALE,SYLHET,10th,100.7,3.1,93,72,46,211.0,primary,1,fail
5780,Rahim Chowdhury,17,M,Chittagong,10th,77.2,3.9,65,97,89,251.0,N/A,no,P
5642,Rafi Hossain,12,female,rangpur,8,96.3,0.5,97,40,73,210.0,PRIMARY,1,pass
2183,Rafi Islam,12,Other,KHULNA ,Seven,81.7,2.2,74,87,48,209.0,Graduate,No,P
1730,Shila Islam,13,O,Rangpur,Ten,72.8,,85,67,50,202.0,GRADUATE,0,pass
4684,Sadia Das,11,other,Rangpur,10th,93.2,0.2,74,-3,94,165.0,Post Graduate,0,FAIL
8481,Sohan Islam,17,Female,Sylhet,8,85.1,6.1,73,58,86,217.0,secondary,1,F
STU-08024,Rakib Chowdhury,15,F,dhaka,7th,82.9,5.6,56,42,81,179.0,graduate,No,pass
3759,Jannat Ahmed,13,M,Mymensingh,06,81.7,1.1,43,94,56,193.0,,no,pass
8518,Anik Talukder,16,F,rajshahi,7th,84.2,4.4,48,87,36,171.0,,Y,Pass
2971,Imran Islam,16,other,barisal,Ten,87.6,2.5,87,66,81,234.0,graduate,0,P
5251,Rafi Khan,18,FEMALE,sylhet,8th,89.2,1.0,41,43,,84.0,postgraduate,0,Fail
3191,Karim Islam,18,Other,mymensingh,Seven,97.1,3.2,87,31,54,172.0,postgraduate,YES,pass
9177,Nusrat Khan,17,male,dhaka,9th,72.4,0.9,84,88,49,,Higher Secondary,N,fail
2080,Sohan Akter,13,FEMALE,Rangpur,Seven,72.1,1.1,46,65,50,161.0,Post Graduate,No,FAIL
6086,Riya Hossain,13,M,KHULNA ,Seven,89.3,1.8,59,39,53,151.0,Illiterate,Y,Fail
1765,Nadia Talukder,12,,Rajshahi ,7,103.1,3.6,79,94,49,222.0,PRIMARY,Y,FAIL
4810,Bristi Rahman,18,FEMALE,Rangpur,8,85.9,4.0,79,39,87,205.0,illiterate,1,FAIL
6026,Bristi Talukder,14,female,  Dhaka,9th,94.0,4.1,58,46,62,166.0,Primary,Y,Pass
3538,Sohan Hossain,16,Female,dhaka,7,93.0,3.2,54,96,84,234.0,Secondary,0,pass
196,Riya Das,13,F,Khulna,7th,83.2,1.8,67,34,77,178.0,,NO,fail
2017,Tanvir Khan,13,O,Rajshahi,9,215.4,4.0,82,47,absent,129.0,Graduate,NO,
6059,Karim Akter,16,,khulna,Seven,82.0,2.1,42,89,43,174.0,Illiterate,no,PASS
1448,Nadia Sarker,11,M,rangpur,7th,84.4,0.4,,93,208,301.0,N/A,NO,
4265,Tamim Rahman,14,male,Chattogram,Eight,81.2,3.0,85,68,,153.0,graduate,N,P
94,Riya Islam,12,Other,dhaka,7,50.2,2.6,32,79,41,152.0,primary,Yes,Fail
2327,Tamim Rahman,15,female,Chattogram,9th,76.3,4.7,46,36,85,167.0,higher secondary,Y,Fail
1645,Kabir Akter,fifteen,,Barisal,8,79.7,1.4,73,89,92,254.0,PRIMARY,yes,Pass
9261,Arif Hossain,18,other,KHULNA ,9th,88.6,3.3,,66,53,119.0,N/A,no,PASS
3152,Jannat Islam,11,Male,Mymensign,9th,76.8,3.2,69,53,41,error,GRADUATE,No,P
6024,Nadia Sarker,16,M,KHULNA ,Nine,96.4,3.9,35,99,32,166.0,,0,PASS
3412,Mitu Sarker,12,MALE,Barishal,06,73.9,2.1,97,81,97,275.0,,Yes,fail
STU-00773,Sabbir Talukder,17,F,KHULNA ,7,90.0,2.5,74,73,94,241.0,Unknown,0,
6356,Imran Talukder,15,FEMALE,Rangpur,Nine,78.4,2.2,69,33,53,155.0,illiterate,n/a,pass
STU-02623,Imran Sarker,12,male,Rajshahi,9,70.0,1.9,88,43,76,207.0,Primary,yes,
5129,Momo Sarker,17,Female,sylhet,6th,85.3,2.7,74,62,34,170.0,primary,no,fail
4130,Priya Akter,13,MALE,sylhet,8th,80.2,3.8,35,98,87,220.0,Higher Secondary,no,Pass
1988,Lima Ahmed,15,male,rajshahi,8,83.1,4.6,33,72,71,176.0,Post Graduate,n/a,Fail
475,Imran Sarker,18,Female,Khulna,Eight,84.0,0.5,73,33,38,144.0,illiterate,NO,FAIL
3154,Momo Islam,11,Female,Rajshahi,8th,75.5,3.0,92,129,30,251.0,illiterate,n/a,
3466,Mim Das,12,male,KHULNA ,6,83.8,2.7,36,85,,121.0,unknown,YES,F
398,Rupa Das,15,M,sylhet,06,81.9,1.9,,93,91,184.0,Unknown,Yes,P
9718,Mitu Islam,13,male,KHULNA ,10,83.0,3.7,76,91,45,212.0,Graduate,Y,F
2944,Arif Hossain,11,other,rangpur,7th,79.0,-0.1,87,92,45,224.0,Higher Secondary,1,P
4466,Zayed Islam,18,female,sylhet,10th,83.4,2.4,30,59,49,138.0,Post Graduate,N,fail
6665,Rafi Islam,13,,mymensingh,Seven,83.8,6.0,69,54,71,194.0,Secondary,No,fail
5853,Rakib Das,16,O,rajshahi,Eight,86.6,5.4,34,30,39,103.0,Graduate,1,Pass
2237,Imran Das,14,FEMALE,rangpur,9,85.6,3.5,47,49,40,136.0,secondary,No,F
9652,Momo Talukder,18,Male,Sylhet,10,87.8,2.0,42,37,absent,79.0,Primary,No,Pass
9156,Sabbir Chowdhury,13,O,Rajshahi ,8,77.5,2.9,61,47,71,179.0,Post Graduate,,PASS
2048,Tanvir Sarker,15,female,chittagong,9,101.9,2.0,80,48,81,209.0,illiterate,1,Fail
8268,Sadia Hossain,18,other,Dacca,Nine,89.9,5.4,45,88,141,274.0,unknown,Y,P
9112,Fatema Hossain,16,,,Seven,97.3,2.0,73,65,63,201.0,Primary,Yes,fail
5892,Hasan Hossain,12,Female,rangpur,Ten,,4.9,54,60,39,153.0,higher secondary,Yes,P
8243 ,Kabir Sarker,11,Other,SYLHET,Nine,98.8,2.1,32,43,74,149.0,Illiterate,Y,P
1766,Momo Sarker,14,M,KHULNA ,9,98.4,0.4,76,35,89,200.0,secondary,0,Fail
STU-04813,Rafi Ahmed,15,M,Barishal,8,86.4,3.0,34,81,46,161.0,Higher Secondary,1,P
3217,Mitu Akter,15,male,Khulna,Nine,86.1,4.5,30,30,74,134.0,GRADUATE,,pass
6330,Ayesha Khan,17,female,Mymensingh,8th,N/A,4.1,30,,93,123.0,,YES,fail
2221 ,Kabir Akter,12,Other,KHULNA ,Eight,99.2,2.2,89,48,67,204.0,primary,,Fail
1690,Jannat Rahman,12,Female,Mymensingh,Nine,78.8,2.9,79,49,65,193.0,secondary,0,Fail
6741,Riya Khan,12,O,Barishal,7,81.3,4.4,75,41,38,154.0,secondary,N,PASS
STU-06842,Hasan Talukder,14,F,,Nine,85.7,3.9,71,71,36,178.0,GRADUATE,yes,P
STU-07616,Arif Islam,12,M,rangpur,Nine,101.3,2.4,35,49,53,137.0,primary,1,P
6200,Imran Khan,17,other,Rajshahi ,Nine,79.1,2.5,80,30,35,145.0,unknown,no,F
6117,Karim Rahman,17,Male,Mymensign,9th,89.5,2.3,30,31,71,132.0,N/A,0,pass
3139,Fatema Das,18,O,khulna,7th,98.7,2.8,38,56,85,179.0,unknown,Y,PASS
STU-08424,Rakib Khan,14,,Barishal,9,88.4,,,73,60,133.0,Secondary,no,Fail
STU-09464,Karim Talukder,14,Female,SYLHET,7th,85.9,2.9,41,48,88,177.0,GRADUATE,Yes,
1239,Momo Das,17,,chittagong,06,86.8,2.4,52,92,90,234.0,secondary,0,pass
7658,Fatema Sarker,15,male,Barisal,8,74.8,4.5,32,37,54,123.0,graduate,Y,
9083,Arif Hossain,17,MALE,Rajshahi,Nine,83.6,4.5,66,96,48,210.0,postgraduate,,Fail
8828,Priya Talukder,16,female,sylhet,9th,86.2,2.1,36,78,92,206.0,Primary,No,PASS
2514,Fatema Akter,,FEMALE,Chattogram,Seven,70.7,2.0,55,73,96,224.0,,yes,
8344,Imran Ahmed,14,O,Mymensign,8th,76.1,4.8,40,61,43,144.0,higher secondary,YES,
2463,Ayesha Sarker,14,other,Dhaka ,7th,80.2,3.0,69,68,57,194.0,Post Graduate,yes,PASS
9540,Tanvir Das,13,O,rangpur,7th,96.9,5.0,86,75,41,202.0,GRADUATE,No,fail
1837,Rafi Hossain,18,Other,dhaka,7th,-7.8,3.4,51,,48,99.0,Primary,YES,FAIL
9241,Sabbir Talukder,12,other,Barisal,6th,90.1,2.9,71,79,80,230.0,Primary,Y,FAIL
7356,Rahim Ahmed,16,Female,Mymensingh,7th,80.2,2.9,30,99,51,180.0,Post Graduate,no,P
5799,Anik Sarker,17,F,Rajshahi,6th,86.2,2.5,58,52,88,198.0,Illiterate,0,FAIL
161,Arif Sarker,13,MALE,khulna,Nine,94.7,3.0,43,38,69,150.0,N/A,N,fail
3633,Ayesha Chowdhury,12,Female,sylhet,8th,71.8,2.8,97,91,65,253.0,Secondary,NO,P
8661,Fatema Rahman,12,,rangpur,Nine,79.3,1.0,68,37,56,161.0,unknown,YES,PASS
1972,Mitu Talukder,18,F,SYLHET,9,81.9,4.6,96,70,89,255.0,Primary,NO,FAIL
9780,Tamim Khan,18,Female,chittagong,8,85.8,6.2,94,76,94,264.0,higher secondary,No,F
3931,Anik Islam,12,Male,CHATTOGRAM,Eight,86.3,2.7,43,40,39,122.0,Post Graduate,NO,Pass
3861,Bristi Hossain,14,other,Khulna,10th,70.1,4.2,40,60,66,166.0,Primary,no,
4546,Sadia Sarker,17,other,Barishal,9th,75.6,4.1,45,80,96,221.0,Illiterate,Y,pass
7425,Lima Talukder,14,O,KHULNA ,Eight,91.9,2.6,68,39,80,187.0,,yes,Pass
3092,Karim Khan,11,other,Barisal,Ten,,2.0,41,45,77,163.0,Unknown,0,FAIL
5371,Momo Das,14,O,Rangpur,9,95.3,3.8,54,46,57,157.0,Secondary,0,F
5829,Shila Chowdhury,18,Other,sylhet,8,73.8,0.7,89,77,52,218.0,N/A,Yes,
7876,Tamim Sarker,17,M,Rajshahi ,Six,82.8,4.0,43,30,98,171.0,graduate,No,F
3557,Sadia Sarker,12,male,Sylhet,9,98.5,2.9,35,97,43,175.0,Higher Secondary,N,PASS
9255,Riya Ahmed,11,,Dhaka,Nine,85.6,2.1,42,35,96,173.0,primary,0,
5311,Farhan Islam,18,Other,rajshahi,10,97.9,3.4,70,92,98,260.0,PRIMARY,0,pass
4323,Nadia Das,18,other,Rajshahi,7th,78.4,1.8,81,76,88,245.0,Primary,,Pass
9280,Momo Das,15,F,Chittagong,7,106.0,3.6,76,41,66,183.0,PRIMARY,No,pass
445,Arif Khan,16,Male,Ctg,8th,68.9,1.9,63,68,96,227.0,N/A,YES,P
641,Rupa Khan,14,MALE,barisal,6th,97.2,2.3,-11,72,46,107.0,graduate,Y,
3372,Hasan Akter,16,Female,Ctg,10,60.7,3.4,65,36,52,153.0,unknown,Yes,PASS
3257,Fatema Das,14,F,Mymensingh,Nine,81.4,1.1,68,95,37,200.0,Illiterate,yes,Pass
3887,Momo Sarker,17,FEMALE,Khulna,6th,93.6,3.8,67,63,74,204.0,illiterate,n/a,
2607,Arif Talukder,11,M,Mymensign,9th,74.6,3.3,34,91,34,159.0,Post Graduate,,fail
3488,Rupa Ahmed,15,female,sylhet,7th,77.5,4.0,39,45,45,129.0,illiterate,0,Pass
2922,Rafi Hossain,17,Male,Barisal,9,90.0,3.1,75,83,63,221.0,Primary,No,F
1154,Lima Rahman,11,O,barisal,9,86.8,4.3,39,89,31,159.0,PRIMARY,NO,PASS
3586,Nadia Talukder,15,male,Mymensign,9th,-26.4,1.7,70,90,84,244.0,graduate,,
3589,Tanvir Rahman,17,female,Chittagong,Nine,83.9,5.3,87,98,93,278.0,unknown,No,PASS
3422,Sohan Talukder,15,M,Mymensingh,Nine,98.1,1.2,51,84,46,181.0,Illiterate,0,pass
3199,riya akter,11,O,mymensingh,Seven,89.2,2.8,48,82,92,222.0,N/A,yes,F
8372,Farhan Das,11,O,SYLHET,9th,75.8,1.8,80,56,absent,136.0,postgraduate,,fail
5341,Nusrat Talukder,13,O,Chattogram,6th,92.2,5.4,70,225,73,368.0,graduate,No,fail
1182,Sohan Islam,14,male,rangpur,9,68.7,1.6,44,57,52,153.0,unknown,no,P
4832,Rafi Akter,16,FEMALE,chittagong,8th,87.8,2.4,96,96,81,273.0,Secondary,No,Pass
7580,sabbir khan,11,O,chittagong,8,,2.0,44,72,41,157.0,Primary,no,fail
5267,Zayed Chowdhury,15,female,Sylhet,10th,80.4,-0.2,97,46,66,209.0,unknown,YES,F
322,Farhan Sarker,13,O,KHULNA ,Nine,87.9,0.4,42,31,58,131.0,primary,N,P
7413,Imran Chowdhury,14,F,mymensingh,6th,86.1,4.5,34,99,47,180.0,Secondary,NO,
8740,Rupa Akter,14,Male,rangpur,8,85.3,2.4,80,64,33,177.0,Primary,,P
3819,Momo Ahmed,14,FEMALE,CHATTOGRAM,10th,93.6,5.1,65,35,66,166.0,secondary,Y,FAIL
6375,Anik Akter,11,male,rangpur,8,73.2,1.0,64,40,97,201.0,N/A,Y,Fail
4225,Rakib Rahman,11,male,Dhaka,10th,80.1,0.2,50,,96,146.0,secondary,0,F
637,Mitu Khan,18,M,Rangpur,Eight,86.4,-0.2,44,81,82,207.0,unknown,n/a,Pass
2469,Jannat Rahman,12,F,Rajshahi ,9,81.9,3.7,71,83,96,error,higher secondary,YES,FAIL
2385,Sadia Hossain,16,M,mymensingh,Eight,67.5,4.7,45,54,68,148.0,Primary,YES,pass
7452,Sadia Hossain,18,Female,barisal,Nine,82.2,-4.4,31,70,85,186.0,graduate,n/a,Pass
280,Arif Sarker,15,Male,Dacca,7th,71.4,2.7,272,31,64,367.0,Illiterate,n/a,pass
9286,Tamim Ahmed,13,F,Dhaka ,7,88.3,3.0,82,44,57,183.0,postgraduate,No,Fail
8003,Tamim Islam,12,FEMALE,KHULNA ,9,199.3,2.2,70,84,57,211.0,illiterate,0,Fail
7320,,13,Female,CHATTOGRAM,9,74.4,3.5,85,64,48,197.0,Secondary,YES,P
2798,Priya Akter,11,female,Mymensingh,7th,84.2,3.0,31,83,64,178.0,unknown,1,Pass
1821,Sabbir Hossain,14,male,rajshahi,Ten,75.3,3.0,63,62,79,204.0,illiterate,no,F
9296,Riya Akter,16,female,Barishal,10,67.9,0.6,82,48,63,193.0,postgraduate,0,P
7157,Karim Khan,16,male,khulna,10,84.4,0.8,65,33,42,140.0,Graduate,yes,P
9279,Tamim Chowdhury,17,,DHAKA,10th,76.7,5.5,99,50,61,210.0,Post Graduate,,FAIL
1144,Shila Das,11,Male,rajshahi,8th,56.2,3.1,42,62,34,138.0,GRADUATE,0,F
1295,Arif Das,13,female,rangpur,Ten,71.1,2.3,48,75,78,202.0,higher secondary,No,
9726,Ayesha Rahman,11,female,SYLHET,06,92.3,4.9,65,81,74,220.0,GRADUATE,Yes,FAIL
7715,Farhan Rahman,13,MALE,Chittagong,8th,90.3,3.5,51,92,53,196.0,Higher Secondary,NO,
5503,Rakib Rahman,14,F,Rajshahi ,7,89.4,4.1,89,87,96,272.0,primary,1,F
914,Imran Hossain,14,MALE,Rajshahi,7th,77.6,20.2,31,78,60,169.0,Primary,Y,Pass
3700,Tanvir Hossain,15,Male,Rajshahi ,06,80.8,3.3,95,46,33,174.0,graduate,n/a,FAIL
6688,Ayesha Hossain,18,male,rangpur,6th,76.0,6.3,74,48,82,204.0,GRADUATE,YES,Fail
2841,Imran Talukder,fifteen,,Chattogram,7th,71.2,2.4,54,46,68,168.0,Primary,NO,Fail
9415,Kabir Ahmed,18,male,Barisal,Nine,112.2,3.4,80,84,86,250.0,Primary,n/a,
STU-00121,Sabbir Ahmed,15,MALE,KHULNA ,Ten,92.6,3.0,32,62,35,129.0,Primary,n/a,P
4073,Rakib Talukder,15,M,SYLHET,9,83.6,1.8,97,91,87,275.0,primary,n/a,Pass
2436,Sohan Ahmed,17,Other,SYLHET,7,97.8,7.3,70,51,56,error,Illiterate,NO,PASS
1587,Riya Hossain,18,Female,Mymensingh,7,92.5,2.9,96,48,83,227.0,illiterate,no,fail
8581,Rakib Chowdhury,17,Male,Mymensingh,9,-39.1,1.9,67,42,44,153.0,unknown,n/a,
7596,Anik Khan,11,Female,barisal,10,89.0,5.3,81,40,64,185.0,higher secondary,yes,Pass
4134,Jannat Talukder,18,F,Rangpur,Nine,98.9,5.6,99,75,45,219.0,higher secondary,n/a,FAIL
7637,Lima Chowdhury,,O,Barishal,Nine,77.6,3.6,,78,47,125.0,PRIMARY,N,F
4514,Karim Ahmed,15,male,khulna,7th,85.5,4.5,35,38,44,117.0,N/A,yes,P
112,Mitu Talukder,15,,Ctg,8,101.9,4.3,96,47,63,206.0,Post Graduate,Yes,Fail
1247,Rafi Talukder,18,Female,chittagong,Ten,95.9,2.2,53,55,74,,N/A,0,FAIL
3656,Ayesha Das,15,Male,Ctg,06,85.1,2.7,51,39,50,140.0,Post Graduate,No,FAIL
STU-09588,Mim Talukder,15,Male,Sylhet,9,87.5,4.2,52,89,47,188.0,illiterate,1,F
3227,Zayed Islam,16,Male,Barishal,6th,96.8,5.0,64,89,91,244.0,secondary,n/a,fail
1245,Lima Hossain,13,Other,rajshahi,7th,96.5,1.6,67,55,80,202.0,higher secondary,0,PASS
2582 ,Mim Khan,17,FEMALE,Rangpur,10th,74.0,3.4,,63,96,159.0,Primary,no,PASS
4342,Riya Islam,14,O,Mymensign,9,103.7,1.7,63,254,48,365.0,Secondary,1,fail
7557,Shila Das,18,O,KHULNA ,9th,88.1,3.1,57,75,93,225.0,GRADUATE,Yes,PASS
7400,Kabir Akter,12,other,barisal,Eight,100.3,0.8,64,167,39,270.0,Higher Secondary,1,pass
1848,Riya Talukder,12,male,Mymensingh,7th,91.9,2.3,90,56,69,215.0,Post Graduate,Y,FAIL
3620,Fatema Sarker,11,F,khulna,10,81.0,2.5,93,73,58,224.0,Illiterate,0,P
9712,Momo Ahmed,18,male,Dacca,7th,67.2,2.5,32,92,51,175.0,Primary,yes,
1296,Ayesha Akter,16,,Barishal,7,80.4,3.2,73,45,41,159.0,Higher Secondary,NO,FAIL
6498,Nadia Hossain,17,Female,Dacca,Six,79.6,2.8,,42,,42.0,postgraduate,n/a,
9843,Shila Hossain,11,other,Dhaka,8,107.3,3.8,95,54,33,182.0,,,Fail
2772,Sadia Rahman,12,MALE,mymensingh,Nine,79.1,3.1,33,31,30,94.0,Higher Secondary,1,Pass
3429,Sabbir Sarker,12,Female,Dhaka ,Seven,,1.6,79,51,69,199.0,primary,N,
4290,Zayed Ahmed,13,Female,barisal,8th,86.9,3.5,49,53,86,188.0,graduate,n/a,F
1727,Riya Khan,18,Other,CHATTOGRAM,10,75.0,2.2,43,56,60,159.0,Illiterate,1,PASS
4443,Rakib Sarker,17,F,mymensingh,8th,68.2,7.0,85,80,79,244.0,secondary,Y,Pass
9320,Farhan Talukder,16,Female,Barishal,Ten,77.8,3.5,45,35,36,116.0,Unknown,YES,pass
9654,Nadia Chowdhury,17,MALE,Barishal,8th,95.3,2.9,91,48,47,186.0,Unknown,YES,FAIL
36,Rafi Chowdhury,18,Female,rajshahi,7th,87.9,1.9,47,95,83,225.0,GRADUATE,NO,pass
3837,Sohan Chowdhury,12,female,rajshahi,06,81.8,6.2,93,38,73,204.0,Secondary,NO,PASS
3445,Nusrat Akter,16,Other,rajshahi,7,77.8,2.2,84,98,30,212.0,Unknown,yes,pass
4728,Lima Islam,11,Male,Khulna,Eight,74.3,1.2,73,80,50,203.0,secondary,YES,P
1722,Nadia Rahman,15,FEMALE,KHULNA ,7,100.8,0.8,48,97,-20,125.0,graduate,Yes,P
7949,Ayesha Talukder,16,male,mymensingh,Ten,83.3,7.0,72,37,91,200.0,postgraduate,NO,Fail
9399,Sohan Talukder,15,FEMALE,rangpur,7th,77.4,0.7,85,33,60,178.0,PRIMARY,Y,pass
2130,Arif Sarker,15,Male,rangpur,Seven,100.6,3.8,98,43,63,204.0,primary,Yes,F
849,Farhan Hossain,14,Female,chittagong,9th,69.3,3.5,92,71,80,243.0,PRIMARY,0,FAIL
6506,Arif Islam,11,Female,Khulna,Nine,84.6,2.1,66,-14,73,125.0,PRIMARY,n/a,fail
STU-01633,Rahim Chowdhury,18,female,Mymensign,06,93.5,0.5,34,36,80,150.0,illiterate,n/a,F
1395,Fatema Talukder,18,O,mymensingh,9th,83.8,0.6,68,52,97,217.0,secondary,1,F
4302,Zayed Ahmed,11,,Barishal,Ten,92.0,5.0,83,36,56,175.0,Higher Secondary,yes,pass
3534,Rakib Rahman,,,khulna,8th,201.8,3.3,97,33,30,160.0,N/A,yes,P
1619,Shila Chowdhury,12,male,,Seven,91.3,3.1,86,56,83,225.0,primary,NO,F
5076,Farhan Chowdhury,14,F,khulna,6th,76.8,3.4,80,,51,131.0,GRADUATE,,
2993 ,Mitu Akter,12,Other,Mymensign,Eight,88.3,4.0,82,83,76,241.0,GRADUATE,,pass
1896,Shila Das,11,male,barisal,7th,83.0,2.5,79,39,50,168.0,PRIMARY,Yes,FAIL
1543,Ayesha Hossain,15,M,rajshahi,9th,69.7,5.3,49,62,36,147.0,unknown,no,pass
680,Farhan Ahmed,12,O,Barisal,9,84.1,3.6,70,34,61,165.0,postgraduate,no,F
1728,Imran Khan,16,O,mymensingh,10,85.9,2.6,73,97,77,247.0,PRIMARY,N,P
3812,Kabir Chowdhury,12,O,KHULNA ,9,82.1,4.5,61,65,48,174.0,graduate,0,FAIL
7647,Bristi Das,15,male,sylhet,6th,66.6,3.1,80,48,65,193.0,secondary,yes,
9660,Fatema Talukder,13,Female,KHULNA ,7th,70.6,2.9,87,67,86,240.0,Illiterate,No,pass
628 ,Zayed Akter,15,FEMALE,,9,93.5,2.7,67,91,86,244.0,N/A,yes,PASS
6702,Farhan Akter,11,female,Mymensingh,10th,83.1,5.4,36,37,62,135.0,N/A,NO,Pass
737,Sadia Rahman,15,,barisal,10th,102.3,3.3,42,83,86,211.0,Post Graduate,1,P
7650,Karim Khan,14,Other,chittagong,06,82.7,3.1,50,33,51,134.0,graduate,NO,FAIL
5084,Priya Talukder,11,F,Rangpur,Ten,87.8,3.0,80,44,76,200.0,higher secondary,n/a,F
8645,Priya Akter,14,MALE,rangpur,10th,79.7,3.4,98,33,49,180.0,,YES,fail
3402,Rahim Das,13,male,dhaka,10th,77.6,2.2,-36,67,32,63.0,,N,fail
3816,Lima Ahmed,11,male,barisal,6th,85.4,3.2,82,38,34,154.0,,N,
8393,Rakib Khan,16,,Mymensign,9,112.4,4.7,56,88,38,182.0,Post Graduate,N,P
5095,Priya Hossain,12,FEMALE,Khulna,8,87.6,4.8,75,60,92,227.0,Primary,no,Fail
449,Fatema Hossain,18,female,mymensingh,9th,106.9,1.1,83,81,49,213.0,N/A,N,
208,Priya Das,14,O,Dhaka,9th,86.3,1.9,94,51,,145.0,Illiterate,0,
5202,Momo Islam,11,Male,Rajshahi,8,75.4,1.9,47,64,77,188.0,Post Graduate,NO,F
STU-05139,Farhan Khan,11,FEMALE,  Dhaka,Nine,86.5,2.5,61,45,31,137.0,graduate,n/a,F
4976,Ayesha Rahman,16,,rangpur,8th,83.5,1.5,30,34,35,99.0,postgraduate,,Fail
982,Bristi Islam,12,MALE,Dhaka,10th,72.3,3.5,66,52,70,188.0,Primary,Yes,
8144,Farhan Das,13,female,chittagong,8,69.5,3.6,36,90,82,208.0,Graduate,Yes,Fail
4751,Bristi Hossain,14,M,Rajshahi,9,85.8,2.5,98,58,47,203.0,Primary,N,Pass
6885,Hasan Islam,18,Female,Khulna,7,89.8,4.8,54,46,84,184.0,N/A,n/a,Fail
5528,Imran Rahman,15,other,chittagong,Ten,78.1,1.4,53,75,82,210.0,,0,fail
2981,Tamim Sarker,fifteen,FEMALE,chittagong,9,82.8,4.4,77,37,34,148.0,graduate,YES,
8361,Rahim Ahmed,15,O,khulna,10,88.2,2.7,81,86,93,260.0,N/A,YES,Pass
7006,Arif Sarker,18,Male,CHATTOGRAM,Eight,74.0,1.0,56,76,89,221.0,PRIMARY,N,Pass
7630,Sohan Sarker,15,FEMALE,khulna,Eight,64.2,2.9,44,71,88,203.0,primary,Y,F
9359,Imran Khan,18,F,Mymensign,8th,92.0,3.2,55,74,74,203.0,Graduate,N,P
5450,Sabbir Akter,17,MALE,mymensingh,Seven,78.7,2.5,56,72,74,202.0,Primary,no,Fail
4908,Arif Islam,11,F,Mymensingh,7,93.5,4.9,90,44,89,223.0,higher secondary,no,FAIL
9077,Riya Rahman,17,MALE,Mymensign,6,83.5,3.2,74,37,39,150.0,illiterate,no,fail
9178,Riya Talukder,14,O,khulna,9,,1.4,90,71,73,,GRADUATE,No,fail
8807,Jannat Ahmed,16,F,Rangpur,8th,89.3,0.2,93,43,66,202.0,PRIMARY,,
1267,Bristi Hossain,14,Female,Barisal,Seven,87.7,2.9,85,46,89,220.0,N/A,no,F
3477,Rakib Chowdhury,17,,SYLHET,8th,88.3,3.8,31,74,72,177.0,GRADUATE,No,P
2849,Shila Sarker,11,Other,Rajshahi ,8th,81.4,3.7,45,45,,90.0,postgraduate,Yes,Pass
7340,Riya Talukder,12,,mymensingh,8,82.3,5.0,97,57,33,,Unknown,no,pass
9239,Tamim Sarker,,M,Rajshahi,9th,92.5,0.7,97,96,33,226.0,Secondary,Y,FAIL
1771,,11,female,mymensingh,7th,85.3,2.7,51,42,45,138.0,PRIMARY,no,Fail
8044,Fatema Ahmed,12,other,khulna,10th,91.8,4.1,59,96,84,239.0,,No,FAIL
STU-04623,Nusrat Das,15,female,Rajshahi ,8th,90.7,3.9,61,59,94,225.0,Unknown,Y,F
2020,Tanvir Ahmed,13,MALE,chittagong,Nine,100.4,2.4,94,47,83,224.0,postgraduate,,Pass
5651,Jannat Hossain,14,male,rangpur,10th,74.3,,53,54,65,172.0,Primary,,
5100,Rafi Sarker,11,M,mymensingh,8,95.7,3.6,75,30,-9,96.0,Secondary,Y,pass
5186,Bristi Talukder,17,Male,sylhet,7th,84.6,3.3,67,44,38,149.0,higher secondary,no,
8460,Hasan Khan,16,MALE,Khulna,10,77.8,0.5,57,45,68,170.0,illiterate,Yes,Fail
2974,riya sarker,13,,sylhet,7th,78.5,2.1,30,88,33,151.0,Post Graduate,yes,pass
STU-07583,Mim Akter,15,O,sylhet,6,76.2,5.2,70,34,54,158.0,N/A,YES,fail
1586,Riya Rahman,18,Male,Sylhet,9th,92.2,5.7,44,absent,43,87.0,secondary,YES,pass
9706,Rupa Das,16,M,sylhet,10th,94.3,6.2,40,71,68,179.0,Graduate,Yes,FAIL
7716,Bristi Das,11,FEMALE,Ctg,Eight,71.0,-0.4,46,77,73,196.0,GRADUATE,YES,PASS
5460,Nusrat Sarker,17,MALE,Dhaka,8,70.4,2.0,82,39,92,213.0,Primary,0,Pass
9376,Hasan Akter,17,female,sylhet,8th,79.8,2.8,46,,92,138.0,primary,YES,PASS
8758,Nadia Hossain,16,other,Chattogram,9th,85.9,3.9,60,48,31,139.0,GRADUATE,N,PASS
1053,Tanvir Islam,17,male,Mymensingh,10,98.6,3.0,46,52,86,184.0,unknown,No,Pass
7693,Bristi Islam,17,Other,KHULNA ,7th,82.0,1.9,85,50,87,222.0,Primary,YES,Pass
6602 ,Nadia Ahmed,13,Male,Rangpur,Ten,95.2,2.2,57,54,94,205.0,higher secondary,n/a,Fail
4534,Mitu Islam,11,F,chittagong,06,81.5,1.4,36,79,39,154.0,Post Graduate,n/a,
6459,Farhan Khan,18,MALE,Mymensign,Eight,87.7,3.4,86,87,64,237.0,higher secondary,yes,F
3527,Rafi Sarker,17,F,barisal,Seven,82.6,4.0,74,66,98,238.0,unknown,YES,Fail
3050,Anik Akter,13,other,barisal,6,N/A,1.9,76,71,31,178.0,unknown,no,P
6792,Sohan Chowdhury,15,MALE,Sylhet,Seven,86.7,0.1,75,34,34,143.0,Secondary,no,
2109,Lima Sarker,14,F,Rajshahi,Nine,81.2,0.7,81,94,94,269.0,illiterate,yes,FAIL
1086,Mim Khan,12,MALE,Rajshahi,10th,85.5,-0.3,57,98,96,251.0,primary,YES,
8823,Riya Khan,13,FEMALE,Mymensign,6th,93.4,3.5,95,70,79,244.0,Graduate,Y,PASS
8193,Rakib Das,17,other,Dacca,10th,73.4,2.1,58,60,92,210.0,Secondary,Y,fail
767,Tanvir Rahman,16,female,Barishal,Seven,88.2,3.2,47,91,42,180.0,Higher Secondary,,pass
1747,Sabbir Hossain,13,,Khulna,7th,71.3,4.0,47,99,88,234.0,unknown,No,fail
7453,Rakib Sarker,18,other,mymensingh,9th,87.5,,31,254,48,,primary,,F
1009,Rahim Khan,16,female,sylhet,9,,1.9,81,66,37,184.0,Secondary,No,FAIL
5362,Riya Talukder,17,Male,Mymensign,9,91.9,3.9,96,77,49,222.0,Higher Secondary,,P
623,Mitu Khan,13,MALE,KHULNA ,9th,77.0,3.5,77,47,45,169.0,postgraduate,YES,P
7654,Bristi Ahmed,11,Male,Dhaka ,06,77.0,2.0,92,99,74,265.0,GRADUATE,,Pass
3929,Sadia Ahmed,17,Male,Barisal,Nine,100.8,4.1,33,38,98,169.0,Secondary,1,P
5768,Anik Khan,14,,chittagong,Seven,72.7,2.4,93,71,39,203.0,higher secondary,,FAIL
5278,Sabbir Rahman,18,,barisal,8,120.3,2.1,87,64,46,197.0,GRADUATE,N,pass
8673,Rupa Hossain,14,MALE,chittagong,7,93.2,21.2,75,32,32,139.0,N/A,Y,fail
5854,Rakib Talukder,12,other,,8th,83.9,3.9,87,72,58,217.0,higher secondary,Yes,PASS
4994,Imran Rahman,17,female,chittagong,6,72.7,3.6,-18,69,31,82.0,Secondary,no,P
3357,Arif Akter,17,M,chittagong,06,74.5,6.3,34,45,60,139.0,Higher Secondary,NO,PASS
3508,Lima Das,17,female,Rangpur,Seven,83.1,3.2,84,54,59,197.0,Graduate,0,PASS
4895,Rupa Ahmed,14,Female,rangpur,7,72.8,4.2,72,82,,154.0,higher secondary,n/a,pass
6147,Momo Talukder,13,Other,Dhaka,10,111.3,3.9,85,63,79,227.0,Secondary,NO,fail
6076,Anik Khan,16,Male,Rangpur,6,83.6,-4.4,45,80,58,183.0,Secondary,No,F
3431,Farhan Das,11,,,7,241.5,2.4,81,50,45,176.0,graduate,Yes,Fail
8616,Nusrat Ahmed,18,female,Rajshahi,Nine,84.7,4.2,45,42,89,176.0,primary,n/a,P
2792,Rafi Rahman,14,male,Mymensign,7th,87.4,3.2,52,99,84,235.0,Unknown,yes,FAIL
2622,Sabbir Islam,16,Male,Ctg,Seven,96.3,1.9,45,84,69,198.0,postgraduate,YES,FAIL
8283,Farhan Khan,18,other,Khulna,6,76.7,4.7,32,59,93,184.0,Unknown,,pass
7832,Mim Hossain,17,,Chittagong,10,72.7,3.8,,61,74,135.0,Secondary,1,FAIL
3616,Priya Akter,14,,mymensingh,6th,85.0,2.0,54,82,77,213.0,Primary,,Pass
4638,Farhan Chowdhury,179,MALE,Rangpur,9,85.2,2.0,75,52,65,192.0,,yes,pass
1963,Fatema Khan,15,,rajshahi,Seven,93.9,1.8,62,75,88,225.0,Primary,yes,P
6088,Nusrat Rahman,12,other,rajshahi,9,71.0,3.2,85,88,92,265.0,Secondary,YES,F
6112,Lima Ahmed,17,male,mymensingh,Ten,103.2,2.8,39,83,36,error,Post Graduate,n/a,fail
5378,Mitu Talukder,13,F,Khulna,8,90.7,3.9,62,95,52,209.0,primary,N,F
5155,Farhan Ahmed,13,other,Dhaka ,10th,76.6,2.7,46,34,90,170.0,N/A,yes,Fail
4061,Lima Sarker,11,male,khulna,Eight,-48.9,2.3,64,36,85,185.0,GRADUATE,,pass
5707,Rupa Islam,12,F,Chattogram,10,86.8,3.5,92,40,43,175.0,Graduate,no,Pass
4609,Kabir Khan,12,M,Dhaka ,Eight,76.6,4.1,70,83,59,212.0,GRADUATE,N,
6827 ,Tanvir Hossain,16,male,Mymensingh,Nine,105.1,4.8,95,47,58,200.0,Graduate,Y,fail
7445,Lima Sarker,17,F,sylhet,8,78.0,6.1,32,56,53,141.0,postgraduate,No,fail
3943,Nadia Rahman,12,O,Barishal,10,81.3,1.6,45,72,60,177.0,Graduate,Yes,P
9577,Anik Das,17,F,Khulna,Nine,89.1,5.8,96,48,-29,115.0,GRADUATE,N,P
6136,Shila Chowdhury,fifteen,female,SYLHET,Nine,,6.4,66,66,93,225.0,Higher Secondary,0,
692,Tamim Rahman,18,,DHAKA,Eight,97.1,1.1,81,66,58,205.0,Higher Secondary,N,pass
4823,Imran Rahman,11,male,Sylhet,9,88.0,6.6,31,93,54,178.0,unknown,No,
2480,Jannat Talukder,17,Male,Chittagong,10,94.0,2.3,70,91,81,242.0,higher secondary,No,fail
1456,Imran Ahmed,15,F,barisal,10th,85.6,2.0,90,73,75,238.0,postgraduate,Yes,fail
5415,Rupa Akter,14,Other,CHATTOGRAM,Nine,74.8,4.6,99,56,39,194.0,,NO,F
5772,Sabbir Khan,16,male,Rangpur,Seven,83.7,4.3,58,41,51,150.0,postgraduate,Yes,
5013,Kabir Islam,14,male,Barishal,Six,98.2,2.2,94,99,30,223.0,higher secondary,yes,pass
9453,Imran Rahman,12,other,KHULNA ,6,81.8,5.6,39,32,37,108.0,GRADUATE,n/a,pass
3979,Ayesha Khan,11,other,KHULNA ,6th,84.0,1.5,80,40,64,184.0,Post Graduate,n/a,
6859,Hasan Ahmed,fifteen,Male,KHULNA ,Seven,98.2,1.8,93,93,44,230.0,PRIMARY,Yes,fail
STU-05353,Lima Talukder,15,male,DHAKA,10,106.2,3.6,85,54,81,220.0,secondary,Yes,P
2027,Riya Sarker,13,F,Barishal,7th,95.8,2.9,40,31,97,168.0,illiterate,N,fail
6212,Momo Das,18,female,sylhet,7,,4.1,51,62,78,191.0,illiterate,N,FAIL
1601,Arif Talukder,11,male,KHULNA ,Nine,92.0,5.2,73,85,71,229.0,Post Graduate,,
9380,Anik Ahmed,11,Other,Barishal,6th,83.9,3.1,57,83,97,237.0,Secondary,,PASS
3342 ,Tamim Talukder,12,other,Khulna,10th,78.1,3.6,90,33,90,,illiterate,no,
1049,Sabbir Rahman,11,,  Dhaka,8th,90.8,2.4,38,,89,127.0,Graduate,yes,P
6315,Zayed Hossain,17,,Rangpur,8th,91.0,3.7,68,63,39,170.0,Primary,No,P
9306,Bristi Hossain,17,Other,Sylhet,Six,70.5,5.0,78,47,90,215.0,Higher Secondary,Yes,
6126 ,Sadia Khan,11,M,rajshahi,Seven,78.6,2.0,177,62,51,300.0,higher secondary,N,FAIL
6414,Rakib Das,18,FEMALE,Chittagong,Seven,96.3,1.7,81,42,82,205.0,secondary,0,P
5200,Farhan Khan,16,,Rangpur,Six,,2.7,38,39,81,158.0,Illiterate,,F
799,Mitu Das,12,F,Dacca,7,71.3,3.5,99,96,87,282.0,secondary,Yes,pass
3666,Karim Talukder,15,,Rajshahi ,Ten,86.2,-0.4,54,95,69,218.0,primary,No,PASS
2957,Sadia Rahman,17,FEMALE,DHAKA,7,83.1,2.2,45,32,,77.0,Higher Secondary,yes,PASS
8637,Rakib Akter,11,F,Khulna,6,95.1,2.8,36,78,60,174.0,GRADUATE,1,pass
4109,Ayesha Chowdhury,14,female,Mymensign,6th,104.7,1.2,50,76,30,156.0,postgraduate,N,F
2729,Fatema Islam,13,F,Rajshahi ,7th,76.3,-3.7,55,83,69,207.0,graduate,YES,P
1311,Priya Talukder,18,MALE,Barisal,10,68.3,3.3,56,74,33,163.0,GRADUATE,0,P
9528,Rakib Akter,13,Male,sylhet,Eight,72.0,4.9,50,62,55,167.0,Unknown,1,fail
1756,Ayesha Ahmed,18,MALE,Khulna,8,97.6,-1.2,99,80,82,261.0,illiterate,0,F
7796,Tanvir Islam,13,Female,Rajshahi ,7th,89.0,3.9,87,86,85,258.0,primary,0,P
5564,Nusrat Akter,15,FEMALE,rajshahi,10th,77.1,1.7,36,73,43,,GRADUATE,0,pass
3630,Fatema Talukder,11,FEMALE,Chattogram,8th,74.3,2.8,38,77,53,168.0,postgraduate,yes,Pass
6934,Priya Akter,12,male,rajshahi,Eight,91.4,2.9,64,68,76,208.0,higher secondary,yes,
1413,Riya Rahman,13,other,Chattogram,8,92.3,5.7,48,70,76,194.0,primary,NO,FAIL
7238,Ayesha Ahmed,13,male,Dhaka ,8th,83.1,5.2,42,97,98,223.0,graduate,NO,Fail
6221,Hasan Das,18,MALE,Mymensign,6th,80.9,-0.3,48,80,49,177.0,illiterate,No,FAIL
5475,Priya Khan,-19,FEMALE,Khulna,06,95.5,2.8,35,48,58,141.0,GRADUATE,N,P
9364,Rafi Rahman,16,Other,Dacca,Seven,81.9,3.2,63,74,61,198.0,Illiterate,No,PASS
1675,Lima Talukder,14,Female,Khulna,7,82.6,1.6,62,36,81,179.0,Higher Secondary,yes,fail
8622,Priya Ahmed,18,O,barisal,8th,89.9,2.0,93,93,89,275.0,Post Graduate,NO,
2940,Jannat Hossain,18,O,rajshahi,8,85.1,3.0,64,80,56,200.0,Higher Secondary,n/a,PASS
8420,Rafi Khan,17,MALE,chittagong,Eight,83.7,1.5,75,49,50,190.0,Secondary,N,fail
7298,Lima Hossain,15,Male,Khulna,9,78.3,1.9,92,39,76,207.0,graduate,Y,FAIL
4324,Nadia Akter,17,Female,Rajshahi,Nine,76.8,1.5,85,34,96,215.0,GRADUATE,,
6682,Hasan Talukder,16,Other,rajshahi,6,,24.1,57,50,40,147.0,primary,N,pass
5822,Momo Khan,13,FEMALE,Dhaka,10th,100.1,1.8,51,97,34,182.0,secondary,Yes,F
7449,Ayesha Ahmed,fifteen,Female,khulna,9th,64.7,-4.1,30,87,94,211.0,graduate,YES,fail
9556,Lima Sarker,15,other,Sylhet,Eight,69.0,2.9,-20,73,54,107.0,Unknown,,PASS
6752,Jannat Sarker,16,FEMALE,Sylhet,Ten,111.9,3.9,36,95,91,222.0,Secondary,Yes,Pass
8137,Zayed Chowdhury,15,M,Mymensign,Eight,81.6,2.2,43,59,59,161.0,secondary,yes,PASS
4221,Anik Khan,17,female,Rajshahi ,Nine,98.5,2.1,66,73,35,174.0,Secondary,,pass
2212 ,Sohan Ahmed,15,,Chittagong,Nine,112.2,,59,36,absent,95.0,N/A,No,P
9834,Farhan Chowdhury,13,female,  Dhaka,Nine,80.0,4.5,56,51,71,178.0,Graduate,n/a,Fail
7342,Farhan Khan,16,other,Chittagong,10th,,1.6,34,31,59,124.0,Graduate,NO,Fail
2076,Tanvir Talukder,17,O,Barishal,Nine,69.9,2.3,38,52,41,131.0,illiterate,Y,PASS
7675,Farhan Ahmed,17,,Mymensign,10th,76.4,,78,68,78,224.0,Illiterate,No,fail
7162,Rupa Islam,15,Other,rangpur,9,85.0,,40,80,88,208.0,Higher Secondary,0,Pass
8410,Hasan Hossain,13,Male,Mymensingh,6th,88.8,3.4,117,76,59,252.0,illiterate,Yes,F
4321,Rahim Talukder,13,Male,Barishal,9th,76.3,1.5,70,51,90,211.0,Illiterate,n/a,pass
9720,Ayesha Ahmed,11,MALE,CHATTOGRAM,7,78.4,3.2,63,66,63,192.0,unknown,NO,F
5789,Shila Talukder,11,FEMALE,Rangpur,Eight,85.2,2.7,34,41,58,133.0,Secondary,1,fail
8064,Arif Ahmed,11,Female,,6,78.6,4.3,89,30,83,202.0,primary,no,P
7790,Sadia Sarker,16,F,Barishal,7,71.1,4.6,89,51,75,215.0,Graduate,YES,PASS
1563,Rakib Talukder,18,male,  Dhaka,6th,78.9,3.0,42,74,94,210.0,N/A,0,F
STU-09789,Sadia Das,15,FEMALE,Dhaka,6,74.6,4.4,36,80,,116.0,GRADUATE,,P
7292,Ayesha Ahmed,13,FEMALE,Ctg,10,96.2,-0.1,83,77,78,238.0,higher secondary,1,PASS
3463,Sadia Islam,15,O,SYLHET,7,96.2,2.4,83,60,70,229.0,postgraduate,n/a,F
2498,Imran Talukder,18,female,Dhaka,Seven,82.4,3.0,41,89,81,211.0,postgraduate,YES,FAIL
STU-04375,Ayesha Das,11,Other,Rajshahi,10th,76.8,-2.6,50,43,63,156.0,unknown,yes,F
9251,Mim Ahmed,11,FEMALE,Rajshahi,10,88.4,0.1,47,41,57,,Post Graduate,1,pass
1823,Nusrat Talukder,17,male,rajshahi,9th,92.5,2.8,45,61,95,201.0,illiterate,yes,fail
6099,Rakib Rahman,15,MALE,Rangpur,7,105.6,1.8,83,56,65,204.0,N/A,No,
314,Ayesha Khan,12,other,Rangpur,9th,91.1,5.0,95,79,96,270.0,Illiterate,No,F
438,Ayesha Ahmed,15,FEMALE,Rajshahi ,Six,107.4,3.7,50,95,70,215.0,postgraduate,No,F
3610,Nusrat Hossain,16,Male,Sylhet,Nine,72.5,5.7,60,46,79,185.0,Unknown,Yes,fail
8128,Nadia Hossain,15,male,khulna,7th,86.2,2.1,55,68,46,169.0,Graduate,N,pass
2713,Rahim Rahman,14,,Sylhet,7,89.6,2.7,80,71,69,220.0,graduate,1,P
9317,Ayesha Islam,13,M,Rajshahi ,Six,83.4,0.1,64,50,46,160.0,GRADUATE,,Pass
5560,Imran Akter,17,female,dhaka,10,77.7,3.6,81,30,47,158.0,,yes,Pass
5866,Riya Das,12,Male,barisal,8th,82.8,2.0,72,87,88,247.0,illiterate,YES,fail
6342,Rahim Ahmed,16,O,Rajshahi ,8,98.7,3.5,53,98,57,208.0,primary,no,Pass
9216,Nusrat Khan,16,O,chittagong,8th,,4.4,40,37,97,174.0,N/A,0,PASS
8267,Rakib Akter,15,female,Barisal,Eight,86.1,1.9,94,40,79,213.0,Post Graduate,0,pass
4678,Bristi Khan,11,male,Mymensingh,8th,110.8,2.5,92,91,38,221.0,N/A,no,Pass
6496,Anik Hossain,17,female,SYLHET,10,77.5,3.1,83,88,88,259.0,Unknown,,fail
9639,Kabir Hossain,16,Female,barisal,Six,90.7,3.4,92,32,60,184.0,N/A,yes,Pass
127,Priya Chowdhury,14,Female,SYLHET,10th,81.8,2.5,34,55,91,180.0,secondary,n/a,PASS
3520,Mim Rahman,,FEMALE,barisal,10th,102.0,2.8,63,49,34,146.0,PRIMARY,YES,Fail
8456,Sabbir Hossain,203,male,Mymensingh,Seven,64.2,4.9,33,53,69,155.0,Unknown,yes,F
6140,Rahim Islam,11,F,Ctg,9th,77.1,3.2,89,90,78,257.0,,0,Fail
4614,Arif Rahman,14,Other,Sylhet,9th,85.8,0.1,38,58,32,,postgraduate,N,Fail
6668,Sohan Sarker,12,F,Dhaka,8,76.0,3.2,87,63,54,204.0,Primary,Y,PASS
6218,Priya Ahmed,13,male,barisal,Ten,90.5,3.9,97,97,91,285.0,unknown,No,pass
6257,Rupa Hossain,14,female,Mymensign,10th,91.4,1.6,51,76,84,211.0,,0,Fail
6341,Rafi Hossain,17,Female,chittagong,Ten,97.5,5.2,60,34,47,141.0,N/A,YES,P
2223,Mim Talukder,16,O,Rajshahi,9th,65.9,1.6,absent,76,81,157.0,illiterate,Yes,pass
7888,Rafi Akter,12,O,Rajshahi ,7,75.9,1.0,84,79,95,258.0,primary,0,FAIL
7124,Farhan Ahmed,12,male,Rajshahi,9,71.5,2.3,52,,67,119.0,PRIMARY,1,pass
4269,Nusrat Khan,16,Other,CHATTOGRAM,Six,80.5,3.4,77,65,259,401.0,Higher Secondary,NO,fail
2419,Rupa Akter,14,MALE,Barisal,7,84.4,1.8,67,95,62,224.0,unknown,1,PASS
1273,Rafi Khan,181,M,khulna,8,71.7,3.3,82,90,75,247.0,PRIMARY,1,Pass
286 ,jannat ahmed,14,O,sylhet,9th,92.1,4.4,43,65,52,160.0,primary,0,PASS
3219,Anik Hossain,13,,Sylhet,Nine,93.9,3.5,42,41,58,141.0,primary,0,Pass
5943,Sohan Akter,16,Male,Chittagong,6th,71.4,1.9,68,93,50,211.0,Primary,1,P
6495,Rafi Hossain,15,MALE,Ctg,7,74.9,-0.3,83,45,60,188.0,graduate,no,FAIL
8398,Farhan Rahman,14,FEMALE,Ctg,9,88.7,3.1,68,47,56,,postgraduate,yes,fail
7952,Riya Talukder,12,male,Barishal,6th,92.8,4.4,absent,92,41,133.0,Primary,n/a,FAIL
6560,bristi talukder,11,M,dhaka,6,151.0,1.1,42,70,46,158.0,illiterate,No,FAIL
172,Sohan Rahman,15,female,Dhaka ,8th,72.3,1.0,30,90,72,211.0,Secondary,no,F
6467,Rupa Akter,14,Male,KHULNA ,06,99.0,2.8,73,79,84,236.0,Higher Secondary,NO,
8136,Sabbir Talukder,12,Other,Rangpur,Seven,80.6,2.2,79,75,73,227.0,secondary,Y,Fail
8799,Sadia Islam,13,F,Sylhet,10th,104.5,5.5,47,68,58,173.0,illiterate,Y,Fail
9145,Shila Chowdhury,15,F,Mymensingh,6th,108.7,5.6,31,72,41,144.0,primary,NO,fail
3515,Zayed Das,13,MALE,Mymensign,8,83.7,-1.0,73,88,33,194.0,N/A,NO,Pass
7929,Riya Rahman,13,,mymensingh,9th,84.8,1.7,32,96,36,164.0,unknown,No,fail
251,Tamim Khan,18,M,Khulna,06,88.7,3.8,75,97,62,234.0,higher secondary,Yes,Fail
1668,Mim Chowdhury,16,,sylhet,10th,68.9,3.6,32,71,74,177.0,graduate,NO,Pass
6327,Kabir Islam,14,FEMALE,chittagong,06,66.3,2.2,74,31,83,188.0,secondary,N,Fail
2090 ,Riya Sarker,11,Male,rajshahi,Ten,80.6,0.7,50,36,36,122.0,illiterate,n/a,pass
4145,Rahim Islam,14,,Rangpur,8,86.3,3.7,85,absent,57,142.0,Graduate,no,fail
6530,Bristi Islam,18,F,Chittagong,9th,80.8,4.2,36,97,84,217.0,postgraduate,No,FAIL
3971,Farhan Das,11,Female,Barishal,Eight,242.7,2.3,85,83,46,214.0,unknown,n/a,F
4208,Hasan Sarker,15,Male,Mymensingh,9,83.4,2.1,70,48,41,159.0,Higher Secondary,,pass
6447,Bristi Das,14,MALE,SYLHET,10th,89.4,0.5,31,39,57,127.0,unknown,Y,pass
1465,Nadia Sarker,17,male,Rajshahi ,7,91.9,3.3,88,35,58,181.0,N/A,yes,Fail
613,Hasan Akter,12,F,rajshahi,Nine,83.2,0.7,39,61,81,,higher secondary,0,Fail
8257,Karim Das,16,FEMALE,sylhet,7th,73.7,1.5,73,98,94,265.0,Higher Secondary,n/a,PASS
2115,Rupa Hossain,16,MALE,Ctg,9,97.0,0.8,73,56,93,222.0,postgraduate,n/a,fail
7291,Momo Akter,11,FEMALE,Chittagong,8,86.2,2.4,56,34,46,136.0,secondary,Y,
7936,Sohan Akter,18,other,Mymensign,10th,72.7,4.0,59,46,47,,PRIMARY,Y,PASS
2752,Kabir Khan,13,M,Chittagong,10th,82.4,4.1,41,39,88,168.0,higher secondary,NO,Pass
4769,Rupa Talukder,11,Female,Dacca,7th,83.2,,61,72,37,170.0,primary,YES,FAIL
882,Momo Talukder,14,Male,Rajshahi,8th,70.9,3.1,37,65,43,145.0,Illiterate,n/a,Fail
9247,Rahim Sarker,16,FEMALE,Mymensingh,Nine,88.0,3.7,54,97,43,194.0,Secondary,Y,PASS
6776,Momo Rahman,18,M,KHULNA ,7th,77.9,3.9,43,31,68,142.0,Graduate,0,pass
1233,Rafi Chowdhury,18,Male,DHAKA,8th,75.0,-0.5,95,48,53,196.0,graduate,N,fail
1159,Rupa Hossain,,FEMALE,Rajshahi,10,65.3,,49,90,50,189.0,Post Graduate,Y,Fail
7165,Imran Akter,12,O,Barishal,Seven,87.0,4.5,94,43,73,210.0,N/A,N,F
7407,Sadia Chowdhury,12,other,SYLHET,8th,N/A,2.7,88,73,93,254.0,primary,n/a,Pass
6325,,14,MALE,DHAKA,Eight,89.2,2.2,88,57,96,241.0,secondary,N,Pass
8127,Rafi Sarker,11,Other,Dhaka,10th,83.5,2.9,92,51,47,190.0,illiterate,Y,fail
4878,Fatema Hossain,15,O,chittagong,6th,85.6,1.6,54,96,55,205.0,graduate,yes,FAIL
4129,Lima Sarker,17,M,Rangpur,7th,90.2,2.9,51,97,34,182.0,Secondary,No,FAIL
6713,Jannat Sarker,14,O,khulna,10,86.1,4.1,39,55,87,181.0,secondary,yes,F
7107,Sadia Akter,14,MALE,Chattogram,8th,81.9,4.1,97,86,42,225.0,GRADUATE,yes,Fail
1338,Zayed Ahmed,16,Female,,7,78.8,3.2,52,-6,95,133.0,unknown,NO,Fail
6572,Nadia Sarker,12,MALE,Barisal,Nine,80.9,2.7,74,37,34,145.0,unknown,N,FAIL
9290,Tamim Chowdhury,13,other,Rangpur,10th,82.9,4.8,70,86,82,error,,1,P
960 ,Shila Ahmed,17,Male,Rajshahi ,Ten,64.6,3.1,79,54,41,160.0,primary,n/a,
201,Mim Rahman,15,M,khulna,Six,90.0,4.3,71,92,56,219.0,illiterate,Yes,P
5515,Zayed Khan,14,M,barisal,9,74.8,5.4,81,45,74,200.0,GRADUATE,n/a,
5937,Nadia Chowdhury,14,M,rangpur,7,82.9,0.4,90,50,80,220.0,illiterate,N,FAIL
9489,Sabbir Ahmed,18,Male,DHAKA,6th,91.0,2.6,92,69,85,246.0,primary,NO,FAIL
4979,Nusrat Hossain,fifteen,O,Barishal,7,92.2,21.9,46,,84,130.0,illiterate,N,PASS
2887,tamim das,12,O,khulna,Seven,94.1,2.6,85,87,56,228.0,GRADUATE,Yes,Pass
568,Bristi Das,11,female,chittagong,Ten,95.9,4.1,82,94,91,267.0,postgraduate,0,FAIL
3425,Lima Das,17,F,khulna,9th,86.4,3.5,95,60,91,246.0,Illiterate,,fail
7439,Kabir Rahman,15,male,Sylhet,Eight,80.0,3.5,69,65,80,214.0,,,fail
2711,Hasan Khan,fifteen,Female,,Nine,83.0,0.8,73,53,32,158.0,GRADUATE,Y,
4634,Tanvir Sarker,16,Female,Mymensign,Seven,87.7,3.8,93,42,94,229.0,illiterate,n/a,pass
2583,Fatema Hossain,14,other,Ctg,Eight,181.9,4.5,38,39,97,174.0,Higher Secondary,1,
7046,Sadia Chowdhury,15,Male,KHULNA ,6th,104.7,3.9,88,54,97,230.0,secondary,n/a,Pass
STU-00345,Imran Das,16,F,,Nine,75.0,3.5,60,53,65,178.0,N/A,N,F
6641,Tamim Rahman,13,Other,rangpur,8th,79.8,5.9,97,85,43,225.0,primary,Y,pass
8805,Priya Sarker,14,male,khulna,Nine,88.7,2.6,83,44,66,193.0,Post Graduate,No,PASS
573,Nusrat Das,18,FEMALE,Ctg,7,71.6,2.9,179,,78,257.0,N/A,no,pass
6188,Hasan Rahman,18,male,sylhet,10,81.2,0.2,-20,73,64,117.0,postgraduate,no,PASS
6401,Arif Chowdhury,16,M,chittagong,9,89.4,,67,53,97,217.0,Illiterate,no,Pass
6190,Nadia Ahmed,13,FEMALE,mymensingh,9,90.2,2.0,43,99,40,182.0,higher secondary,n/a,F
9005,Bristi Talukder,15,Female,Mymensign,Six,70.7,1.2,71,91,82,244.0,Post Graduate,Yes,FAIL
2158,Mim Islam,16,other,CHATTOGRAM,8th,78.7,5.1,82,94,32,208.0,graduate,No,
9243,,16,M,Rangpur,6,59.1,5.6,56,76,50,182.0,illiterate,no,fail
8689,Mitu Rahman,15,Other,sylhet,7,58.3,2.0,56,50,46,152.0,secondary,yes,pass
5500,Tanvir Chowdhury,12,,,10,88.8,6.3,78,-48,81,111.0,,,Fail
5502,Kabir Islam,16,F,sylhet,06,84.2,0.6,69,91,57,217.0,Unknown,Y,
3956,Riya Akter,18,other,Chattogram,Six,83.6,3.1,84,66,33,183.0,GRADUATE,NO,Fail
374,Ayesha Das,15,O,Dhaka ,9th,89.3,3.6,64,62,45,171.0,higher secondary,yes,pass
6630,Shila Khan,11,Other,CHATTOGRAM,10th,97.4,-3.3,70,86,85,241.0,postgraduate,0,fail
3902,Nusrat Rahman,13,Other,Rangpur,Eight,91.3,3.3,90,96,44,230.0,illiterate,NO,FAIL
7052,Tanvir Das,11,male,Barishal,Nine,75.1,5.5,58,78,35,171.0,Graduate,YES,P
4167,Momo Talukder,12,female,Rangpur,10th,92.8,0.5,58,33,78,169.0,Higher Secondary,Y,fail
930,Tanvir Ahmed,12,other,Chittagong,Ten,77.1,3.2,96,54,84,234.0,unknown,yes,PASS
9548,Tamim Khan,15,M,Chittagong,Ten,89.6,4.7,63,41,44,148.0,Unknown,0,fail
4845,Sohan Ahmed,18,MALE,rajshahi,Eight,99.4,4.0,98,57,50,205.0,Illiterate,NO,PASS
5439,Farhan Sarker,159,,Chattogram,7th,88.0,3.5,48,41,93,182.0,PRIMARY,Y,
1789,Kabir Rahman,14,MALE,barisal,7,85.5,3.7,44,32,72,,,0,
967,Bristi Chowdhury,14,female,Barisal,Seven,78.3,3.3,87,56,55,198.0,Primary,,FAIL
6422,Rafi Talukder,11,F,rajshahi,9,76.6,1.5,71,32,88,208.0,Graduate,NO,P
7521,Anik Sarker,16,FEMALE,Sylhet,9,95.6,2.5,74,45,46,165.0,,yes,PASS
6376,Riya Das,16,FEMALE,Mymensingh,Ten,89.0,2.1,79,58,93,230.0,illiterate,1,Fail
2703,Zayed Islam,14,male,mymensingh,Eight,86.8,3.6,32,37,88,157.0,N/A,n/a,fail
8056,Karim Ahmed,11,F,Sylhet,9,95.9,2.4,70,93,71,234.0,PRIMARY,no,PASS
8426,Imran Ahmed,18,male,rangpur,7,82.3,3.9,31,42,74,147.0,Secondary,,
1382,Anik Khan,14,,Rangpur,Ten,64.8,2.7,64,90,83,237.0,illiterate,n/a,PASS
3233,Tamim Rahman,15,O,KHULNA ,6,92.5,2.8,45,73,79,197.0,N/A,1,PASS
STU-06898,Lima Islam,13,female,Chattogram,8,82.9,3.1,80,64,99,243.0,Primary,Yes,
518,Arif Chowdhury,18,Other,  Dhaka,6,87.4,5.1,72,49,97,218.0,illiterate,yes,FAIL
5480,Mim Akter,15,F,Rajshahi,Ten,98.0,3.9,80,52,61,193.0,Secondary,Y,P
230,Zayed Chowdhury,15,Other,Rangpur,Ten,69.4,4.6,74,37,82,193.0,unknown,,F
9173,Karim Chowdhury,-5,Other,khulna,Eight,81.8,2.7,85,31,60,176.0,Graduate,N,P
2176,Rupa Talukder,13,O,SYLHET,9,68.5,3.1,63,96,68,227.0,secondary,YES,Fail
361,Priya Ahmed,17,Male,rajshahi,6,95.4,3.8,79,72,48,199.0,,yes,
2373,Rafi Das,17,Male,rajshahi,10,76.9,1.2,34,87,88,209.0,graduate,Yes,pass
9716,Tamim Talukder,15,O,Chattogram,8th,93.0,2.1,68,71,80,219.0,N/A,0,pass
802,Riya Akter,11,,barisal,6,96.2,1.9,43,78,36,157.0,N/A,Yes,pass
6534,Lima Sarker,15,female,Barisal,8,86.9,2.3,83,80,35,194.0,higher secondary,YES,fail
STU-02078,Imran Akter,11,other,mymensingh,10,83.0,2.4,,50,82,132.0,Secondary,NO,Pass
4640,Nadia Khan,13,MALE,khulna,Seven,93.9,1.3,43,77,44,164.0,postgraduate,,P
6650,Zayed Khan,14,other,Barisal,10,89.0,4.4,86,55,62,203.0,N/A,YES,Pass
1467,Bristi Islam,18,Male,Rajshahi ,7,82.3,1.3,,49,44,93.0,Illiterate,no,P
4409,Momo Ahmed,17,FEMALE,khulna,10th,95.8,4.8,71,58,64,193.0,unknown,No,P
2643,Mim Akter,18,Male,  Dhaka,Nine,80.3,4.7,52,86,76,214.0,postgraduate,0,Pass
7874,Bristi Sarker,18,F,Khulna,8th,107.5,3.6,32,74,49,,PRIMARY,,Fail
1793,Nusrat Islam,17,,Chattogram,Nine,106.0,3.9,80,70,53,203.0,GRADUATE,Yes,
5146,Karim Talukder,17,Other,dhaka,9,86.1,2.1,59,99,59,217.0,Graduate,No,P
1363,Imran Ahmed,12,F,rangpur,6th,65.9,5.2,85,73,86,244.0,postgraduate,no,P
7303,Mitu Ahmed,16,male,dhaka,Ten,81.0,4.7,95,39,72,206.0,secondary,Yes,pass
1255,sohan chowdhury,13,,rajshahi,Seven,89.4,3.1,42,40,53,135.0,unknown,no,FAIL
5385,Imran Chowdhury,16,M,Khulna,Eight,82.4,2.3,55,90,91,236.0,Post Graduate,1,P
5372,Momo Akter,-9,O,CHATTOGRAM,10th,95.9,4.6,62,87,77,226.0,Secondary,no,Pass
7,Tamim Khan,17,Male,,Eight,96.3,3.6,64,65,79,208.0,Unknown,YES,PASS
8134,Nusrat Sarker,13,,Ctg,Six,82.6,3.3,83,54,35,172.0,postgraduate,Yes,Pass
1851,Tamim Rahman,14,MALE,dhaka,Seven,78.4,2.1,91,37,85,213.0,,n/a,FAIL
2858,Hasan Talukder,18,M,Ctg,6th,80.9,2.5,53,95,93,241.0,Higher Secondary,NO,P
STU-08693,Rupa Das,12,female,Rangpur,Nine,95.4,2.4,33,82,43,158.0,higher secondary,NO,P
8790,Nadia Ahmed,15,other,Dhaka,06,68.8,5.5,55,51,42,148.0,Unknown,n/a,F
5925,Kabir Chowdhury,12,other,Mymensign,9th,87.3,2.8,83,80,77,240.0,Graduate,no,pass
281 ,Rafi Sarker,12,female,sylhet,6th,65.5,2.1,51,73,87,211.0,Higher Secondary,N,Pass
9738,Sadia Islam,17,female,Dhaka ,10th,81.6,0.9,32,69,49,150.0,unknown,yes,F
2780,Riya Khan,11,F,Rajshahi ,Ten,80.6,4.3,57,88,50,195.0,secondary,NO,Pass
6559,Nadia Sarker,14,O,Mymensingh,9,,2.4,91,79,42,212.0,Higher Secondary,,Pass
8489,Tanvir Talukder,15,Other,Dacca,9th,,2.9,223,36,98,357.0,Illiterate,Y,PASS
5231,Ayesha Chowdhury,15,Male,Dacca,7th,100.7,1.5,70,-5,166,231.0,illiterate,1,F
4566,Nadia Hossain,15,female,rajshahi,Eight,79.2,3.6,31,40,54,125.0,,N,FAIL
1130,Rafi Islam,14,FEMALE,Mymensign,Six,94.6,2.8,84,54,36,174.0,N/A,Y,pass
4357,Arif Islam,11,male,Rajshahi,6,77.0,2.2,34,70,92,196.0,graduate,n/a,PASS
2824,Kabir Das,14,MALE,Rangpur,7,83.4,4.5,47,76,60,183.0,Primary,n/a,
6458,Mitu Sarker,16,F,Chittagong,Six,80.1,0.8,79,53,75,207.0,GRADUATE,0,PASS
7414,Rahim Islam,15,other,rangpur,8th,79.5,3.3,57,52,75,184.0,Higher Secondary,,P
1703,Nusrat Chowdhury,14,,khulna,Eight,71.3,4.8,42,69,87,198.0,illiterate,no,FAIL
6622,Momo Ahmed,18,male,Dhaka ,Ten,97.7,3.9,40,82,84,206.0,secondary,YES,fail
1388,Rahim Islam,16,MALE,SYLHET,10th,94.6,2.8,52,32,61,145.0,N/A,YES,P
4277,Zayed Das,14,F,Ctg,8,77.9,1.8,31,61,84,176.0,illiterate,YES,Fail
6531,Fatema Akter,18,O,mymensingh,Eight,79.0,4.2,50,49,33,132.0,secondary,Yes,PASS
7697,Rakib Akter,17,F,Chittagong,7,77.7,3.2,44,67,54,165.0,Primary,1,
4068,Kabir Das,15,M,Mymensign,8th,86.2,2.6,88,57,90,235.0,primary,yes,FAIL
487,Kabir Chowdhury,16,O,SYLHET,6,75.4,4.2,94,72,68,234.0,Higher Secondary,No,pass
5094,Tanvir Sarker,17,other,Barisal,10,109.0,3.7,82,66,92,240.0,postgraduate,0,fail
5617,Lima Khan,13,,Rajshahi ,Seven,89.9,3.6,82,81,62,225.0,Primary,yes,Fail
8538,Priya Chowdhury,12,O,Mymensign,06,75.9,4.4,40,59,93,190.0,secondary,No,PASS
3744,Fatema Talukder,14,female,rangpur,9th,79.7,3.6,288,70,98,456.0,PRIMARY,no,FAIL
3376,Arif Akter,17,Female,Rajshahi,9th,110.5,2.5,84,90,42,,Primary,yes,
STU-04528,Rakib Chowdhury,fifteen,O,Barishal,6,95.1,3.4,61,84,51,196.0,Post Graduate,NO,pass
6368,Sabbir Rahman,17,other,khulna,8th,81.0,0.8,31,71,67,169.0,secondary,,pass
570,Kabir Das,12,O,Barishal,9,87.8,5.6,94,70,80,244.0,Higher Secondary,no,Fail
1501,Momo Rahman,17,Male,dhaka,6,86.3,3.1,73,41,80,194.0,Higher Secondary,No,FAIL
88,Nadia Sarker,13,M,Barishal,9th,92.4,5.2,95,39,85,219.0,GRADUATE,NO,Pass
3961,Nusrat Das,14,,Mymensign,Ten,84.0,5.4,82,81,67,230.0,GRADUATE,n/a,P
7504,Priya Hossain,16,O,CHATTOGRAM,9,86.2,1.5,55,62,61,178.0,Illiterate,yes,
5770,Mim Das,16,female,Barishal,6th,77.7,2.3,55,31,33,119.0,Primary,N,pass
5327,Priya Hossain,12,F,barisal,Seven,64.9,3.3,47,70,71,188.0,unknown,,pass
2529,Nadia Sarker,16,Other,mymensingh,6th,90.2,2.3,72,36,45,153.0,Unknown,N,FAIL
4451,Rahim Hossain,198,other,Chattogram,Nine,100.5,1.0,57,61,54,172.0,unknown,Y,fail
1950,Jannat Sarker,14,female,mymensingh,Six,84.7,5.1,56,96,41,193.0,graduate,0,Fail
1826,Jannat Talukder,11,M,Mymensingh,Eight,72.6,-1.3,67,35,97,199.0,graduate,no,pass
4139,Imran Talukder,13,female,CHATTOGRAM,Six,89.9,6.6,43,91,72,206.0,illiterate,0,Pass
5680,Nadia Hossain,17,female,Rajshahi,7,87.6,3.5,82,31,78,191.0,PRIMARY,Y,
6110,Rafi Das,17,M,khulna,10th,99.9,4.7,30,70,43,,Post Graduate,yes,FAIL
7541,Nadia Das,17,Male,DHAKA,9,92.1,5.9,38,50,70,158.0,N/A,No,Pass
2267,Riya Sarker,15,O,Khulna,Six,96.5,3.3,44,32,137,213.0,secondary,n/a,fail
6728,Momo Sarker,17,FEMALE,Ctg,9th,79.2,1.6,78,80,-3,155.0,postgraduate,No,
5811,Zayed Talukder,11,O,KHULNA ,8th,102.1,4.5,41,51,85,177.0,higher secondary,No,PASS
9387,Hasan Das,18,M,KHULNA ,6,76.1,5.1,57,64,36,169.0,unknown,n/a,Pass
9702,Rafi Islam,15,M,SYLHET,Nine,85.6,4.0,49,75,59,183.0,postgraduate,yes,P
4018,Tanvir Khan,11,Other,sylhet,Nine,75.0,1.5,96,34,243,373.0,higher secondary,NO,pass
7518,Sohan Das,11,FEMALE,Mymensingh,8,85.1,2.4,57,61,63,181.0,graduate,1,
9607,Mim Das,12,MALE,KHULNA ,8,72.6,4.6,72,37,75,184.0,Primary,N,Pass
1784,Farhan Rahman,12,F,Barishal,Nine,81.7,3.7,43,60,95,198.0,Illiterate,Y,P
3586,Nadia Talukder,15,male,Mymensign,9th,-26.4,1.7,70,90,84,244.0,graduate,,
4952,Arif Ahmed,18,M,Barisal,7th,94.8,5.0,76,36,52,164.0,postgraduate,n/a,FAIL
265,Priya Sarker,12,Other,khulna,8,88.2,2.9,36,68,42,146.0,Graduate,YES,pass
9000,Rahim Das,,M,CHATTOGRAM,Eight,74.5,1.7,33,75,53,161.0,graduate,0,
4360,Rupa Talukder,17,female,KHULNA ,Seven,88.0,2.7,86,88,96,270.0,secondary,NO,fail
1106,Imran Sarker,18,other,Barisal,06,89.2,2.2,91,84,65,240.0,secondary,0,fail
4583,Nadia Akter,15,MALE,khulna,Nine,95.4,1.4,67,95,96,258.0,Higher Secondary,NO,P
6943,Farhan Chowdhury,13,female,Barisal,06,74.2,1.8,60,37,59,156.0,Unknown,0,P
660,Hasan Akter,11,O,Rangpur,10,93.9,5.3,208,68,92,368.0,Higher Secondary,no,P
5040,Priya Hossain,18,FEMALE,khulna,8th,73.5,3.5,72,80,95,247.0,Secondary,yes,pass
1585,Zayed Sarker,14,male,sylhet,8th,70.5,2.9,41,,81,122.0,Higher Secondary,No,FAIL
8189,Zayed Sarker,15,O,rajshahi,7th,141.8,2.7,89,94,273,456.0,Higher Secondary,yes,fail
1375,Imran Talukder,18,female,rangpur,7,85.8,2.1,83,70,78,231.0,Primary,Y,P
5808,Kabir Chowdhury,17,Male,Rajshahi,Nine,67.8,3.6,74,87,57,218.0,higher secondary,Yes,P
2429,,16,MALE,Mymensign,06,81.3,4.1,82,85,36,203.0,PRIMARY,,
7383,Anik Hossain,16,O,Rajshahi ,6,92.4,3.6,86,62,92,240.0,Unknown,NO,P
3574,Bristi Rahman,13,O,rangpur,6,83.3,1.0,84,288,61,433.0,PRIMARY,,PASS
9592,Ayesha Das,14,other,,Nine,,1.8,48,80,31,159.0,Graduate,NO,F
6463,Fatema Ahmed,-8,Female,Mymensingh,9th,82.1,-0.3,62,36,74,172.0,Primary,no,
638,fatema islam,17,male,barisal,7,70.7,4.2,86,81,38,205.0,Post Graduate,n/a,PASS
8227,Mim Rahman,13,Other,Mymensingh,Seven,87.9,2.0,70,57,83,210.0,higher secondary,1,pass
6239,Bristi Rahman,15,Female,Mymensingh,Seven,78.1,4.0,53,96,99,248.0,graduate,Yes,F
7827,Zayed Akter,16,female,Dhaka,9,91.4,1.6,91,74,87,252.0,illiterate,0,Fail
5877,Kabir Khan,12,Other,KHULNA ,7th,84.5,3.1,82,95,42,219.0,PRIMARY,N,fail
6139,Tamim Chowdhury,15,F,Rajshahi,10,,2.5,85,32,41,158.0,N/A,0,PASS
3623,Karim Islam,18,O,chittagong,10,76.4,2.3,37,41,74,152.0,GRADUATE,No,pass
842,Rahim Khan,-17,,rangpur,6,99.5,3.0,61,30,83,174.0,N/A,n/a,FAIL
2180,Rahim Hossain,13,female,Dacca,Ten,95.0,1.8,50,90,64,204.0,GRADUATE,YES,Pass
9433,Sohan Sarker,15,male,Dhaka ,Nine,82.1,5.3,54,41,94,189.0,unknown,0,Pass
9438,Zayed Akter,11,MALE,SYLHET,Ten,98.0,4.5,67,71,36,174.0,illiterate,YES,
9833 ,Farhan Akter,15,M,Mymensingh,8,86.6,4.8,93,38,36,167.0,Unknown,1,pass
3619,Tanvir Talukder,16,FEMALE,KHULNA ,9,64.6,2.9,95,47,46,188.0,graduate,N,F
2294,Nusrat Khan,17,other,Rajshahi,Nine,80.0,3.7,99,56,66,221.0,PRIMARY,no,Pass
7170,Priya Khan,18,other,Sylhet,Ten,74.7,3.2,54,82,78,214.0,Unknown,Y,Fail
2895,Farhan Rahman,18,female,barisal,6,78.6,3.0,34,45,40,119.0,Graduate,no,
8323,Mim Rahman,13,O,Dhaka ,6th,97.2,2.1,81,77,95,253.0,higher secondary,,PASS
1470,Sabbir Chowdhury,18,other,Ctg,Six,70.6,0.5,66,86,71,223.0,higher secondary,N,F
6427,Nusrat Hossain,16,female,rajshahi,10th,76.7,1.7,51,42,51,144.0,,N,Fail
1768,Fatema Hossain,17,Other,Rajshahi,10th,70.4,3.4,73,65,48,186.0,Illiterate,Yes,pass
5388,Rakib Hossain,11,Female,Dhaka ,9th,99.2,,79,88,92,259.0,postgraduate,no,
9673,Rahim Sarker,17,Female,Barishal,06,91.7,3.2,absent,35,48,83.0,secondary,YES,PASS
2096,Lima Das,11,,Rajshahi ,Six,81.9,2.2,82,87,66,235.0,postgraduate,Yes,pass
566,Arif Khan,17,M,,7,87.5,1.6,93,90,58,241.0,Secondary,Y,P
9575,Sohan Talukder,14,Female,rajshahi,6,83.0,4.8,32,85,56,173.0,higher secondary,n/a,Pass
119,Hasan Das,15,F,barisal,6th,78.4,3.9,97,48,49,194.0,,,
1063,Tanvir Chowdhury,12,FEMALE,Barisal,Ten,74.3,6.6,43,83,75,201.0,Higher Secondary,n/a,PASS
7308,Priya Hossain,18,other,khulna,9th,116.8,3.8,56,34,55,145.0,PRIMARY,yes,fail
7204,Hasan Rahman,14,Female,Rajshahi ,7th,84.8,3.3,43,70,37,150.0,Unknown,Y,
9731,Bristi Sarker,18,Other,Mymensingh,Seven,73.3,3.5,38,42,35,115.0,Post Graduate,Yes,F
255,Nadia Chowdhury,16,other,Barisal,9th,94.0,2.8,42,52,30,124.0,higher secondary,Yes,pass
9810,Hasan Ahmed,15,F,Rajshahi,7,95.1,2.2,58,88,90,236.0,postgraduate,YES,F
8389,Hasan Hossain,13,female,,8th,81.3,5.8,52,93,35,180.0,Secondary,no,Pass
7623,Momo Islam,11,other,rajshahi,Nine,82.0,1.0,71,70,87,228.0,Graduate,1,fail
1852,Rahim Sarker,15,O,Mymensingh,7th,81.2,3.6,50,71,58,179.0,PRIMARY,YES,FAIL
2932,Jannat Khan,18,M,Mymensign,10th,72.2,,30,81,53,,,1,Fail
4685,Lima Khan,17,M,Barisal,Ten,86.2,4.8,44,88,83,215.0,higher secondary,Y,P
6156,Sadia Khan,12,Other,Chittagong,6,71.9,0.8,30,40,45,115.0,postgraduate,Y,FAIL
4263,Sadia Hossain,fifteen,FEMALE,Dacca,9th,87.1,2.3,98,,58,156.0,Unknown,1,F
6251,Tanvir Sarker,15,FEMALE,CHATTOGRAM,Nine,70.3,4.3,31,88,37,156.0,illiterate,0,FAIL
2531,Mim Talukder,13,Female,DHAKA,Eight,67.4,3.7,66,74,45,185.0,higher secondary,no,PASS
1611,Rakib Das,12,other,Sylhet,06,74.6,5.0,85,88,38,211.0,Post Graduate,1,F
3690,Hasan Talukder,14,Male,Rajshahi,Nine,86.4,2.1,78,-16,,62.0,primary,Y,
1630,Farhan Akter,15,,Barishal,6,78.1,0.9,50,62,60,172.0,Unknown,No,pass
6373,Rupa Islam,13,Male,,9,83.1,1.1,50,94,35,179.0,Graduate,Y,P
8430,Bristi Khan,-2,Male,mymensingh,10,87.3,0.6,,72,81,153.0,graduate,,
682,Imran Hossain,15,Female,Mymensign,10th,101.5,4.6,47,52,76,175.0,N/A,No,
709,Rafi Khan,12,M,Chattogram,6th,91.2,1.0,71,76,66,213.0,Unknown,n/a,Fail
5166,Nadia Rahman,17,female,Rangpur,9th,70.8,6.6,97,96,78,271.0,Secondary,N,P
5258,Farhan Akter,12,Male,khulna,Eight,96.4,3.2,39,39,52,130.0,Secondary,0,Fail
7159,Nadia Chowdhury,18,female,Khulna,7th,86.3,2.7,50,61,92,203.0,Primary,yes,fail
2461,Ayesha Sarker,13,FEMALE,rajshahi,10,85.7,6.5,64,53,69,186.0,Illiterate,yes,FAIL
3720,Rupa Islam,11,Male,Sylhet,8th,77.5,3.9,92,30,54,,higher secondary,NO,FAIL
2503,Shila Hossain,17,Other,Barisal,Six,91.3,5.1,39,50,66,155.0,PRIMARY,yes,PASS
1400,Tanvir Islam,12,M,Khulna,7th,88.1,2.0,77,80,99,256.0,graduate,Y,F
2989,Tanvir Chowdhury,-1,Male,SYLHET,Seven,98.4,2.4,30,54,82,166.0,Graduate,Yes,fail
5074,Mim Islam,18,MALE,barisal,9,83.7,5.2,44,90,36,170.0,Post Graduate,yes,F
5143,Riya Khan,12,male,SYLHET,9th,,2.9,91,72,71,234.0,Illiterate,YES,Pass
STU-01547,Anik Akter,17,Other,Rangpur,Ten,72.4,3.1,46,69,42,157.0,GRADUATE,Y,P
481,Shila Akter,18,female,Dacca,8,68.9,3.3,90,50,75,215.0,graduate,n/a,PASS
9375,Sohan Das,16,O,barisal,Seven,94.0,3.6,87,84,65,236.0,higher secondary,0,PASS
6989,Riya Khan,17,M,Khulna,Six,81.9,3.1,45,67,76,188.0,PRIMARY,,fail
5592,Hasan Islam,13,Male,Sylhet,7th,91.3,2.8,45,59,72,176.0,Graduate,yes,fail
6941,Jannat Das,14,other,Mymensign,9,76.9,2.1,66,48,80,194.0,postgraduate,,Pass
7014,Ayesha Rahman,11,M,Dhaka ,Nine,85.8,0.4,63,37,74,174.0,,no,FAIL
7534,Rahim Akter,14,female,rangpur,10,86.1,3.8,74,47,77,198.0,higher secondary,Y,Pass
6780,Rakib Islam,12,Female,Dhaka,7th,89.4,4.3,38,70,80,188.0,Graduate,No,fail
2081,Rupa Rahman,12,Other,Barishal,9,78.6,4.4,-34,65,91,122.0,Graduate,N,P
7402,Anik Akter,17,MALE,mymensingh,8,86.2,3.2,56,71,84,211.0,illiterate,,P
6662,Jannat Islam,17,Male,sylhet,Eight,94.0,3.6,31,40,46,117.0,Primary,NO,pass
5240,Sabbir Khan,15,other,Barishal,Six,77.3,1.7,53,63,65,181.0,PRIMARY,no,F
2537,Momo Akter,13,F,rangpur,Seven,94.7,3.2,46,81,36,163.0,unknown,N,Pass
2470,Karim Chowdhury,18,M,khulna,Eight,82.6,2.7,78,50,94,222.0,,Y,Fail
2666,Imran Chowdhury,15,Male,Rangpur,10,242.6,3.5,65,85,46,196.0,unknown,No,
874,Arif Rahman,13,,Chittagong,8th,90.2,1.7,-9,44,32,,primary,,P
357,Farhan Akter,12,Female,Mymensign,9th,63.7,2.9,50,49,55,154.0,,YES,
7719,Fatema Talukder,12,other,barisal,9,89.9,1.1,73,34,91,198.0,Primary,yes,Pass
1324,Tanvir Ahmed,18,other,Mymensign,Seven,78.7,3.4,32,62,79,173.0,Primary,Y,Pass
2206,Mitu Akter,-3,Male,khulna,10th,86.2,2.7,81,78,35,194.0,Secondary,No,F
4462,Arif Talukder,17,,,10,100.4,2.2,89,56,36,181.0,Higher Secondary,Yes,Pass
9351,Bristi Sarker,13,other,rangpur,Nine,88.3,4.9,81,39,76,196.0,primary,YES,
2535,Zayed Akter,14,,Mymensingh,9,84.1,0.8,51,98,78,227.0,Higher Secondary,N,P
1816,Sadia Hossain,16,Other,Mymensign,7th,89.6,5.2,41,59,67,167.0,secondary,No,Pass
9655,Zayed Islam,14,M,barisal,7,93.0,-3.0,76,72,40,188.0,unknown,n/a,
6461,Kabir Ahmed,18,other,Ctg,10th,59.8,2.8,47,65,31,143.0,Primary,Y,Pass
7355,Mim Ahmed,18,O,Barisal,Nine,103.1,5.4,60,55,95,210.0,graduate,Y,pass
5758,Sabbir Chowdhury,11,Male,chittagong,Seven,82.0,3.6,53,56,37,146.0,N/A,No,
6704,Priya Islam,14,FEMALE,KHULNA ,Ten,84.4,2.6,61,80,98,239.0,PRIMARY,1,P
9353,Shila Chowdhury,14,FEMALE,Mymensingh,Seven,94.0,-3.6,88,54,38,180.0,N/A,no,PASS
6488,Jannat Sarker,11,Female,Rangpur,Ten,90.9,0.5,-43,79,81,117.0,GRADUATE,Yes,F
400,Riya Khan,11,MALE,sylhet,Seven,86.3,5.0,88,68,84,240.0,illiterate,N,FAIL
639,Priya Khan,16,Other,Rangpur,9th,77.2,4.0,61,44,41,146.0,,yes,Pass
2119,Arif Akter,18,other,Dacca,9,81.8,3.4,82,81,76,239.0,secondary,No,P
9207,Rakib Hossain,11,Female,Mymensign,Eight,77.8,1.2,44,85,44,173.0,primary,,Pass
8342,Rahim Ahmed,14,female,Rajshahi,10th,87.9,3.0,38,64,39,141.0,PRIMARY,no,PASS
1262,Nadia Sarker,17,female,Dacca,Ten,81.8,-0.6,76,98,87,261.0,unknown,yes,FAIL
9582,Hasan Sarker,15,male,barisal,Six,88.7,3.7,96,77,85,258.0,higher secondary,no,PASS
4677,Momo Rahman,,MALE,dhaka,Seven,80.7,2.9,84,44,93,221.0,PRIMARY,YES,Pass
2633,Arif Talukder,fifteen,F,rangpur,Nine,82.3,3.5,67,56,36,159.0,illiterate,Y,pass
9617,Sohan Rahman,11,,CHATTOGRAM,6,85.7,-0.1,272,93,38,403.0,Post Graduate,,fail
5510,Rupa Islam,14,MALE,Mymensingh,9,78.1,4.3,70,57,35,162.0,GRADUATE,Yes,F
2945,Rakib Akter,16,,Rangpur,7th,79.8,2.3,-22,68,30,76.0,illiterate,n/a,pass
7067,Zayed Islam,17,O,SYLHET,Eight,98.2,2.1,87,69,43,199.0,graduate,yes,pass
888,Mim Islam,18,,Khulna,Nine,82.2,5.4,77,71,56,,graduate,Yes,Pass
3140,Anik Sarker,,Male,KHULNA ,Nine,91.2,4.6,62,56,69,187.0,GRADUATE,1,Fail
6238,Rafi Akter,13,M,Chattogram,Eight,78.6,2.2,51,41,91,183.0,higher secondary,Y,FAIL
114,Imran Hossain,14,F,Mymensign,9,,5.9,85,88,99,272.0,GRADUATE,no,FAIL
4358,Ayesha Akter,18,FEMALE,Rajshahi,Seven,82.2,5.0,47,67,94,208.0,Graduate,No,fail
268,Bristi Khan,14,Male,Dacca,8,86.3,2.4,42,51,50,143.0,Illiterate,no,FAIL
2882,Rahim Hossain,13,O,Rangpur,9,90.0,4.2,,57,76,133.0,,no,
1500,Anik Akter,14,other,Rangpur,8th,92.0,3.5,181,50,31,262.0,GRADUATE,no,fail
1314,Fatema Khan,14,M,CHATTOGRAM,Seven,83.9,2.4,85,43,62,190.0,secondary,No,Fail
2372,Tanvir Hossain,11,female,Mymensingh,7,85.8,0.3,48,72,,120.0,illiterate,1,pass
3424,Bristi Das,18,FEMALE,Chattogram,6th,81.0,1.8,85,92,40,217.0,PRIMARY,No,PASS
6801,Bristi Chowdhury,13,Other,rajshahi,7,81.6,2.6,45,56,74,,GRADUATE,N,FAIL
6141,Riya Rahman,17,,Rangpur,7,73.4,1.9,92,59,33,184.0,N/A,No,Fail
8829,Hasan Ahmed,15,Female,SYLHET,10,67.5,-1.6,54,72,84,210.0,postgraduate,Y,
5998,Riya Islam,18,male,Barishal,7th,76.6,2.2,54,241,50,345.0,secondary,YES,F
7401,Ayesha Rahman,18,,Chittagong,Six,82.3,-0.1,99,72,45,216.0,Secondary,No,F
7860,Rafi Sarker,13,MALE,Mymensign,9,88.4,0.1,59,50,70,179.0,Unknown,0,
2567,Kabir Chowdhury,13,other,Rajshahi,Eight,92.5,3.4,85,58,60,203.0,N/A,,Pass
6501,Jannat Ahmed,18,Other,rajshahi,Six,88.3,3.4,90,50,38,178.0,Graduate,YES,P
3446,Jannat Talukder,16,male,sylhet,6,94.6,3.7,62,54,45,161.0,,Y,pass
793,Anik Ahmed,11,MALE,khulna,7th,83.9,4.5,49,47,31,127.0,,n/a,F
6124,Mitu Talukder,13,O,Dacca,Nine,91.8,0.3,37,35,82,154.0,Post Graduate,Yes,Pass
2566,Ayesha Talukder,11,M,rajshahi,Ten,83.5,2.9,53,56,78,187.0,Unknown,yes,P
2835,Sohan Sarker,15,O,chittagong,10th,75.1,2.2,75,71,35,181.0,PRIMARY,YES,Pass
6232,Rakib Sarker,15,M,rangpur,7,83.0,2.6,83,34,91,208.0,Unknown,1,pass
3688,Farhan Rahman,18,M,Chittagong,9,73.5,3.7,95,73,67,235.0,higher secondary,no,Pass
4016,Tamim Khan,15,Other,CHATTOGRAM,Seven,94.5,-2.6,98,51,94,243.0,Post Graduate,1,Pass
4741,Mim Khan,13,FEMALE,Mymensingh,Nine,65.1,,99,32,62,193.0,Higher Secondary,YES,Pass
3807,Priya Khan,14,other,CHATTOGRAM,8th,73.4,3.4,72,59,55,186.0,graduate,n/a,F
1696,Priya Chowdhury,12,Female,Rangpur,Eight,70.9,1.1,45,48,58,151.0,PRIMARY,No,Fail
4148,Karim Chowdhury,16,other,khulna,7th,N/A,4.4,97,44,55,196.0,secondary,No,P
7691,Kabir Ahmed,16,O,Dacca,7,79.5,2.5,41,93,92,226.0,GRADUATE,No,FAIL
8962,Imran Chowdhury,14,M,Rangpur,Nine,81.4,5.2,93,53,45,191.0,unknown,yes,PASS
9698,Bristi Chowdhury,11,F,Dacca,Seven,69.1,2.8,92,31,52,175.0,Secondary,yes,FAIL
7840,Fatema Hossain,17,F,Rangpur,8,97.1,,57,35,90,188.0,higher secondary,0,fail
1779,,12,Female,Ctg,7,68.2,2.0,77,78,82,237.0,,no,F
2056,Jannat Hossain,14,Other,Barishal,06,75.6,5.1,98,66,56,220.0,Illiterate,yes,
4771,Hasan Chowdhury,18,,Barishal,6th,73.5,5.2,51,32,75,158.0,PRIMARY,,
8370,Farhan Khan,13,M,Rangpur,10th,79.1,4.3,53,80,89,222.0,N/A,0,Fail
2197,Riya Talukder,17,Female,Khulna,Ten,75.3,0.9,-3,58,51,106.0,primary,NO,PASS
9733,Tanvir Ahmed,11,male,Rangpur,6th,88.8,2.9,36,43,38,117.0,PRIMARY,NO,Pass
6788,Imran Islam,17,MALE,Chattogram,9,86.0,3.8,37,78,35,150.0,unknown,N,Fail
3188,Farhan Islam,12,other,chittagong,8th,84.6,4.9,90,69,32,191.0,Illiterate,Y,
1628,Farhan Sarker,17,MALE,Khulna,10,97.6,6.1,82,43,81,206.0,Graduate,No,Fail
1332,Rupa Sarker,16,FEMALE,rajshahi,10th,92.5,3.0,58,34,30,122.0,Higher Secondary,1,P
2227,Sabbir Akter,17,,KHULNA ,Seven,91.7,5.6,37,99,50,186.0,N/A,NO,P
6616,Nusrat Talukder,12,other,dhaka,8,68.3,3.4,58,53,71,182.0,Post Graduate,no,Fail
8083,Momo Hossain,18,MALE,Barishal,10th,85.1,1.5,65,40,76,181.0,Post Graduate,,Pass
4493,Rafi Sarker,13,Male,Rangpur,Nine,70.2,2.2,30,38,93,161.0,graduate,NO,pass
279,Sabbir Islam,14,male,Mymensingh,7th,87.3,0.7,79,96,73,248.0,graduate,yes,Pass
6897,Rupa Rahman,12,MALE,Mymensingh,7th,102.0,0.6,285,80,87,452.0,secondary,yes,
4147,Shila Ahmed,16,MALE,CHATTOGRAM,9th,71.9,3.5,61,96,59,216.0,Graduate,YES,fail
7148,Arif Das,14,FEMALE,KHULNA ,Eight,86.7,3.3,72,143,48,263.0,Post Graduate,Yes,FAIL
4519,Sohan Akter,18,F,barisal,9th,96.4,5.1,81,40,47,168.0,postgraduate,YES,P
7285,Jannat Islam,16,MALE,rangpur,6,77.1,1.0,49,35,43,127.0,N/A,N,F
9214,Shila Ahmed,18,MALE,Rajshahi,8th,83.7,2.3,53,98,80,231.0,Secondary,NO,P
1729,Anik Khan,,FEMALE,khulna,7,,3.8,75,88,63,226.0,N/A,N,FAIL
662,Nadia Ahmed,11,other,SYLHET,Ten,80.9,5.8,69,30,94,193.0,unknown,Yes,Fail
4909,Sohan Islam,18,female,mymensingh,10th,74.2,4.8,59,92,53,204.0,PRIMARY,,P
8032,Sabbir Rahman,16,FEMALE,khulna,8th,83.5,4.8,89,68,30,187.0,N/A,,PASS
8534,Tanvir Ahmed,16,M,Chattogram,Nine,105.7,4.9,85,36,40,161.0,Illiterate,No,
4159,Nadia Talukder,11,male,Chittagong,10,83.4,1.3,71,68,31,170.0,PRIMARY,yes,F
435,Hasan Khan,,MALE,,7,89.1,5.2,64,77,74,215.0,illiterate,NO,Pass
1272,Hasan Akter,16,FEMALE,rangpur,9th,90.9,4.1,-31,41,75,85.0,postgraduate,Yes,
78,Mitu Khan,14,FEMALE,dhaka,Eight,77.8,2.7,90,83,68,241.0,PRIMARY,0,PASS
6407,Sabbir Khan,14,male,barisal,8th,80.6,4.5,41,52,38,131.0,unknown,No,PASS
6736,Karim Sarker,13,Male,sylhet,Seven,78.2,4.8,39,64,35,138.0,Secondary,n/a,Pass
1257,Priya Talukder,17,FEMALE,dhaka,Ten,75.2,2.5,84,43,87,214.0,graduate,NO,pass
1047,Hasan Hossain,17,other,Khulna,9,92.7,2.1,32,82,60,174.0,,Yes,FAIL
4920,Priya Talukder,17,female,Rangpur,10,81.8,1.3,47,63,57,167.0,illiterate,Y,F
2939,Lima Talukder,12,F,DHAKA,Six,79.8,2.9,59,59,,118.0,Unknown,Y,Fail
2744,Hasan Das,12,M,Rangpur,8,97.0,24.3,99,63,80,242.0,postgraduate,,F
6865,Tanvir Khan,13,M,,8th,,3.4,57,79,65,201.0,primary,YES,P
3785,Jannat Khan,13,M,Rangpur,10,71.6,1.5,32,95,56,183.0,Secondary,N,P
6655,Sohan Das,12,FEMALE,Sylhet,7,75.5,2.0,63,48,95,206.0,primary,0,Pass
4782 ,Mitu Hossain,13,Other,Dhaka ,Ten,71.2,2.5,53,64,59,176.0,N/A,,
8941,Shila Akter,15,M,Barishal,06,77.0,4.4,91,57,84,232.0,Graduate,1,P
7750,Jannat Ahmed,13,male,,8,93.2,3.0,33,53,85,171.0,Unknown,no,PASS
547,Bristi Sarker,11,other,rajshahi,Six,95.0,2.6,268,65,66,399.0,graduate,N,Pass
9385,Nusrat Ahmed,14,,Chittagong,6,99.0,3.1,62,98,30,190.0,Higher Secondary,Yes,
3832,Arif Rahman,-13,Male,Dhaka,10th,74.7,3.6,88,32,185,305.0,Post Graduate,1,fail
3916 ,Farhan Hossain,15,Other,khulna,8th,71.9,4.5,85,88,61,234.0,Higher Secondary,No,fail
3457,Sadia Chowdhury,17,FEMALE,dhaka,9,66.4,0.6,93,52,87,232.0,Illiterate,0,pass
4008,Karim Sarker,14,female,Mymensingh,10th,98.8,2.5,32,36,38,106.0,unknown,0,
1125,Nusrat Chowdhury,17,MALE,mymensingh,Nine,82.3,0.8,99,91,76,266.0,GRADUATE,1,FAIL
7406,Rupa Khan,16,FEMALE,mymensingh,9th,67.9,3.4,43,83,50,176.0,PRIMARY,No,pass
768,Rakib Ahmed,13,O,Barisal,10th,77.1,3.2,89,92,86,267.0,GRADUATE,1,Pass
1175,Lima Chowdhury,18,MALE,mymensingh,7th,79.6,2.6,52,54,35,141.0,secondary,1,FAIL
8888,Jannat Hossain,13,FEMALE,mymensingh,10th,70.6,3.3,119,31,99,249.0,Unknown,N,fail
7490,Sabbir Khan,16,F,Khulna,8,81.6,3.1,40,85,73,198.0,Higher Secondary,Y,Pass
8434,Tanvir Chowdhury,16,Other,Chattogram,8,90.8,4.0,84,61,98,243.0,Graduate,YES,pass
263,Hasan Sarker,15,,Chattogram,06,71.0,2.9,97,81,56,234.0,secondary,0,Fail
1020,Jannat Khan,13,male,Rangpur,6th,64.8,2.0,59,37,86,182.0,Illiterate,,fail
5048,Rahim Das,,Female,Dhaka,Eight,101.8,2.8,80,91,78,249.0,secondary,YES,Fail
3875,Mim Ahmed,13,other,Khulna,9,78.4,1.5,32,64,65,161.0,primary,NO,pass
4739 ,Ayesha Das,12,O,Rangpur,Eight,97.6,3.5,93,90,87,270.0,higher secondary,,P
1013,Rakib Das,16,female,,Six,89.7,-1.0,80,42,73,195.0,illiterate,1,Pass
737,Sadia Rahman,15,,barisal,10th,102.3,3.3,42,83,86,211.0,Post Graduate,1,P
2241,Rafi Akter,16,Female,Barishal,Nine,N/A,4.8,92,115,67,274.0,secondary,No,
5823,Sabbir Akter,15,Other,Rajshahi ,Eight,81.4,1.3,57,76,89,222.0,Primary,0,P
5795,Lima Khan,15,O,KHULNA ,10th,66.2,3.1,74,92,35,201.0,Unknown,YES,Fail
5859,Rafi Talukder,11,O,mymensingh,Eight,84.4,3.0,75,78,35,188.0,,YES,F
4457,Shila Sarker,18,other,mymensingh,8th,79.5,,69,60,94,223.0,graduate,Y,Fail
3869,Shila Ahmed,13,M,khulna,7th,81.3,2.9,35,92,64,191.0,Post Graduate,No,Fail
3110,Farhan Ahmed,16,other,sylhet,10,85.9,2.7,97,68,49,214.0,unknown,yes,P
5654,Nadia Das,18,other,rajshahi,9th,71.2,1.6,92,96,65,253.0,higher secondary,Y,Fail
5741,rafi sarker,12,male,khulna,10th,,1.3,55,35,55,145.0,postgraduate,Yes,F
3007,Karim Hossain,15,O,Rajshahi,8,77.5,1.1,95,69,85,249.0,illiterate,n/a,P
4681,Tanvir Ahmed,18,F,KHULNA ,Eight,82.9,2.9,74,40,82,196.0,graduate,0,F
8074,Fatema Islam,16,F,Rajshahi ,Nine,-31.1,4.6,74,58,61,193.0,Secondary,0,FAIL
2911,Nadia Chowdhury,14,F,Chittagong,Six,82.0,4.9,86,62,36,184.0,PRIMARY,1,PASS
4558,Imran Khan,17,Other,Mymensingh,7th,88.0,4.2,95,38,47,181.0,PRIMARY,,Fail
STU-02489,Fatema Rahman,17,M,Rangpur,8,85.4,3.4,73,77,35,185.0,Graduate,n/a,PASS
4764,Rafi Khan,18,male,Rajshahi ,Six,96.9,2.5,85,66,65,216.0,,Y,P
3121,Nadia Sarker,18,F,Sylhet,Seven,81.8,4.3,88,60,42,190.0,Post Graduate,0,pass
8455,Tamim Das,16,male,SYLHET,7th,64.4,1.0,64,53,67,184.0,illiterate,YES,
4717,Jannat Akter,11,female,SYLHET,Nine,94.9,0.9,89,81,38,208.0,secondary,No,fail
6765,Nusrat Khan,12,Other,Chittagong,Seven,76.8,4.6,69,44,86,199.0,higher secondary,N,
1506,Rupa Talukder,13,Female,Barisal,9th,72.6,3.7,absent,83,96,179.0,primary,N,FAIL
6196,Bristi Chowdhury,12,male,SYLHET,10th,79.7,2.1,45,47,31,123.0,Higher Secondary,Y,fail
5008,Tanvir Akter,,other,Rangpur,6,70.5,3.2,79,30,83,192.0,unknown,no,F
3241,Shila Sarker,17,O,rangpur,8th,72.5,4.3,37,91,47,175.0,secondary,no,Pass
4520,Bristi Rahman,13,male,Barishal,10,73.5,3.8,83,58,50,,Graduate,N,
4236,Sadia Khan,17,FEMALE,Rajshahi,Six,66.3,2.5,73,99,80,252.0,higher secondary,YES,PASS
415,Riya Akter,12,,Rajshahi ,7th,82.5,1.2,97,66,85,248.0,Higher Secondary,Yes,
9704,Lima Khan,14,female,Ctg,10,82.4,2.7,45,52,221,318.0,higher secondary,,fail
5798,Momo Ahmed,16,Male,Mymensingh,7,95.4,2.8,46,65,,111.0,illiterate,Y,
1424,Sohan Talukder,12,M,Mymensingh,10th,87.8,0.1,61,82,88,231.0,secondary,Yes,FAIL
6035,Tamim Ahmed,15,Male,barisal,Six,83.1,6.2,68,35,61,164.0,,yes,fail
6133,Priya Hossain,14,other,Chattogram,7,83.6,5.3,34,55,53,,Graduate,Y,pass
5631,Nusrat Islam,12,F,Rangpur,7,85.9,-0.5,58,35,95,,Post Graduate,0,FAIL
7618,Priya Islam,14,other,CHATTOGRAM,9th,92.7,1.5,71,92,54,217.0,N/A,Y,fail
2300,Tanvir Rahman,14,MALE,Barisal,8th,89.4,2.8,55,65,98,218.0,PRIMARY,0,pass
1930,Nadia Das,12,MALE,Chattogram,Eight,84.8,1.6,57,84,87,228.0,graduate,,F
5757,Lima Khan,12,FEMALE,Barisal,6,87.1,4.4,34,41,50,125.0,Primary,YES,P
5028,Karim Ahmed,288,F,rangpur,Seven,106.9,5.2,54,52,89,195.0,graduate,Y,Pass
2509,Imran Ahmed,12,O,dhaka,8th,99.7,3.4,30,68,30,128.0,illiterate,YES,Fail
157,Karim Khan,16,female,Rangpur,9th,78.4,1.6,77,36,36,149.0,PRIMARY,no,Pass
5753,Anik Sarker,13,male,Khulna,8,105.5,4.9,99,56,83,238.0,Illiterate,YES,FAIL
6783,Momo Ahmed,13,,sylhet,Eight,92.2,4.7,61,83,65,209.0,illiterate,YES,Pass
7677,Riya Das,17,,SYLHET,6th,74.7,2.8,99,51,88,238.0,Illiterate,YES,fail
6658,Mim Das,12,Male,Rajshahi ,6th,87.3,0.5,48,79,83,210.0,primary,1,pass
2541,Riya Khan,18,O,barisal,Eight,74.9,3.3,39,47,78,164.0,Illiterate,No,pass
670,Rahim Chowdhury,18,MALE,barisal,8th,85.8,0.6,92,64,64,220.0,Secondary,Y,F
1023,Tanvir Rahman,14,female,Chittagong,8th,80.5,5.6,45,52,36,133.0,Post Graduate,1,fail
4646,Anik Islam,16,Female,Rangpur,6,69.9,5.5,72,90,69,231.0,Unknown,N,Fail
7551,Hasan Hossain,18,F,rangpur,6,83.4,3.6,68,34,97,199.0,postgraduate,,FAIL
5221,Kabir Khan,16,FEMALE,Khulna,Ten,87.7,3.4,58,70,97,225.0,postgraduate,No,Pass
9307,Hasan Sarker,12,Female,rangpur,8,77.0,4.9,94,69,53,216.0,secondary,,
2321,Mim Talukder,15,F,khulna,7,96.0,3.3,48,93,48,189.0,PRIMARY,1,fail
9404,Tamim Das,13,other,dhaka,9,73.5,1.6,51,34,53,138.0,GRADUATE,Yes,fail
1653,Sohan Akter,11,male,mymensingh,9,77.9,2.8,56,97,51,204.0,GRADUATE,Y,
884,Sohan Ahmed,fifteen,,  Dhaka,Ten,85.0,4.2,30,55,67,152.0,postgraduate,0,FAIL
34,Imran Hossain,18,FEMALE,Chittagong,6,70.6,4.8,48,77,32,157.0,illiterate,0,P
4104,Karim Talukder,,FEMALE,barisal,Six,93.1,2.2,95,42,44,181.0,higher secondary,0,PASS
7599,Rakib Rahman,13,male,SYLHET,Six,87.2,5.5,69,31,77,177.0,Primary,yes,PASS
669,Mitu Khan,12,O,KHULNA ,7th,85.6,3.7,43,42,36,121.0,Secondary,N,
9465,Rahim Hossain,15,Male,SYLHET,10,109.6,3.2,35,73,37,,illiterate,Yes,FAIL
2609,Tamim Ahmed,16,Other,rangpur,6th,93.2,4.0,71,49,40,160.0,Secondary,yes,
6942,Sabbir Khan,15,other,sylhet,9th,85.2,4.9,54,55,42,151.0,N/A,1,
1910,Lima Sarker,17,F,CHATTOGRAM,10th,65.5,2.5,37,98,91,226.0,Unknown,Y,pass
8406,Sadia Hossain,18,Male,KHULNA ,Eight,85.4,2.7,38,84,62,184.0,Post Graduate,no,
6800,Sadia Rahman,182,F,khulna,10th,99.4,3.2,65,51,76,192.0,Primary,yes,F
5096,Shila Rahman,13,,barisal,Eight,59.1,1.4,65,36,95,196.0,N/A,yes,
6090,Arif Talukder,17,female,Barisal,7,83.7,2.4,92,30,96,218.0,unknown,0,Fail
6721,Zayed Akter,13,O,Dacca,9,69.7,5.2,51,75,91,217.0,higher secondary,Yes,F
4172 ,Hasan Chowdhury,16,Other,Barishal,8,96.6,3.4,98,30,79,207.0,higher secondary,0,P
2450,Mim Sarker,14,female,SYLHET,Ten,,3.5,53,,75,128.0,postgraduate,no,Pass
3055,Sadia Rahman,14,MALE,barisal,Seven,72.9,4.0,69,42,55,error,Secondary,No,Pass
6262,Priya Talukder,14,FEMALE,DHAKA,10,,3.1,91,98,68,257.0,Post Graduate,0,PASS
8017,Bristi Islam,11,male,Chittagong,7,82.6,2.6,76,77,48,201.0,primary,no,FAIL
1494,Hasan Rahman,18,FEMALE,DHAKA,7,110.9,3.0,57,48,49,154.0,Illiterate,,pass
5568,Hasan Akter,13,MALE,khulna,7,84.4,2.3,73,35,86,194.0,unknown,1,FAIL
6125,Momo Sarker,18,,rangpur,Seven,80.3,5.7,33,61,82,176.0,primary,0,FAIL
1737,Sadia Islam,12,O,,Nine,85.8,4.3,47,84,82,213.0,secondary,no,Fail
STU-01880,Mitu Ahmed,14,female,Barishal,9,90.9,3.3,90,84,42,209.0,primary,1,fail
599,Jannat Sarker,15,M,DHAKA,8,79.9,6.3,50,41,79,170.0,higher secondary,YES,P
6180,Lima Talukder,11,male,Mymensingh,7th,84.5,4.3,47,60,72,179.0,Graduate,,P
1259,Ayesha Sarker,fifteen,F,Dhaka,Ten,86.3,2.5,92,55,94,241.0,,yes,fail
9338,Sadia Das,18,FEMALE,  Dhaka,Nine,98.5,2.3,74,77,92,243.0,Graduate,Yes,PASS
7097,Rahim Rahman,287,Male,Dacca,10,73.2,4.1,68,75,80,223.0,Primary,yes,Pass
3306,Sadia Ahmed,15,Male,rangpur,Nine,96.5,0.6,44,85,89,218.0,Illiterate,n/a,Fail
9429,Kabir Islam,17,FEMALE,rangpur,8,78.8,3.8,65,68,40,173.0,Secondary,NO,
8671,Sohan Islam,14,F,rangpur,Eight,84.4,2.5,33,81,36,150.0,Illiterate,No,pass
7268,Jannat Ahmed,-6,,Mymensign,Eight,81.9,4.9,45,92,71,208.0,PRIMARY,No,Pass
8704,Kabir Khan,13,Male,Mymensign,Seven,77.1,3.7,85,,94,179.0,Secondary,NO,pass
790,Kabir Ahmed,11,MALE,mymensingh,Seven,106.2,5.0,99,77,68,244.0,,No,Fail
2881,Mitu Islam,18,M,Chattogram,7,88.1,2.4,44,33,91,168.0,Post Graduate,yes,Pass
9849,Riya Ahmed,11,MALE,Mymensign,Eight,128.3,4.9,39,46,81,166.0,GRADUATE,yes,pass
4757,Farhan Rahman,16,M,Dhaka ,7,82.0,2.6,80,64,44,188.0,,0,FAIL
295,Sohan Hossain,11,other,Rajshahi ,Eight,83.9,2.9,41,61,42,144.0,unknown,N,pass
STU-02958,Rupa Rahman,17,MALE,Mymensign,06,67.0,4.8,75,77,56,208.0,,YES,P
1323,Fatema Islam,13,female,Chattogram,Eight,86.1,2.4,46,93,42,181.0,GRADUATE,Yes,pass
5729,Imran Rahman,12,M,Khulna,8th,73.5,4.0,70,78,40,188.0,,N,P
STU-08424,Rakib Khan,14,,Barishal,9,88.4,,,73,60,133.0,Secondary,no,Fail
8213,Jannat Das,12,F,Mymensign,7,78.9,3.5,35,97,77,209.0,Unknown,1,PASS
2775,Kabir Chowdhury,18,M,Mymensign,10th,86.0,2.3,77,81,67,225.0,postgraduate,n/a,F
7300 ,Jannat Islam,16,female,Dhaka,Ten,105.8,3.9,93,67,39,199.0,Primary,N,P
7349,Zayed Ahmed,14,other,Barisal,8th,93.0,2.8,46,81,88,215.0,illiterate,no,Pass
7741,Nusrat Islam,13,,,10th,75.8,6.4,87,69,67,223.0,,n/a,FAIL
3174,Anik Hossain,11,M,dhaka,6th,102.0,4.3,42,45,45,132.0,N/A,N,fail
8192,Mim Sarker,14,MALE,Mymensingh,9,102.0,2.6,70,57,91,218.0,Illiterate,Y,P
2488,Tamim Islam,18,Male,Sylhet,10th,71.9,4.6,30,63,38,131.0,primary,N,fail
6031,Mim Chowdhury,,Other,Rangpur,9th,91.8,4.2,86,57,94,237.0,GRADUATE,,
5767,Priya Khan,12,FEMALE,Mymensign,8,85.9,21.4,98,91,68,257.0,Post Graduate,n/a,
3085,Kabir Khan,15,M,rajshahi,Six,91.0,2.5,54,88,95,237.0,secondary,n/a,
3829,Nadia Hossain,18,FEMALE,Barisal,Nine,72.6,2.3,62,32,57,151.0,illiterate,Yes,F
945,Sabbir Akter,14,female,khulna,9,81.4,2.6,30,36,86,152.0,secondary,No,FAIL
5955,Tamim Chowdhury,15,M,Rangpur,6th,82.9,7.1,65,82,68,215.0,Higher Secondary,0,fail
7848,Sabbir Islam,12,male,Khulna,7th,91.0,3.5,41,92,37,170.0,higher secondary,Y,pass
4964,Ayesha Hossain,11,M,Khulna,10,133.0,2.8,96,78,80,254.0,Higher Secondary,1,FAIL
1146,Nusrat Rahman,11,O,rangpur,7th,76.5,4.4,41,57,73,171.0,PRIMARY,n/a,Pass
9389,Karim Das,17,O,Barishal,Six,,2.3,39,56,43,138.0,secondary,Y,fail
7611,Sadia Akter,11,female,Rangpur,Nine,85.4,4.9,73,48,50,171.0,Higher Secondary,,FAIL
3,Karim Rahman,11,male,rangpur,8,87.4,0.1,78,88,71,237.0,Higher Secondary,N,P
6193,Bristi Sarker,16,O,Chattogram,8,79.7,5.3,31,65,67,163.0,higher secondary,n/a,fail
8102,Imran Ahmed,11,FEMALE,CHATTOGRAM,9th,77.8,2.4,54,43,absent,97.0,Illiterate,n/a,pass
5061,Kabir Akter,11,female,mymensingh,10,104.6,4.7,81,76,49,206.0,Unknown,n/a,FAIL
9599,Fatema Islam,14,male,,7th,72.2,2.2,63,92,60,,Post Graduate,yes,pass
2534,Sabbir Sarker,14,,dhaka,Eight,89.4,3.7,82,83,,165.0,graduate,1,Fail
5817,Hasan Ahmed,17,MALE,SYLHET,8,101.1,1.6,58,44,48,150.0,GRADUATE,1,PASS
654,Sabbir Talukder,13,female,Ctg,10th,76.6,0.2,78,91,67,236.0,primary,NO,P
5457,Nadia Sarker,11,MALE,rajshahi,10,79.8,3.3,98,97,90,285.0,Secondary,N,Fail
6919,Kabir Khan,13,Male,mymensingh,7,86.3,2.9,72,,,,unknown,1,Fail
7372,hasan das,17,,Sylhet,8,106.3,4.6,,98,66,164.0,Post Graduate,Y,FAIL
7776,Rupa Akter,17,MALE,SYLHET,8,89.5,1.5,65,85,64,214.0,N/A,Yes,PASS
3464,Mitu Sarker,15,,rangpur,9th,85.3,4.7,60,91,47,198.0,Primary,yes,FAIL
7552,Tamim Hossain,14,FEMALE,Rangpur,Seven,78.5,3.0,49,70,99,218.0,Primary,1,PASS
745,Arif Chowdhury,13,FEMALE,Mymensingh,9th,75.1,4.0,79,90,64,233.0,Illiterate,0,Fail
7699,Fatema Talukder,16,F,rangpur,Nine,83.1,1.8,53,98,69,220.0,Higher Secondary,,Pass
4356 ,Rafi Das,14,,KHULNA ,10th,71.8,4.3,81,40,39,160.0,,0,
2590,Momo Islam,11,female,Ctg,9,70.6,0.1,82,60,91,233.0,higher secondary,YES,F
4630,Priya Ahmed,17,FEMALE,Barishal,7,,3.2,63,79,40,182.0,Primary,N,PASS
8278,Sohan Islam,11,,rajshahi,10,91.7,2.2,86,62,153,301.0,PRIMARY,N,F
2617,Imran Islam,14,Other,Chattogram,7,91.7,3.2,77,31,58,166.0,Secondary,YES,F
634,Nusrat Khan,16,F,Sylhet,06,92.0,3.3,88,42,68,198.0,Illiterate,YES,fail
4653,Priya Ahmed,15,O,Mymensingh,Nine,84.8,4.9,54,36,67,157.0,Secondary,,PASS
2969,Sohan Chowdhury,13,M,khulna,6,94.1,4.6,98,92,79,269.0,Unknown,0,PASS
3505,Mitu Chowdhury,18,O,KHULNA ,Seven,83.0,1.9,52,55,83,190.0,Unknown,No,pass
8730,Rafi Khan,14,FEMALE,Mymensingh,7,78.6,2.6,69,38,91,198.0,postgraduate,N,FAIL
591,Tamim Ahmed,16,FEMALE,KHULNA ,7th,71.4,2.5,58,47,31,136.0,Illiterate,0,Fail
5903,Momo Khan,17,female,Dacca,8th,88.4,2.6,77,43,160,280.0,Secondary,Yes,F
6079,Rahim Ahmed,12,male,Rangpur,Seven,85.2,4.8,96,84,91,271.0,illiterate,yes,Pass
887,Sohan Ahmed,15,Other,sylhet,8th,81.6,0.4,62,88,47,197.0,N/A,Yes,pass
3691,Sabbir Akter,12,male,rajshahi,7,91.7,2.4,70,97,,167.0,PRIMARY,1,PASS
4083,Rakib Khan,11,F,Rangpur,Six,72.7,2.4,79,60,93,232.0,primary,NO,F
8561,Rahim Ahmed,14,male,Mymensign,10,70.2,5.3,87,73,43,203.0,N/A,,pass
3999,Hasan Khan,17,Other,Rangpur,10,90.8,1.7,55,71,67,193.0,N/A,No,P
4592,Lima Khan,176,other,DHAKA,10th,102.1,4.7,43,41,98,182.0,Primary,0,Fail
3049,Farhan Islam,14,,CHATTOGRAM,Nine,129.1,3.4,54,96,82,232.0,Unknown,Y,
6177,Zayed Das,16,F,Chattogram,Seven,86.9,3.0,71,111,83,265.0,GRADUATE,YES,pass
363,Mim Islam,11,M,rangpur,6,92.7,2.7,71,89,99,259.0,Secondary,1,Pass
2028,Nadia Khan,11,F,Khulna,9th,,1.4,75,33,67,175.0,,Y,Pass
8417,Sabbir Ahmed,12,Female,DHAKA,6,64.1,4.9,36,61,83,180.0,,N,PASS
5247,Sohan Khan,16,O,Rajshahi ,7,91.0,2.6,92,55,42,189.0,PRIMARY,N,Fail
829,Anik Sarker,13,MALE,Rajshahi ,06,79.1,4.5,36,69,99,204.0,Higher Secondary,no,fail
8767,Lima Das,13,FEMALE,Rangpur,9,77.8,3.8,65,70,36,171.0,Graduate,NO,P
644,Imran Ahmed,13,male,dhaka,Six,68.3,2.0,50,95,92,237.0,Primary,n/a,Pass
9514,Jannat Akter,12,O,Khulna,Nine,85.7,2.9,58,297,40,395.0,Post Graduate,yes,P
6748,Momo Islam,fifteen,F,Barisal,Nine,87.9,4.5,71,47,34,152.0,secondary,no,F
8037,Bristi Rahman,12,,Sylhet,Six,77.2,3.0,80,65,64,209.0,Higher Secondary,Yes,FAIL
1017,Nadia Talukder,13,M,rangpur,6,84.9,,53,82,99,,higher secondary,yes,FAIL
STU-00663,Zayed Khan,11,F,barisal,10,66.3,4.5,50,51,67,168.0,PRIMARY,0,pass
5090,Rakib Khan,12,other,Chittagong,Nine,82.8,6.4,35,49,85,169.0,,,Fail
4745,Kabir Talukder,16,O,Barisal,Ten,87.6,,68,70,65,203.0,Illiterate,YES,Fail
2083,Mim Talukder,17,MALE,SYLHET,Ten,82.5,3.6,39,43,75,157.0,unknown,yes,P
2168,Shila Ahmed,11,,rangpur,Nine,82.0,2.5,37,39,58,,unknown,No,PASS
5809,Hasan Hossain,11,male,Barishal,06,96.4,3.2,41,91,69,201.0,postgraduate,no,Pass
71,Kabir Talukder,11,MALE,mymensingh,9,81.7,7.9,42,88,48,178.0,Secondary,n/a,fail
9020,Ayesha Khan,12,,rangpur,9th,81.9,3.7,63,31,49,143.0,Secondary,N,fail
5181,Anik Hossain,11,F,DHAKA,Eight,78.0,1.2,36,45,80,161.0,Unknown,yes,PASS
9220,Rafi Akter,12,female,mymensingh,6,90.6,0.6,88,38,71,197.0,Unknown,yes,Fail
2627,Nadia Ahmed,17,male,Khulna,7th,83.9,-3.6,58,77,45,180.0,Post Graduate,,fail
9507,Rafi Hossain,16,F,mymensingh,Six,100.2,3.6,59,94,45,198.0,Graduate,0,P
9440,,11,other,rangpur,Ten,100.1,0.9,95,,35,130.0,Higher Secondary,n/a,Pass
5783,Arif Chowdhury,17,Female,,9,86.5,1.9,59,65,97,221.0,GRADUATE,No,Fail
6004,Rafi Hossain,13,Other,rajshahi,06,103.8,4.0,67,96,77,240.0,primary,YES,pass
3197,Shila Talukder,11,M,Mymensingh,Nine,95.0,2.4,55,64,92,211.0,higher secondary,No,Fail
5409,Tamim Islam,18,O,SYLHET,Seven,88.9,3.2,87,67,73,218.0,Secondary,NO,FAIL
6927,Nadia Das,,F,Rangpur,6,82.3,3.8,42,40,99,165.0,Higher Secondary,YES,FAIL
2638,Rafi Sarker,15,male,Ctg,10,78.1,2.9,45,57,80,182.0,Post Graduate,Yes,F
3681,Ayesha Ahmed,13,FEMALE,SYLHET,Seven,84.1,5.7,57,38,53,148.0,Post Graduate,Yes,
2222,Rahim Rahman,16,MALE,sylhet,9th,95.9,3.0,34,82,95,211.0,secondary,0,FAIL
9408,Ayesha Hossain,14,female,DHAKA,06,84.3,2.6,-5,37,72,104.0,secondary,Yes,F
9830,Jannat Hossain,11,,mymensingh,7,85.0,4.5,99,92,82,error,primary,1,Fail
6769,Riya Khan,,,Dhaka,06,99.4,4.8,98,97,38,230.0,Higher Secondary,n/a,fail
5025,Bristi Talukder,14,Female,Khulna,Eight,74.5,2.3,92,32,61,185.0,Post Graduate,1,fail
7290,Riya Islam,14,Male,KHULNA ,Seven,100.5,4.0,60,77,61,198.0,Graduate,,Fail
8657,Sabbir Das,16,Male,,7,90.0,1.4,73,59,83,215.0,Graduate,NO,PASS
7164,Kabir Das,17,other,chittagong,7th,79.8,4.1,43,,39,error,Primary,No,F
2896,Kabir Ahmed,16,other,Dacca,Eight,,3.8,39,37,55,131.0,illiterate,no,P
4059,Nusrat Das,-10,Other,khulna,9,79.0,24.3,81,51,73,205.0,Unknown,Y,FAIL
5345,Karim Hossain,16,male,Barisal,Nine,87.2,1.8,282,65,96,443.0,,no,fail
8331,Bristi Rahman,16,,CHATTOGRAM,Eight,-49.4,4.0,72,69,60,201.0,unknown,1,
2657,Imran Islam,17,O,Barishal,Nine,108.7,4.3,75,69,90,234.0,secondary,YES,P
8655,Nusrat Sarker,13,O,CHATTOGRAM,6,87.5,1.9,57,40,61,158.0,graduate,NO,
3413,Kabir Chowdhury,14,F,Dhaka ,Eight,56.6,0.9,45,36,38,119.0,PRIMARY,,PASS
8782,Mitu Das,14,FEMALE,Dacca,10th,-22.0,2.1,31,46,81,158.0,Higher Secondary,n/a,FAIL
10,Hasan Ahmed,18,male,Rajshahi,9,71.5,1.7,70,58,44,172.0,Unknown,yes,Pass
9057,Arif Das,18,male,Ctg,Ten,82.7,1.9,54,45,35,134.0,Graduate,No,PASS
7000,Arif Akter,14,M,SYLHET,10,72.8,2.6,56,50,47,153.0,N/A,N,PASS
2454,Karim Khan,18,MALE,mymensingh,10,91.1,4.3,39,278,63,380.0,Secondary,1,fail
9431,Rupa Ahmed,15,male,Mymensign,Eight,77.7,5.0,79,45,38,162.0,primary,Y,
5575,Imran Ahmed,16,M,Dacca,8,86.8,2.6,56,36,38,130.0,Primary,Y,fail
3066,Tanvir Talukder,17,MALE,Rangpur,06,79.2,2.8,74,63,50,187.0,Unknown,Yes,fail
6731,Tamim Sarker,17,,Rangpur,7,97.4,4.9,54,64,74,192.0,Illiterate,NO,F
5534,Tanvir Das,18,FEMALE,rajshahi,8th,86.2,3.4,59,64,88,211.0,graduate,N,F
1957 ,Rafi Akter,18,other,Chittagong,7th,93.6,0.5,60,60,95,215.0,Unknown,NO,pass
8471,Arif Ahmed,14,M,Mymensign,Ten,92.9,2.3,78,55,59,192.0,Secondary,Yes,Pass
7229,Priya Talukder,13,O,sylhet,Eight,154.3,4.2,33,79,33,,graduate,No,Fail
7443,Jannat Hossain,13,MALE,Mymensign,Seven,75.6,-1.5,55,213,49,317.0,Unknown,yes,Fail
9741,Imran Sarker,11,FEMALE,Barisal,Ten,81.4,4.6,34,47,40,121.0,illiterate,Yes,fail
9554,Nusrat Chowdhury,15,O,SYLHET,6th,97.1,3.3,59,54,59,172.0,Higher Secondary,YES,F
1483,Kabir Ahmed,17,Male,Sylhet,06,92.0,3.8,93,51,44,188.0,graduate,no,pass
4245,Shila Islam,16,FEMALE,mymensingh,Ten,85.2,4.7,72,39,68,179.0,,no,FAIL
8328,Mitu Akter,15,Other,Chittagong,7th,65.0,4.5,86,59,37,182.0,secondary,Y,FAIL
2731,Ayesha Rahman,16,FEMALE,Mymensign,7,82.0,0.8,73,31,88,192.0,primary,n/a,Fail
7531,Arif Chowdhury,11,M,DHAKA,9,83.1,5.2,36,46,61,143.0,,YES,pass
2494,Rupa Akter,13,male,Rajshahi,6th,95.9,2.7,35,86,33,154.0,GRADUATE,YES,PASS
4127,Zayed Rahman,18,M,rangpur,Ten,69.0,5.1,67,99,88,254.0,illiterate,NO,Fail
7119,Rafi Rahman,,F,Barisal,10,71.7,1.9,53,42,36,131.0,Unknown,N,P
285,Sohan Hossain,15,other,khulna,8,82.6,2.4,61,62,45,168.0,secondary,yes,FAIL
3418 ,Sadia Rahman,18,Female,Mymensingh,9th,77.9,2.3,55,58,38,151.0,Graduate,no,Fail
STU-02037,Farhan Akter,13,Other,CHATTOGRAM,06,91.1,2.5,61,74,81,216.0,secondary,0,Fail
821,Anik Rahman,14,MALE,Dhaka ,Eight,77.0,7.0,71,86,95,252.0,PRIMARY,yes,Fail
9611,Rakib Talukder,12,FEMALE,Dhaka,Ten,108.2,3.6,41,48,56,145.0,postgraduate,0,
6735,Shila Islam,14,Other,KHULNA ,9th,77.8,4.7,55,89,47,191.0,,Yes,pass
3877,Riya Talukder,13,Other,Dhaka,Seven,84.8,5.6,67,69,48,error,unknown,n/a,PASS
STU-08647,Momo Akter,12,Female,Mymensingh,6,82.2,4.5,54,98,46,198.0,primary,N,Pass
8513,Anik Das,16,male,Rangpur,7th,87.0,1.1,-21,82,99,160.0,Higher Secondary,No,Fail
525,Hasan Sarker,17,,KHULNA ,10th,100.2,2.3,49,58,53,160.0,,YES,
STU-00892,Momo Sarker,16,MALE,Barisal,Nine,97.1,0.7,,73,82,155.0,,Yes,
3593,Nusrat Sarker,14,,Rangpur,9,95.4,2.3,70,34,44,148.0,,0,F
8631,Karim Ahmed,11,,mymensingh,Six,85.9,2.1,74,42,43,159.0,primary,YES,FAIL
4671,Jannat Hossain,16,O,rangpur,06,78.0,1.9,81,45,34,160.0,,no,pass
9113,Sohan Das,14,Male,rangpur,10th,83.5,2.6,84,52,73,209.0,Post Graduate,Y,pass
5344,Anik Chowdhury,15,female,barisal,8,89.5,4.7,42,97,99,238.0,GRADUATE,Y,fail
1530,Rupa Akter,17,FEMALE,sylhet,Ten,92.9,0.3,50,84,86,220.0,higher secondary,n/a,FAIL
2943,Fatema Akter,14,Other,Chittagong,Eight,80.7,1.0,79,78,50,,Secondary,No,P
499,Mim Khan,12,,rajshahi,8th,89.1,1.0,70,48,75,193.0,,no,FAIL
2547,Sohan Sarker,14,O,khulna,9th,72.7,3.2,53,41,,94.0,Illiterate,Yes,Fail
2783,Hasan Ahmed,16,Male,Rangpur,Eight,95.2,0.0,80,66,35,181.0,Higher Secondary,No,fail
5080,Shila Das,13,FEMALE,Mymensign,Seven,105.0,,55,83,90,228.0,illiterate,N,P
5968,Rahim Islam,16,Other,CHATTOGRAM,10,120.4,3.0,,79,86,165.0,postgraduate,no,PASS
4247,Rakib Talukder,18,MALE,Rajshahi ,7,82.3,0.3,72,56,85,213.0,PRIMARY,NO,Pass
380,Sohan Rahman,16,other,Rangpur,10th,79.3,1.0,91,64,48,203.0,secondary,N,F
2581,Zayed Talukder,12,Male,Barisal,9,79.3,4.0,294,93,57,444.0,Higher Secondary,,
5197,Rupa Khan,16,male,Rangpur,Nine,81.7,1.8,76,66,70,212.0,GRADUATE,0,PASS
4865,Zayed Sarker,12,MALE,Rangpur,10th,90.6,6.1,39,40,69,148.0,unknown,yes,PASS
9315,Shila Khan,11,Female,khulna,Ten,79.1,-0.8,33,36,,69.0,graduate,1,FAIL
9558,Imran Hossain,14,Female,Dhaka,Eight,83.6,2.7,37,93,41,171.0,graduate,Yes,Fail
191,Kabir Rahman,11,Other,Dacca,7th,90.2,4.8,78,38,49,165.0,PRIMARY,n/a,PASS
6575,Hasan Ahmed,17,Male,barisal,7,102.7,2.6,-40,67,61,88.0,N/A,yes,PASS
1721,tanvir talukder,16,MALE,sylhet,Seven,84.1,2.0,49,64,63,176.0,Higher Secondary,N,Fail
8402,Priya Rahman,14,FEMALE,rangpur,9,95.7,1.1,50,40,89,179.0,postgraduate,n/a,FAIL
6726,Imran Rahman,15,other,SYLHET,9th,86.9,2.4,85,65,71,221.0,graduate,N,FAIL
21,Tanvir Akter,16,FEMALE,Mymensign,9th,76.3,2.2,56,38,91,185.0,Graduate,,Fail
7221,Farhan Khan,17,FEMALE,Rajshahi ,6,90.7,5.1,84,33,41,158.0,GRADUATE,N,Fail
6409,Imran Sarker,16,Male,Rajshahi ,Nine,76.2,4.7,36,81,74,191.0,,no,pass
3889,Mitu Das,17,Male,Dhaka,Six,86.6,1.8,58,69,74,201.0,graduate,,Fail
2867,Mitu Akter,12,Male,Mymensign,Ten,82.7,4.8,41,42,38,121.0,postgraduate,YES,fail
2047,Anik Das,,,Barisal,10th,98.0,3.4,53,39,42,134.0,Illiterate,No,F
7492,Jannat Das,14,Other,mymensingh,10th,75.5,2.7,56,99,,,Post Graduate,1,P
9060,Nusrat Chowdhury,18,MALE,Rajshahi,8th,84.7,1.2,48,91,43,182.0,higher secondary,N,Pass
5103,Hasan Hossain,18,F,SYLHET,7,93.9,4.3,81,32,68,181.0,N/A,NO,pass
7433,,18,MALE,Rangpur,Nine,90.3,3.3,93,absent,62,155.0,Unknown,yes,
8367,Momo Sarker,14,FEMALE,Barishal,8th,69.2,0.8,80,30,85,195.0,primary,no,fail
8640,Ayesha Talukder,16,Male,khulna,9th,82.4,5.4,90,75,85,250.0,unknown,1,pass
9065,Rakib Hossain,18,female,Barishal,Six,76.7,2.0,87,32,72,191.0,primary,1,P
9560,Rakib Talukder,16,other,Mymensign,7,90.2,4.5,53,31,81,165.0,postgraduate,Yes,Pass
190,Rahim Ahmed,13,other,Rajshahi,Eight,96.4,2.5,83,86,70,239.0,postgraduate,N,
8391,Imran Hossain,14,female,Barishal,8,78.5,-1.8,44,83,90,217.0,secondary,N,fail
4907 ,Tanvir Chowdhury,11,female,rangpur,6th,81.1,1.5,33,95,78,206.0,,Yes,
151,Rafi Das,11,M,rangpur,8,82.5,27.0,95,67,80,242.0,Higher Secondary,0,fail
6607,Sadia Rahman,14,Female,rajshahi,10th,90.9,2.7,56,64,79,199.0,Illiterate,Yes,Pass
23,Farhan Sarker,18,FEMALE,khulna,10th,64.1,4.9,91,87,81,259.0,Unknown,NO,PASS
1976,Lima Sarker,17,FEMALE,SYLHET,10th,81.2,1.6,59,80,62,201.0,GRADUATE,n/a,F
2803,Rakib Hossain,17,male,mymensingh,10th,84.1,4.8,58,50,83,191.0,Higher Secondary,no,PASS
8846,Mim Khan,13,Female,Mymensingh,Nine,66.2,2.3,36,58,60,154.0,higher secondary,YES,F
5428,Tanvir Ahmed,16,Other,Dacca,6th,61.5,,69,70,36,175.0,higher secondary,N,Pass
6497,Momo Islam,16,Other,Dhaka ,8th,68.5,6.0,85,63,55,203.0,PRIMARY,No,fail
6992,Sabbir Ahmed,16,Other,Mymensign,Six,88.8,2.5,66,66,36,168.0,postgraduate,,P
4754,Sabbir Khan,16,Female,Ctg,10,79.7,1.7,50,75,47,172.0,,N,F
2356,Farhan Ahmed,13,Female,KHULNA ,10,88.2,1.0,229,80,45,354.0,Post Graduate,No,P
7273,Fatema Rahman,16,M,CHATTOGRAM,9th,108.5,2.4,43,81,81,205.0,graduate,yes,PASS
6832,Lima Ahmed,18,,Sylhet,06,91.2,1.3,38,83,34,155.0,,No,fail
1383,Shila Khan,18,Other,Barishal,8th,89.5,4.5,50,40,31,121.0,PRIMARY,1,pass
1808,Zayed Chowdhury,18,MALE,mymensingh,10th,,1.9,80,36,58,174.0,Illiterate,No,F
8855,Mitu Chowdhury,11,FEMALE,  Dhaka,7,98.7,1.2,90,95,74,259.0,Primary,yes,
2799,Mim Akter,14,Female,barisal,8,90.5,2.8,90,55,66,211.0,,Yes,fail
551,Ayesha Hossain,11,FEMALE,Chittagong,7th,90.4,1.4,96,,64,,postgraduate,NO,pass
6312,Rupa Chowdhury,,,rajshahi,9th,93.9,4.8,59,56,78,193.0,postgraduate,0,F
2707,Jannat Islam,14,Female,Barishal,10,99.8,1.4,47,212,,259.0,unknown,N,F
6747,Nusrat Khan,12,,rangpur,Six,88.0,3.9,59,-29,97,127.0,,,PASS
1289,Kabir Ahmed,14,Male,rajshahi,8th,95.8,1.1,85,52,47,184.0,GRADUATE,1,pass
6518,Tanvir Talukder,15,Other,Barishal,10,76.9,5.7,66,85,81,232.0,GRADUATE,,fail
9539,Nadia Das,13,Male,Dacca,10,76.6,5.5,48,42,86,176.0,graduate,n/a,F
5036 ,Lima Ahmed,18,other,barisal,Six,89.2,2.3,96,68,79,243.0,Higher Secondary,N,FAIL
7386,Jannat Islam,12,Male,Mymensingh,8,80.0,3.4,91,91,99,,Post Graduate,n/a,P
2818,Sohan Akter,17,female,Sylhet,7,82.6,2.1,88,35,138,261.0,,NO,P
8262,Tamim Das,11,Other,CHATTOGRAM,Seven,97.7,2.9,36,63,40,139.0,Primary,N,FAIL
7466,Nadia Talukder,11,,Rangpur,7th,92.7,5.1,33,97,44,174.0,postgraduate,0,fail
7598,Momo Das,18,Male,rangpur,9,94.2,4.9,69,70,67,206.0,primary,Y,fail
5986,Riya Khan,15,Male,DHAKA,10th,86.9,4.8,57,76,30,163.0,Unknown,Yes,FAIL
9585,Karim Islam,15,O,SYLHET,6,88.2,2.0,62,97,40,199.0,secondary,no,pass
9321,Momo Ahmed,16,,CHATTOGRAM,10th,89.1,,65,58,33,156.0,GRADUATE,Y,
2104,Anik Akter,11,male,Khulna,Eight,81.0,,83,40,89,212.0,GRADUATE,Y,
5624,Mim Talukder,,F,Ctg,Eight,80.8,4.6,90,83,89,262.0,graduate,1,PASS
4437,Karim Chowdhury,12,Other,Barisal,9,92.8,2.8,280,56,63,399.0,unknown,N,P
2415,Zayed Khan,13,FEMALE,rangpur,7th,103.8,3.4,37,94,38,169.0,Graduate,Y,FAIL
4991,Nadia Hossain,14,FEMALE,Dhaka ,8th,88.0,3.9,92,54,56,202.0,Primary,no,FAIL
2830,Kabir Akter,14,,Rajshahi,10th,87.4,6.3,71,34,79,184.0,Graduate,NO,F
3604,Ayesha Das,17,Other,Mymensingh,10,86.6,4.3,79,53,66,198.0,illiterate,Y,Fail
4517,Imran Rahman,16,female,Dacca,Six,76.4,2.7,178,74,absent,252.0,Illiterate,yes,Pass
4858,Jannat Das,16,M,barisal,Ten,79.4,2.7,77,60,33,170.0,postgraduate,yes,P
3516,Sadia Chowdhury,11,M,Khulna,Ten,86.4,2.1,96,41,84,221.0,,0,P
2390,Hasan Das,-9,M,mymensingh,06,71.7,5.0,52,62,49,163.0,unknown,YES,FAIL
6663,Ayesha Chowdhury,18,F,Chattogram,7th,86.5,2.2,96,33,54,183.0,N/A,Y,F
7350,Priya Das,17,F,Mymensingh,7,97.7,4.2,36,67,61,164.0,,yes,PASS
865,Rupa Talukder,17,FEMALE,Sylhet,Seven,98.3,0.9,72,55,62,189.0,GRADUATE,1,fail
1869,Jannat Ahmed,18,Male,rangpur,8,96.0,2.9,98,49,36,183.0,Unknown,Yes,FAIL
4085,Ayesha Rahman,13,Male,barisal,06,80.0,4.8,40,89,94,223.0,unknown,yes,F
504,Hasan Das,15,O,Sylhet,Seven,76.3,4.0,67,90,32,189.0,higher secondary,Yes,PASS
3442,Priya Akter,18,Male,Dacca,8th,,4.0,70,76,55,201.0,GRADUATE,1,pass
5675,Imran Sarker,12,Female,rajshahi,10th,83.9,3.1,58,84,90,232.0,higher secondary,1,P
3805,Mitu Islam,18,other,Mymensign,Eight,74.9,0.2,82,34,189,305.0,PRIMARY,,FAIL
770,Mim Ahmed,11,FEMALE,Khulna,8th,100.3,4.0,77,74,42,193.0,,Y,FAIL
885,Mim Ahmed,16,Female,Khulna,10,84.7,2.2,73,91,35,199.0,Unknown,0,P
5657,Rafi Sarker,11,,Sylhet,Nine,71.7,3.2,71,94,62,227.0,Primary,yes,P
8767,Lima Das,13,FEMALE,Rangpur,9,77.8,3.8,65,70,36,171.0,Graduate,NO,P
9160,Kabir Sarker,14,male,Chattogram,10,101.1,2.1,37,85,59,181.0,Secondary,YES,pass
6595,Riya Sarker,13,Male,Mymensign,9,99.3,5.5,45,58,50,153.0,PRIMARY,1,
2527,Farhan Akter,11,F,khulna,9,75.2,2.5,31,62,39,132.0,,No,PASS
8773,Anik Ahmed,17,,Barisal,Eight,104.3,4.0,93,95,78,266.0,Primary,0,fail
2441,Rupa Das,11,female,DHAKA,8th,,3.1,69,99,39,207.0,graduate,Y,Fail
4006 ,Arif Sarker,11,Female,Rajshahi ,9,83.6,3.1,61,79,56,196.0,illiterate,n/a,fail
1287,Farhan Das,15,Female,Rajshahi,Nine,83.0,2.8,93,98,97,288.0,unknown,NO,FAIL
7194,Rakib Das,13,,Mymensingh,06,82.1,2.9,58,99,85,242.0,illiterate,N,fail
STU-05389,Rakib Chowdhury,11,O,Ctg,8,92.8,4.3,43,50,87,180.0,graduate,YES,PASS
3594,Shila Islam,15,Other,Rangpur,10,80.7,3.8,64,221,44,329.0,Higher Secondary,n/a,FAIL
711,bristi khan,18,F,Chattogram,8,N/A,2.9,69,39,77,185.0,Higher Secondary,no,Pass
2341,Tamim Sarker,18,MALE,Barishal,7,105.6,5.0,58,89,58,205.0,Unknown,n/a,F
1867,Imran Sarker,17,other,Ctg,Ten,81.8,1.7,75,45,43,163.0,Higher Secondary,0,Pass
99,Sohan Talukder,15,O,SYLHET,8,68.0,2.9,98,63,35,196.0,PRIMARY,NO,Pass
4987,Zayed Chowdhury,18,M,Khulna,8th,82.4,3.8,69,49,64,182.0,Higher Secondary,No,Fail
1402 ,Momo Chowdhury,-10,male,rangpur,9,,1.0,94,81,43,218.0,Secondary,NO,FAIL
1983,Tanvir Islam,14,O,Dhaka,Ten,76.9,4.8,54,65,87,,GRADUATE,YES,F
9835,Rakib Sarker,18,M,CHATTOGRAM,10th,92.2,3.5,84,84,74,242.0,secondary,yes,FAIL
8806,Rafi Akter,15,M,Rajshahi ,9,87.1,4.5,50,58,44,152.0,Primary,YES,F
5932,Nadia Talukder,15,other,,Eight,87.3,3.1,43,87,64,194.0,Unknown,0,pass
5136,Hasan Rahman,16,F,Rajshahi,9,75.1,3.8,66,74,88,228.0,postgraduate,Y,Fail
4354,Rafi Rahman,297,,KHULNA ,10,56.1,4.8,84,53,54,,postgraduate,no,PASS
4893,Mim Islam,17,F,Barisal,10,204.7,4.9,66,51,56,173.0,illiterate,,F
2596,Rakib Talukder,17,F,KHULNA ,7th,87.8,0.9,40,51,86,177.0,,Y,PASS
5052,Ayesha Talukder,11,,sylhet,Seven,82.7,2.2,38,67,82,187.0,N/A,no,P
5159,Kabir Ahmed,12,other,Rajshahi ,10,96.2,3.0,84,34,98,216.0,secondary,Y,fail
7818,Farhan Das,18,M,Rangpur,7,86.0,0.7,79,34,72,185.0,N/A,N,P
1251,Priya Chowdhury,,,Sylhet,8,93.0,4.2,32,97,70,199.0,unknown,no,pass
4674,Farhan Sarker,15,M,Mymensingh,10,93.5,4.4,62,81,84,227.0,Secondary,NO,fail
1466,Rakib Hossain,11,,khulna,9,92.7,3.3,80,79,40,199.0,N/A,,
8080,Riya Akter,13,M,Dhaka ,8,91.4,1.2,,37,86,123.0,Primary,N,F
9650,Tamim Akter,14,,Barisal,Six,90.2,4.3,63,94,56,213.0,Higher Secondary,n/a,P
5727,Sabbir Hossain,17,FEMALE,rajshahi,10,79.9,3.1,78,67,85,,N/A,YES,P
1399,Tamim Rahman,12,,barisal,6,65.2,2.8,,89,38,127.0,graduate,n/a,PASS
4767,Rakib Hossain,17,Female,KHULNA ,7th,83.4,1.6,91,204,73,368.0,Graduate,Y,FAIL
5359,Kabir Hossain,16,Other,Barisal,8,88.2,1.5,58,86,91,235.0,secondary,No,FAIL
5523,Nadia Sarker,,Female,rangpur,Ten,85.6,6.7,40,46,39,125.0,PRIMARY,Y,PASS
2762,Jannat Hossain,13,male,Sylhet,Six,75.2,2.8,72,39,60,171.0,illiterate,N,PASS
9615,Mim Ahmed,17,MALE,Barisal,8,89.6,2.9,178,134,49,361.0,PRIMARY,0,P
6555,Nadia Islam,13,Female,Ctg,Eight,-40.1,4.5,91,86,49,226.0,Unknown,N,pass
4368,Kabir Sarker,11,FEMALE,Sylhet,8th,71.5,5.0,95,69,95,259.0,Primary,,F
2023,Lima Sarker,18,female,KHULNA ,7th,82.2,2.4,,37,39,76.0,GRADUATE,,Fail
1197,Sabbir Sarker,16,female,Dacca,6,90.9,2.0,57,205,94,356.0,postgraduate,N,P
4513,Kabir Das,15,FEMALE,CHATTOGRAM,Eight,91.8,5.3,58,73,58,189.0,N/A,YES,fail
1134,Kabir Rahman,17,M,khulna,8,80.6,2.2,58,95,45,198.0,Primary,yes,Pass
2286,nadia akter,15,female,Chittagong,06,94.0,4.7,71,70,87,228.0,PRIMARY,yes,pass
7183,Momo Das,11,,Rangpur,Eight,100.7,4.3,41,54,34,129.0,N/A,0,
5659,Mim Chowdhury,15,,Rajshahi ,Ten,85.5,0.8,89,69,44,202.0,graduate,NO,Fail
7397,Hasan Ahmed,15,Male,  Dhaka,9th,77.0,2.2,44,98,63,205.0,graduate,,P
STU-06861,Mim Talukder,233,FEMALE,Dhaka ,Six,73.4,2.4,78,52,79,209.0,PRIMARY,YES,Pass
5400,Zayed Chowdhury,14,M,rangpur,9th,87.4,4.7,46,67,59,172.0,N/A,1,P
3452,Bristi Hossain,18,male,Mymensingh,7th,91.3,3.4,31,61,32,124.0,N/A,Yes,P
7528,Tanvir Hossain,11,Male,Khulna,9th,81.6,0.9,90,87,83,260.0,higher secondary,Y,P
1012,Bristi Rahman,13,F,mymensingh,8th,78.4,1.8,38,55,31,error,Primary,1,
2644,Tanvir Hossain,15,female,rajshahi,Seven,92.8,3.4,94,45,66,205.0,illiterate,1,Fail
7185,Mim Ahmed,13,other,rangpur,Ten,76.2,2.3,97,84,65,246.0,Secondary,yes,Fail
8507,Riya Akter,13,F,Chittagong,9,90.6,1.6,95,96,62,253.0,Graduate,,Pass
7232,Arif Khan,13,M,dhaka,9,95.4,0.6,40,65,30,135.0,Secondary,n/a,fail
1237,Mim Sarker,228,O,Chittagong,9,89.9,2.5,68,57,59,184.0,Illiterate,N,FAIL
5800,Fatema Sarker,11,male,barisal,Seven,85.4,7.4,57,54,36,,PRIMARY,,pass
6643,Hasan Chowdhury,12,male,Chittagong,10,98.5,2.4,44,106,,150.0,GRADUATE,no,
4995,Ayesha Rahman,16,FEMALE,Mymensingh,7,105.4,2.5,59,59,74,192.0,Illiterate,,FAIL
9495,Fatema Ahmed,17,FEMALE,Mymensign,7,190.4,3.0,78,31,76,,primary,yes,pass
7169,Farhan Ahmed,11,Other,Rajshahi ,7th,95.9,-0.2,77,69,96,242.0,postgraduate,no,F
8366,Fatema Talukder,17,Male,Sylhet,Seven,92.7,26.1,39,51,52,142.0,primary,N,PASS
3447,Mim Islam,18,O,barisal,8th,88.2,2.9,40,90,73,203.0,graduate,,F
4297,Fatema Chowdhury,18,Other,Chittagong,9,83.9,1.3,47,89,98,234.0,Graduate,Yes,Pass
5824,,13,MALE,rangpur,Eight,-19.2,5.1,37,,39,76.0,illiterate,0,FAIL
9097,Rahim Rahman,17,male,rajshahi,Six,89.7,4.2,41,74,95,210.0,Illiterate,n/a,fail
6805,Shila Talukder,17,other,SYLHET,10,106.0,3.6,81,51,43,175.0,Post Graduate,N,FAIL
1843,Sabbir Rahman,15,female,sylhet,9th,93.3,1.6,91,37,74,202.0,,N,pass
735,Tamim Sarker,16,O,Dacca,7,101.9,4.6,94,88,81,263.0,primary,,F
463,Rakib Ahmed,15,Other,Rajshahi ,7,77.6,2.4,36,65,47,148.0,illiterate,NO,F
2740,Kabir Chowdhury,16,Other,Mymensingh,9,87.2,0.8,90,43,74,207.0,secondary,no,F
1207,Tamim Khan,14,M,rangpur,10th,84.9,5.4,87,43,44,174.0,Post Graduate,YES,PASS
6808,Nadia Akter,18,F,mymensingh,8th,84.2,4.4,83,69,59,211.0,N/A,,pass
2320,Kabir Akter,14,O,KHULNA ,9th,79.0,0.6,80,77,39,196.0,higher secondary,No,Fail
3065,Priya Hossain,17,F,Dhaka,8,78.2,3.5,63,71,81,215.0,unknown,,Fail
600,Sohan Rahman,14,Female,chittagong,7th,83.8,4.7,67,54,43,164.0,graduate,YES,fail
9035,Rakib Das,14,Female,chittagong,Nine,88.5,4.9,58,67,63,188.0,PRIMARY,No,pass
3352,Mitu Talukder,17,MALE,Khulna,10,75.1,4.0,60,73,74,207.0,Illiterate,yes,Pass
9374 ,Bristi Rahman,12,female,barisal,8th,80.2,3.5,35,73,69,177.0,PRIMARY,n/a,F
3545,Rafi Islam,13,male,DHAKA,8th,75.4,2.1,39,61,80,180.0,primary,,
401,Nadia Sarker,11,Female,KHULNA ,Eight,84.4,2.1,75,74,30,179.0,N/A,Y,PASS
3322,Karim Hossain,16,O,mymensingh,9th,79.3,2.0,69,88,72,229.0,higher secondary,Y,
6311,Ayesha Ahmed,14,O,rangpur,Eight,89.2,1.1,39,44,74,157.0,Illiterate,0,Pass
1777,Mitu Akter,17,O,Rangpur,10th,83.2,6.0,65,46,57,168.0,Primary,,P
9372,Sabbir Islam,12,other,khulna,Ten,73.9,27.5,59,68,54,181.0,Illiterate,NO,fail
515,Tamim Talukder,14,MALE,Khulna,8,87.6,2.5,62,43,,105.0,graduate,,Fail
3163,Sohan Ahmed,12,Other,Sylhet,Ten,77.8,28.0,75,41,82,error,higher secondary,yes,
5141,Karim Hossain,18,Other,Mymensingh,06,91.2,1.4,40,91,59,190.0,GRADUATE,,Pass
6610,Bristi Rahman,12,,CHATTOGRAM,6th,88.6,3.0,98,65,78,241.0,Primary,0,
9363,Jannat Khan,17,female,,Six,86.5,3.2,32,57,-40,49.0,primary,1,
2545,Lima Talukder,17,Female,Mymensign,Eight,94.4,2.7,61,81,61,203.0,PRIMARY,Y,PASS
7581,Fatema Islam,16,male,Dacca,06,89.5,3.6,89,68,51,208.0,Unknown,n/a,pass
7246,Rakib Khan,17,,Mymensingh,Ten,94.2,2.7,74,98,295,467.0,primary,N,FAIL
5246,Priya Akter,,FEMALE,rangpur,8th,88.5,3.3,38,86,46,170.0,illiterate,no,pass
815,Lima Das,12,other,Mymensingh,06,71.1,4.2,32,91,76,199.0,unknown,Yes,pass
8046,Fatema Ahmed,13,female,chittagong,06,84.7,1.6,89,-13,34,110.0,Secondary,yes,P
8761,Rupa Hossain,17,O,rajshahi,Eight,75.6,3.5,,97,73,170.0,illiterate,,Pass
2207,Mim Rahman,13,F,Khulna,7th,102.9,1.0,46,73,70,189.0,primary,,
2753,Nusrat Rahman,16,,Rajshahi ,9th,77.5,2.3,47,35,82,164.0,secondary,0,PASS
4988,Zayed Khan,18,other,CHATTOGRAM,7th,84.4,3.2,70,83,181,334.0,,no,
8731,Arif Talukder,15,,Khulna,Six,86.2,2.4,97,69,64,230.0,Post Graduate,yes,Fail
9017,Mitu Das,14,MALE,KHULNA ,Nine,64.7,2.0,83,48,47,178.0,Graduate,Y,PASS
704,Rafi Talukder,13,other,barisal,7th,78.4,2.4,33,55,79,167.0,illiterate,YES,FAIL
830,Rakib Hossain,16,Male,Rangpur,Six,88.4,3.4,78,81,58,217.0,N/A,1,FAIL
6507,Tanvir Islam,15,Male,Dacca,8,87.6,2.6,38,77,60,175.0,,Y,Fail
1036,Rakib Chowdhury,11,Male,mymensingh,Nine,84.2,3.4,31,-23,95,103.0,Higher Secondary,Y,Fail
7589,Momo Khan,12,F,Dhaka,10th,159.9,2.1,55,40,53,148.0,illiterate,No,P
220,Arif Ahmed,13,FEMALE,Dhaka,10,92.9,3.6,70,37,40,147.0,GRADUATE,NO,PASS
8264,Rafi Chowdhury,13,FEMALE,Rangpur,6,65.7,5.0,44,83,49,176.0,Higher Secondary,NO,fail
3549,Nusrat Talukder,12,male,Mymensign,Nine,89.7,4.6,87,96,55,238.0,higher secondary,yes,fail
6657,Mim Khan,13,Male,mymensingh,9th,72.9,1.7,91,67,46,204.0,Primary,no,fail
7121,Tanvir Ahmed,13,F,rajshahi,7th,67.9,2.7,,90,49,139.0,PRIMARY,yes,FAIL
7886,Rafi Chowdhury,17,MALE,Sylhet,9,89.0,2.5,38,64,47,149.0,N/A,n/a,Fail
7817,nusrat hossain,17,Male,mymensingh,7,92.3,2.8,62,31,63,156.0,illiterate,NO,Fail
6364,Imran Akter,15,other,Rajshahi,8th,109.3,4.8,87,61,98,246.0,postgraduate,Y,
9089 ,Karim Rahman,11,female,barisal,6,83.3,3.4,46,92,83,221.0,graduate,Yes,F
17,Priya Akter,15,MALE,Khulna,Six,94.0,3.0,52,44,72,168.0,graduate,YES,pass
2379,Ayesha Ahmed,18,M,barisal,Ten,87.6,,32,40,87,159.0,PRIMARY,N,PASS
3644,Hasan Hossain,12,other,rangpur,10,99.0,3.9,75,70,33,178.0,higher secondary,yes,
2787,Rupa Akter,,F,Barishal,Nine,88.9,3.5,61,33,62,156.0,secondary,yes,FAIL
822,Ayesha Das,11,O,Khulna,Six,92.0,7.3,51,63,84,206.0,graduate,No,
4624,Hasan Ahmed,11,female,Khulna,Eight,85.1,1.8,59,290,96,445.0,,1,Fail
2678,Rakib Hossain,13,Male,Rangpur,Ten,80.8,3.7,34,33,30,97.0,Higher Secondary,0,PASS
5606,Fatema Sarker,17,male,sylhet,Eight,73.5,3.3,68,47,51,166.0,PRIMARY,1,Pass
4009,Rafi Chowdhury,18,O,Dacca,Ten,75.2,3.1,69,91,91,251.0,Post Graduate,0,P
5511,Kabir Islam,12,FEMALE,barisal,Eight,78.7,3.4,38,41,45,124.0,postgraduate,N,
517,Mim Chowdhury,18,M,Rajshahi ,10th,85.1,2.0,,35,42,77.0,primary,N,P
6695 ,Farhan Hossain,15,Other,CHATTOGRAM,Ten,83.3,4.8,68,74,54,196.0,unknown,YES,Pass
2049,Anik Akter,16,Other,Rangpur,9th,81.9,2.7,75,50,77,202.0,unknown,Y,
5839,Sabbir Hossain,17,female,dhaka,7th,86.4,4.0,68,89,39,,higher secondary,0,F
9629,Shila Islam,-12,F,KHULNA ,06,84.3,3.9,86,35,52,173.0,Secondary,N,Fail
STU-07767,Riya Chowdhury,13,M,,Seven,82.8,3.0,69,95,93,257.0,higher secondary,0,fail
9052,Rakib Khan,15,female,Barisal,8th,92.5,2.0,88,31,98,217.0,Unknown,no,Fail
601,Anik Islam,13,MALE,Khulna,Six,94.4,2.5,50,73,34,157.0,Illiterate,NO,P
2750,Nadia Chowdhury,14,,rajshahi,9th,84.0,2.7,48,77,31,156.0,Unknown,Yes,F
8884,Imran Akter,13,O,Mymensingh,Seven,83.6,4.6,81,46,95,222.0,GRADUATE,Yes,PASS
3256,Mitu Ahmed,15,Male,Rangpur,8th,87.2,4.1,44,82,99,225.0,Illiterate,,fail
7122,Rafi Das,15,female,Sylhet,10th,90.3,2.0,94,91,99,284.0,Post Graduate,yes,F
7172,Tamim Chowdhury,18,Other,Rajshahi ,9th,75.1,2.8,88,37,93,218.0,unknown,n/a,PASS
2840,Nusrat Islam,13,FEMALE,sylhet,9th,82.3,2.8,92,99,51,242.0,illiterate,Yes,FAIL
6880,Fatema Ahmed,15,other,Rangpur,Ten,97.0,0.3,50,,32,82.0,illiterate,,P
3236,Momo Akter,14,Male,Rajshahi,10,98.7,5.0,95,39,99,233.0,primary,Y,PASS
5600,Sadia Khan,12,MALE,SYLHET,10,79.1,-1.6,57,79,,136.0,N/A,1,PASS
9036,Zayed Rahman,11,M,chittagong,Nine,90.4,2.3,97,96,95,288.0,Primary,yes,PASS
3840,Karim Khan,18,Other,Sylhet,7,68.5,3.8,90,63,64,217.0,PRIMARY,n/a,F
9029,Bristi Rahman,16,MALE,KHULNA ,8th,81.7,0.9,32,71,38,141.0,postgraduate,1,FAIL
9144,Nadia Ahmed,12,,Dacca,Nine,88.8,1.7,43,52,57,152.0,Secondary,NO,
7216,Sabbir Akter,16,,,8,100.5,4.0,86,96,170,352.0,Secondary,no,P
3037,Bristi Chowdhury,12,other,,8th,74.4,2.7,90,67,62,219.0,,N,FAIL
4951,Priya Talukder,17,MALE,Chittagong,Ten,103.5,1.0,47,94,49,190.0,primary,N,pass
488,Imran Khan,11,Male,khulna,7th,87.3,23.5,73,265,65,403.0,primary,Yes,Fail
4967,Tanvir Hossain,15,Female,barisal,9,64.3,2.9,85,57,90,232.0,postgraduate,1,
593,Rahim Talukder,14,Other,Barisal,8,91.0,4.6,96,64,44,204.0,postgraduate,Yes,PASS
1609,Fatema Talukder,13,other,chittagong,10,81.6,3.5,67,76,62,205.0,PRIMARY,yes,pass
9762,Jannat Chowdhury,14,MALE,SYLHET,10th,82.4,-0.3,31,39,92,162.0,Unknown,1,
STU-06522,Ayesha Talukder,11,F,mymensingh,9th,70.0,3.7,,50,67,117.0,Higher Secondary,No,Fail
7984,Sohan Das,18,Male,sylhet,06,74.0,3.1,76,87,34,197.0,Primary,Yes,pass
4196,Mitu Khan,14,Female,rangpur,Eight,88.0,2.5,93,80,51,224.0,GRADUATE,Yes,pass
7339,Rakib Ahmed,12,F,Chattogram,6th,94.9,5.2,80,,86,166.0,Primary,yes,Fail
8725,Imran Ahmed,13,M,Barisal,Nine,93.8,3.1,89,36,82,,PRIMARY,N,FAIL
2075,Bristi Sarker,,female,mymensingh,Eight,97.8,-0.1,36,35,74,145.0,GRADUATE,Y,
9600,Rakib Chowdhury,18,Male,Barisal,8,83.8,0.1,64,86,90,240.0,illiterate,yes,fail
358,Tanvir Sarker,17,female,Ctg,6,93.0,4.2,44,43,56,143.0,GRADUATE,NO,Pass
2850,Rakib Hossain,15,Male,DHAKA,9th,84.4,2.6,50,95,37,182.0,secondary,n/a,Pass
4849,Imran Das,13,M,Barishal,8th,84.2,2.0,51,38,53,142.0,,0,pass
3366,Nadia Ahmed,16,Male,,10th,84.0,2.6,81,30,59,170.0,graduate,N,
STU-07793,Arif Hossain,12,male,khulna,7,78.2,2.6,40,67,61,168.0,graduate,n/a,F
312,Mim Hossain,18,F,CHATTOGRAM,Six,60.7,3.3,60,40,81,181.0,Illiterate,1,F
3315,Shila Talukder,15,female,Mymensingh,06,82.6,0.6,64,46,96,206.0,secondary,YES,P
3131,Fatema Akter,16,Other,khulna,10th,84.1,4.2,69,59,71,199.0,Unknown,Y,pass
254,Riya Hossain,11,F,CHATTOGRAM,6th,88.2,3.6,60,97,33,190.0,unknown,yes,F
4112,Nusrat Islam,14,female,Mymensign,10th,81.4,1.0,45,82,35,162.0,Post Graduate,Yes,pass
STU-01962,Rakib Khan,14,F,Barisal,8,78.9,3.4,56,36,41,133.0,graduate,yes,Pass
4300,Sadia Islam,17,female,chittagong,10th,87.6,2.8,70,94,69,233.0,graduate,no,fail
4133,Rupa Rahman,13,Other,DHAKA,6th,81.6,2.1,81,79,86,246.0,Post Graduate,Y,PASS
STU-03405,Rahim Sarker,13,M,barisal,7,82.1,2.7,79,38,65,182.0,graduate,Y,
436,Riya Ahmed,11,F,rajshahi,7,199.1,4.4,48,92,67,207.0,graduate,NO,fail
590,Rahim Das,18,female,mymensingh,6,88.5,0.7,75,79,77,231.0,PRIMARY,0,F
4002,Lima Chowdhury,17,F,Mymensingh,7th,92.5,3.8,39,33,30,102.0,Primary,Yes,pass
6062,Karim Akter,18,Other,Mymensingh,9,88.0,-3.2,31,60,53,144.0,Graduate,Yes,F
3123,Imran Islam,13,other,KHULNA ,7,80.7,6.0,52,92,51,195.0,Unknown,NO,F
6838,Kabir Akter,13,F,khulna,Nine,84.4,2.7,62,74,83,219.0,postgraduate,No,
2383,Bristi Akter,13,male,DHAKA,9,101.1,3.2,46,82,82,210.0,Post Graduate,,
6165,Sadia Sarker,12,other,barisal,Nine,84.7,1.0,70,52,34,156.0,secondary,YES,Pass
13,Fatema Akter,11,Female,Rajshahi ,Seven,69.9,4.6,77,52,91,220.0,,0,pass
4753,Tamim Hossain,15,other,Khulna,8th,79.5,2.0,41,31,72,144.0,Unknown,0,Pass
5545,Tanvir Das,14,F,Rangpur,8,80.3,2.2,47,68,35,150.0,Primary,1,Pass
3804,Nusrat Sarker,12,O,DHAKA,9,247.7,3.7,81,75,42,198.0,Higher Secondary,Yes,PASS
6567,Shila Khan,17,MALE,  Dhaka,9th,115.5,3.3,87,40,42,169.0,Higher Secondary,Yes,F
9196,Anik Chowdhury,16,Other,Sylhet,Eight,81.4,4.2,62,93,277,,Higher Secondary,Y,Fail
1531,Ayesha Hossain,12,male,Dhaka ,6th,85.5,3.1,215,77,-29,263.0,graduate,1,fail
4637,Hasan Hossain,12,,KHULNA ,Ten,83.8,1.5,93,46,90,229.0,Illiterate,NO,Fail
3263,Fatema Chowdhury,14,female,Rajshahi,6th,68.0,4.6,63,42,67,172.0,Higher Secondary,n/a,
6473,Rafi Das,18,Other,Sylhet,Ten,89.4,2.9,84,66,-44,106.0,secondary,n/a,FAIL
STU-09130,Jannat Das,14,O,chittagong,9th,90.4,0.7,89,53,-1,141.0,primary,1,Fail
5022,Arif Hossain,fifteen,M,Rajshahi,Ten,87.5,2.0,72,39,39,150.0,unknown,no,
3580,Arif Islam,16,O,Mymensingh,Seven,76.0,4.4,67,absent,34,101.0,Post Graduate,Y,Fail
1221,Zayed Ahmed,17,O,sylhet,8th,96.2,3.0,,42,57,99.0,Secondary,no,F
7592,Mim Sarker,16,M,Mymensingh,Nine,69.6,2.3,73,60,38,171.0,Primary,N,FAIL
1496,Riya Khan,12,MALE,Mymensign,Nine,,4.2,68,63,73,204.0,illiterate,N,
4616,Sadia Das,16,O,SYLHET,9,99.2,5.1,85,82,77,248.0,Unknown,YES,
8094,Shila Chowdhury,268,female,Dhaka ,Eight,76.1,2.8,88,49,79,216.0,Secondary,,
9298,Rafi Das,12,F,Rajshahi ,7th,83.3,0.1,52,65,38,155.0,Higher Secondary,0,FAIL
6486,Nusrat Rahman,18,male,chittagong,Ten,83.6,-0.9,34,,93,127.0,postgraduate,0,P
4108,Arif Rahman,16,MALE,Chittagong,7,83.6,4.2,31,39,31,101.0,GRADUATE,,
2528,Mitu Das,11,,Rangpur,8th,63.8,2.0,92,81,52,225.0,Secondary,n/a,PASS
8152,Priya Ahmed,17,Female,Khulna,6th,79.2,2.0,59,30,92,181.0,illiterate,yes,P
8109,Bristi Hossain,13,M,,Six,165.1,2.6,85,50,63,198.0,Higher Secondary,Yes,
7182,Zayed Chowdhury,14,M,rangpur,6th,79.8,,91,50,48,189.0,unknown,YES,FAIL
7789,Sohan Akter,16,Female,Barishal,10th,85.7,2.8,96,,31,127.0,secondary,,
3386,Rupa Ahmed,11,O,khulna,7th,75.5,8.7,77,84,32,193.0,higher secondary,NO,Fail
6433,Fatema Das,154,male,khulna,7th,73.3,3.1,78,46,64,188.0,Higher Secondary,YES,fail
1879,Riya Hossain,,Male,khulna,6th,91.1,4.7,33,34,70,137.0,Secondary,no,FAIL
3149 ,farhan islam,14,M,Rangpur,10th,87.6,3.1,73,56,80,209.0,graduate,0,F
STU-01508,Priya Islam,16,Female,,8th,87.8,6.1,55,51,50,156.0,Secondary,,pass
4131,Momo Sarker,13,FEMALE,Dacca,9,73.7,3.5,66,87,66,219.0,GRADUATE,no,fail
3170,Rupa Rahman,17,M,DHAKA,7,65.2,2.2,61,84,83,228.0,GRADUATE,0,Fail
8808,Momo Khan,17,,rajshahi,Six,79.8,3.8,84,72,81,237.0,Higher Secondary,N,
4802,Mitu Ahmed,13,Female,Rangpur,9,110.0,3.7,62,56,85,203.0,Graduate,Y,Pass
1845,Tanvir Sarker,14,MALE,rangpur,10th,83.2,2.9,91,98,48,237.0,secondary,Yes,Pass
3044,Karim Rahman,14,male,rangpur,10th,73.2,3.5,48,35,33,116.0,GRADUATE,no,Fail
9833 ,Farhan Akter,15,M,Mymensingh,8,86.6,4.8,93,38,36,167.0,Unknown,1,pass
1981,Riya Talukder,18,,Rajshahi,Eight,91.3,4.3,91,72,85,248.0,N/A,Yes,FAIL
4536,Momo Chowdhury,14,M,rajshahi,10th,96.3,1.8,58,90,34,182.0,Secondary,1,Pass
5176,Hasan Islam,15,F,mymensingh,10,93.8,2.5,62,58,39,159.0,Primary,Y,fail
2118,Riya Sarker,17,Female,Dhaka ,10,84.3,3.7,-2,51,97,146.0,graduate,Yes,fail
2640,Kabir Khan,17,Female,sylhet,8,80.8,-0.1,96,95,56,258.0,GRADUATE,1,FAIL
6988,Bristi Das,12,other,sylhet,7,74.4,2.1,86,38,58,182.0,Post Graduate,N,
5021,Hasan Sarker,16,MALE,rajshahi,Nine,80.1,1.3,65,73,97,216.0,Post Graduate,n/a,P
3715,Kabir Ahmed,17,Other,Mymensingh,6,78.2,4.1,89,83,51,,Graduate,yes,P
1689,Fatema Islam,17,O,Khulna,7,107.0,-0.1,66,73,38,177.0,,no,pass
STU-07970,Nusrat Khan,11,Male,Chattogram,10,84.1,1.2,198,37,32,,Post Graduate,n/a,
5116,Tamim Hossain,17,O,Mymensingh,10th,76.4,2.2,42,84,37,163.0,N/A,n/a,PASS
5653,Mim Islam,18,female,Barisal,6,94.4,3.9,52,83,52,187.0,Primary,No,fail
903,Tamim Akter,15,FEMALE,Sylhet,Seven,84.9,3.2,69,52,45,,Graduate,No,fail
1135,Tanvir Chowdhury,17,MALE,Rajshahi ,7th,95.3,2.4,95,70,99,264.0,illiterate,,Fail
6452,Kabir Talukder,16,male,Rajshahi,Seven,84.7,5.2,92,96,55,243.0,Graduate,,P
1109,Zayed Hossain,14,Male,Rangpur,9th,72.9,3.7,43,54,60,,secondary,YES,P
4974,Imran Talukder,14,female,Dhaka,6,98.6,1.2,60,56,65,181.0,unknown,Yes,fail
3060,Sadia Talukder,17,Other,Chattogram,Six,94.8,3.6,48,81,absent,129.0,Post Graduate,n/a,
6625,Momo Ahmed,13,F,Dhaka ,Six,101.1,4.3,55,51,99,,N/A,,FAIL
9636,Mim Islam,11,FEMALE,Mymensign,Nine,91.8,2.4,82,47,60,189.0,unknown,Y,pass
5492,Mitu Das,16,,rangpur,Ten,85.9,2.3,93,72,87,252.0,Primary,NO,pass
STU-07821,Rafi Hossain,13,,Khulna,6,73.7,2.5,49,47,67,163.0,secondary,0,F
6418,Priya Akter,16,M,Ctg,Ten,91.2,3.7,68,56,39,163.0,postgraduate,N,FAIL
769,Anik Hossain,14,Male,Chattogram,Six,73.9,5.7,38,97,75,210.0,,n/a,F
STU-04850,Sohan Talukder,17,other,Mymensingh,7,79.0,1.6,86,43,,129.0,primary,n/a,P
9828,Zayed Sarker,18,Other,rajshahi,9th,97.1,3.9,50,35,75,160.0,higher secondary,yes,Fail
9472,Priya Ahmed,18,male,CHATTOGRAM,8th,71.0,2.7,66,49,89,204.0,Illiterate,yes,FAIL
618,Kabir Hossain,15,female,CHATTOGRAM,06,100.1,2.8,53,73,89,215.0,GRADUATE,No,P
7496,Tanvir Talukder,18,FEMALE,sylhet,7th,91.5,5.3,57,47,60,164.0,Post Graduate,0,fail
2139,Rakib Islam,12,MALE,Mymensign,6th,99.5,-3.5,67,51,90,208.0,PRIMARY,No,pass
7586,Karim Sarker,13,other,rangpur,7th,88.5,1.7,50,51,76,177.0,Unknown,NO,Pass
796,Bristi Islam,18,Female,Mymensign,9th,66.9,1.4,81,31,85,197.0,postgraduate,,
4912 ,Farhan Das,17,Other,Barisal,Seven,80.0,1.6,99,76,80,255.0,Primary,No,PASS
3838,Tanvir Khan,18,Male,Dhaka,Ten,92.6,5.5,79,49,99,227.0,postgraduate,Yes,P
6969,Nadia Sarker,15,O,Rajshahi ,Ten,-40.6,1.3,74,65,38,177.0,Illiterate,n/a,P
8930,Karim Rahman,17,MALE,Barisal,06,86.1,3.7,64,94,68,226.0,Primary,Y,PASS
3876,Shila Rahman,18,Male,Dhaka ,7,91.9,1.8,85,96,82,263.0,Post Graduate,yes,P
4734,Nadia Islam,16,,Khulna,Ten,82.7,3.1,45,60,95,200.0,N/A,no,pass
8511,Nadia Ahmed,,M,Dhaka,06,86.7,2.9,62,43,82,187.0,,no,PASS
8101,Priya Das,220,other,Rajshahi,8,84.0,5.0,67,56,296,419.0,PRIMARY,NO,Fail
3841,Lima Sarker,-10,Other,Rangpur,6th,81.4,4.4,33,39,69,129.0,illiterate,0,
6983,Farhan Hossain,17,other,mymensingh,Nine,89.8,2.7,90,-5,99,184.0,Graduate,no,Fail
1326,Tamim Akter,13,Male,Dhaka ,Eight,109.9,2.6,75,96,98,269.0,Graduate,yes,F
9683,Farhan Ahmed,13,Male,Rajshahi ,Eight,96.3,3.8,33,78,55,166.0,illiterate,0,F
STU-02165,Sadia Akter,13,M,rangpur,Ten,84.4,0.6,60,92,55,207.0,Post Graduate,Y,P
6709,Nusrat Talukder,15,Other,Barisal,10,N/A,2.2,73,69,72,214.0,Post Graduate,YES,Fail
3757,Nadia Das,13,MALE,Rangpur,8,87.8,4.3,78,86,88,252.0,GRADUATE,No,P
2111,Nusrat Akter,15,Female,barisal,06,89.4,4.8,80,,44,124.0,unknown,0,P
1088,Anik Ahmed,17,other,Rajshahi,7th,86.0,1.7,87,38,77,202.0,secondary,0,Pass
4078,Bristi Das,15,FEMALE,Barisal,7,108.7,3.0,64,97,32,193.0,primary,NO,Pass
8071,Ayesha Islam,18,O,Sylhet,10th,80.3,2.8,35,81,63,179.0,primary,NO,fail
4254,Sadia Akter,18,FEMALE,Mymensingh,Nine,75.0,5.4,95,70,65,230.0,primary,N,FAIL
4535,Kabir Talukder,12,MALE,Rajshahi,9,85.0,4.0,93,62,95,250.0,Primary,YES,P
6743,Shila Islam,15,MALE,Dhaka ,Eight,92.7,1.3,99,74,87,260.0,Secondary,yes,Fail
6696,Sadia Akter,17,MALE,Chattogram,7,91.7,3.3,59,42,96,197.0,Higher Secondary,N,F
7901,Kabir Ahmed,14,MALE,sylhet,8,78.9,5.9,30,97,54,181.0,unknown,Yes,Pass
1570,Shila Islam,18,M,Mymensingh,Nine,82.2,-0.0,91,73,48,212.0,graduate,yes,F
8892,Tamim Sarker,14,,mymensingh,6th,85.8,5.0,38,75,45,158.0,Secondary,NO,Pass
1238,Arif Sarker,15,Other,rangpur,Seven,83.3,4.2,81,,97,178.0,Graduate,no,P
9125,Bristi Akter,11,F,Barishal,Eight,103.6,2.0,94,absent,84,178.0,N/A,no,FAIL
2305,,16,other,Mymensingh,Nine,64.9,1.4,71,34,56,161.0,Secondary,,FAIL
9439,Ayesha Rahman,18,Other,Mymensingh,10,105.6,2.6,94,95,97,286.0,,NO,P
1604,Mim Akter,11,Female,mymensingh,6,97.1,3.0,91,55,95,241.0,Secondary,NO,P
8945 ,Hasan Sarker,12,Female,khulna,7,84.6,1.8,-6,54,98,146.0,unknown,0,Fail
8990,Farhan Rahman,12,Male,SYLHET,9th,88.4,0.3,49,33,44,126.0,Primary,N,Fail
8388,Tanvir Rahman,17,F,  Dhaka,9,89.7,5.5,70,89,73,232.0,Graduate,1,PASS
7348,Momo Chowdhury,18,Other,rajshahi,10,89.7,3.9,93,-34,76,135.0,,yes,FAIL
6291,Rakib Ahmed,18,MALE,Ctg,6,84.2,1.7,94,34,40,168.0,PRIMARY,No,P
6157,Riya Chowdhury,15,female,Rangpur,10,91.0,4.8,37,54,69,160.0,Graduate,N,Pass
4975,Nadia Khan,13,F,Dhaka ,9,84.6,6.2,32,61,44,137.0,,Yes,Fail
1540,Nadia Akter,16,,rangpur,8th,72.3,1.3,71,34,93,198.0,Graduate,NO,P
909,Anik Khan,14,Male,sylhet,Eight,83.7,2.4,65,96,38,199.0,postgraduate,yes,PASS
848,Rahim Ahmed,11,female,Mymensign,10,72.5,1.3,35,39,59,133.0,postgraduate,YES,pass
462,Jannat Khan,,other,Rangpur,Eight,91.2,1.3,83,,74,157.0,graduate,,PASS
7240,Lima Ahmed,18,female,Rangpur,6th,78.6,4.5,44,82,60,,illiterate,yes,pass
814,Mitu Khan,12,Other,Khulna,Six,94.3,2.7,99,56,44,199.0,Unknown,yes,P
7968,Nusrat Hossain,18,male,Rangpur,Six,104.0,2.7,73,30,61,164.0,higher secondary,No,Fail
1523,Mim Sarker,16,M,CHATTOGRAM,9,82.1,2.4,48,92,75,215.0,secondary,No,FAIL
5890,Fatema Akter,16,female,Mymensign,7,N/A,2.4,57,79,156,292.0,graduate,yes,F
1055,Sohan Islam,15,MALE,Chattogram,Seven,52.2,1.8,52,91,62,205.0,Higher Secondary,,Fail
5987,Nusrat Sarker,14,F,Sylhet,Six,75.3,4.0,87,42,-27,102.0,unknown,NO,Pass
6305,Lima Sarker,14,other,Mymensingh,7,76.5,2.9,68,30,96,194.0,GRADUATE,0,F
2219,Hasan Islam,11,FEMALE,Barisal,9th,87.3,6.2,84,57,79,220.0,Primary,Yes,PASS
STU-01807,Lima Hossain,16,F,  Dhaka,8,67.5,2.2,57,48,56,161.0,PRIMARY,yes,Fail
3742,Mim Das,16,male,Barisal,6,118.7,,78,72,32,182.0,Higher Secondary,No,
9805,Rahim Talukder,13,MALE,Chittagong,7,83.7,0.8,43,63,74,180.0,N/A,no,PASS
4140,Tanvir Das,13,Other,Dacca,8th,74.4,-0.5,77,96,54,227.0,unknown,No,F
5277,Zayed Ahmed,11,,Chittagong,10th,89.9,1.9,74,59,66,199.0,higher secondary,n/a,FAIL
8873,Tamim Hossain,154,other,DHAKA,7,74.0,3.3,32,80,89,201.0,higher secondary,Y,Pass
3261,Bristi Talukder,11,M,Rangpur,Six,81.3,2.3,42,81,65,188.0,graduate,YES,Fail
2158,Mim Islam,16,other,CHATTOGRAM,8th,78.7,5.1,82,94,32,208.0,graduate,No,
4833,Sadia Sarker,16,O,mymensingh,Six,94.3,3.3,41,75,78,194.0,unknown,YES,FAIL
777,Zayed Khan,16,,Dacca,10,89.0,1.8,89,74,75,238.0,Primary,,fail
2860,Mim Chowdhury,fifteen,,rangpur,6th,100.1,4.1,39,45,75,159.0,graduate,N,FAIL
3927,Kabir Islam,13,Other,KHULNA ,7,74.3,1.2,88,58,69,215.0,Secondary,YES,P
8908,Rakib Talukder,18,Other,sylhet,Ten,87.8,2.0,78,37,35,150.0,postgraduate,YES,F
STU-09146,Lima Khan,18,Male,Chittagong,6th,89.4,5.3,,92,70,162.0,N/A,Yes,FAIL
6936,,14,other,DHAKA,Eight,86.1,1.1,86,57,55,198.0,graduate,YES,fail
4786,Rupa Rahman,11,Male,dhaka,Nine,71.0,5.2,71,46,71,188.0,N/A,NO,
3599,Jannat Ahmed,16,,khulna,06,81.3,2.7,42,97,93,232.0,Graduate,1,F
7382,Hasan Khan,11,Female,Sylhet,Eight,82.0,1.4,86,90,96,272.0,higher secondary,,pass
1534,Farhan Akter,11,M,CHATTOGRAM,Seven,81.7,3.5,43,35,52,130.0,GRADUATE,0,Pass
4288,Lima Khan,17,female,chittagong,Six,88.9,5.3,59,263,56,378.0,Unknown,,F
2274,Imran Das,12,O,DHAKA,Eight,81.8,,-34,71,95,132.0,Secondary,YES,F
STU-04749,Tanvir Ahmed,,male,Khulna,Eight,76.6,,58,35,67,160.0,illiterate,no,Fail
8332,Lima Sarker,,F,mymensingh,10,80.4,0.4,68,95,98,261.0,secondary,Yes,F
8283,Farhan Khan,18,other,Khulna,6,76.7,4.7,32,59,93,184.0,Unknown,,pass
6184,Sohan Islam,15,O,SYLHET,Seven,78.6,4.2,47,89,76,212.0,,0,Pass
3344,Kabir Chowdhury,14,,,6,72.7,1.0,63,68,55,186.0,N/A,YES,FAIL
5555,Riya Rahman,12,MALE,Ctg,9,91.1,28.8,89,83,50,222.0,unknown,Y,F
4434,Zayed Talukder,17,Male,Barishal,10,72.8,3.5,78,44,89,211.0,illiterate,N,P
1943,Hasan Akter,16,,Rangpur,6,89.4,1.9,50,61,37,148.0,Illiterate,NO,Pass
4992,Zayed Das,14,O,CHATTOGRAM,10th,77.3,5.6,33,36,59,128.0,,0,F
8549,Anik Talukder,17,MALE,DHAKA,Six,104.1,2.2,51,32,34,117.0,Secondary,,Pass
1733,Shila Das,,FEMALE,rangpur,9th,88.0,4.1,98,59,37,194.0,graduate,YES,Fail
1504,Lima Islam,12,Female,Barishal,6,101.9,5.3,52,75,44,171.0,GRADUATE,1,F
8632,Mitu Khan,12,Other,CHATTOGRAM,8th,89.0,1.3,47,40,84,171.0,,0,Fail
8322,Rupa Chowdhury,17,Other,Mymensingh,6,70.0,5.8,60,36,absent,96.0,primary,Y,PASS
4224,Rupa Chowdhury,12,Male,Dhaka,9,70.8,3.2,80,44,67,191.0,Higher Secondary,n/a,Pass
2166,Momo Khan,12,Female,,6th,79.3,5.7,89,62,32,200.0,Post Graduate,,pass
6605,Karim Islam,11,O,mymensingh,10th,83.3,2.4,38,46,68,152.0,GRADUATE,0,FAIL
5298,Arif Hossain,18,Other,Chittagong,6th,84.4,-0.5,96,60,43,199.0,secondary,N,fail
820,Lima Akter,17,male,Mymensingh,8,85.8,5.5,35,98,98,231.0,graduate,N,
STU-08975,Anik Ahmed,11,O,KHULNA ,Six,87.9,3.4,61,45,92,198.0,GRADUATE,,
9565,Tamim Hossain,14,female,KHULNA ,8th,74.9,3.6,81,57,57,195.0,graduate,0,FAIL
7362,Nusrat Islam,12,female,Chittagong,7,89.2,0.4,61,36,91,188.0,Post Graduate,yes,fail
9163,Farhan Talukder,16,Other,Khulna,Eight,93.2,2.7,78,53,41,172.0,Post Graduate,1,pass
3738 ,Zayed Chowdhury,15,F,Rajshahi ,10,93.2,3.3,35,85,43,163.0,N/A,0,Pass
31,Jannat Rahman,18,other,,7,97.5,3.1,40,86,79,205.0,,Yes,pass
6339,Hasan Chowdhury,17,male,dhaka,10th,78.3,2.3,68,92,87,247.0,Post Graduate,Y,F
4014,Jannat Sarker,12,Male,barisal,Ten,93.1,3.1,53,70,92,215.0,Illiterate,NO,Fail
1655,Kabir Ahmed,11,FEMALE,SYLHET,Seven,77.1,3.7,59,50,91,200.0,Higher Secondary,Y,P
7711,Mitu Chowdhury,-9,M,dhaka,Nine,82.0,3.8,59,49,81,204.0,higher secondary,yes,FAIL
6887,Tamim Chowdhury,16,Female,Rangpur,7th,90.3,2.5,70,36,47,,unknown,YES,Fail
1469,Kabir Talukder,12,Other,Rajshahi ,7,84.5,2.4,121,60,50,231.0,Post Graduate,N,PASS
6757,Momo Akter,13,female,Barishal,10th,78.5,3.9,86,83,94,263.0,Secondary,1,pass
6717,Fatema Islam,17,Female,Rangpur,10th,87.4,0.6,94,76,90,260.0,Unknown,No,PASS
1227,Ayesha Sarker,16,female,Chattogram,7th,84.4,0.8,98,34,48,180.0,Graduate,0,PASS
3279,Rafi Sarker,12,O,Chittagong,6,89.6,4.6,66,68,39,183.0,graduate,Yes,F
7446,Mitu Hossain,17,Other,Barishal,9,88.7,1.7,50,58,42,150.0,higher secondary,yes,Pass
3563 ,Tanvir Das,11,FEMALE,Ctg,9,73.7,3.9,35,79,92,206.0,unknown,n/a,PASS
3800,Riya Talukder,11,M,Barisal,9,91.3,1.6,66,46,61,,PRIMARY,No,fail
9114,Rafi Das,14,Female,Dhaka ,9th,85.1,2.7,88,72,72,232.0,Higher Secondary,n/a,F
7805,Momo Khan,17,O,Mymensign,06,88.1,0.2,92,78,92,262.0,Primary,No,fail
5024,Karim Rahman,15,Female,khulna,10,,4.2,41,93,70,204.0,Illiterate,N,P
863,Riya Das,16,MALE,Chittagong,7,92.8,3.9,90,83,91,264.0,Unknown,1,pass
9287,Riya Chowdhury,14,,Barisal,Eight,96.5,3.1,86,81,66,233.0,Unknown,yes,P
9816,Anik Das,16,Female,rangpur,7th,209.5,3.7,59,74,50,183.0,GRADUATE,n/a,PASS
451,Bristi Talukder,16,MALE,Dacca,Seven,73.4,3.1,37,41,60,138.0,N/A,0,PASS
8686,Farhan Das,,Other,Chittagong,10,82.0,3.9,84,41,36,161.0,Graduate,1,PASS
2914,Zayed Khan,11,other,sylhet,06,93.5,2.3,34,98,76,208.0,Primary,No,Fail
7375,Momo Das,16,FEMALE,Dhaka,6,84.5,3.6,95,51,absent,146.0,unknown,Y,FAIL
1120,Priya Rahman,13,female,Barishal,7,81.0,2.5,63,62,60,185.0,graduate,N,P
1914,Arif Islam,18,O,barisal,9th,99.3,1.1,80,50,35,165.0,Secondary,no,Fail
5878,Imran Sarker,13,Other,Barishal,6th,70.4,2.9,68,59,63,190.0,graduate,1,fail
1787,Kabir Rahman,14,female,sylhet,9th,91.1,5.2,48,64,62,174.0,secondary,YES,Fail
4421,Momo Ahmed,17,Other,barisal,9th,88.3,22.7,49,97,82,228.0,primary,Y,fail
92,Nadia Chowdhury,15,F,Barisal,8th,101.0,3.9,46,30,80,156.0,graduate,N,Fail
8112,Farhan Talukder,18,M,Rajshahi,8th,81.1,3.0,91,85,94,270.0,,YES,P
9417,Rupa Chowdhury,16,MALE,Rangpur,9,79.3,0.7,32,47,,79.0,graduate,no,PASS
STU-06756,Anik Ahmed,12,MALE,Khulna,8,68.9,3.3,47,74,44,165.0,postgraduate,Y,FAIL
4553,Riya Ahmed,11,other,Mymensign,6,107.0,3.0,55,61,73,189.0,Graduate,N,fail
1354,Hasan Rahman,11,male,Khulna,Nine,,4.7,98,60,59,error,Graduate,No,Pass
6322,Rupa Ahmed,11,Other,CHATTOGRAM,6,102.4,1.2,52,68,33,153.0,Primary,,pass
2338,Lima Islam,13,FEMALE,Dhaka ,Ten,86.0,,92,45,34,171.0,graduate,yes,P
9371,Nadia Khan,16,FEMALE,mymensingh,Six,79.8,-0.1,95,91,43,229.0,Primary,No,P
STU-00431,Sadia Sarker,11,F,,8,81.4,6.0,41,99,46,186.0,,,F
5755,Mim Talukder,14,,Rajshahi ,9th,165.2,2.5,62,38,54,154.0,Illiterate,YES,PASS
3155,Zayed Akter,14,FEMALE,Khulna,Eight,80.1,4.1,73,77,44,194.0,Secondary,Y,
9613,Jannat Akter,17,Other,Mymensingh,6,78.8,0.7,42,90,77,209.0,Higher Secondary,0,PASS
8050,Rahim Rahman,14,other,DHAKA,06,105.0,,57,41,53,151.0,primary,N,Pass
8902,Ayesha Ahmed,17,MALE,Sylhet,10th,77.4,1.3,37,45,93,,N/A,,Fail
9576,Fatema Talukder,12,Other,Khulna,7th,97.4,1.2,97,52,85,234.0,unknown,Y,FAIL
7593,Nusrat Rahman,12,M,Barisal,Ten,N/A,-0.0,98,42,63,203.0,GRADUATE,0,
2063,Momo Hossain,16,Female,rangpur,6,88.2,4.0,94,,96,,Illiterate,No,pass
5978,Nusrat Akter,,male,Mymensign,10,77.7,1.9,91,36,52,179.0,Illiterate,N,F
5833,Sohan Hossain,13,FEMALE,rajshahi,Ten,80.7,4.1,82,81,96,259.0,N/A,1,F
410,Rupa Sarker,15,,rangpur,7th,93.0,2.7,91,,54,145.0,Unknown,NO,PASS
9713,Rahim Ahmed,12,FEMALE,mymensingh,7,87.7,1.2,54,57,69,180.0,Primary,yes,
6187,Tamim Hossain,12,male,Chittagong,8th,85.2,3.1,82,48,86,216.0,unknown,yes,FAIL
137,Mim Sarker,13,,Sylhet,8th,96.8,3.5,,35,52,87.0,PRIMARY,NO,F
3678,Nusrat Rahman,18,,Barisal,10th,86.9,1.6,89,39,99,227.0,Post Graduate,N,Pass
2926,Kabir Rahman,16,Male,  Dhaka,8th,98.2,3.2,,66,77,143.0,unknown,yes,
6802,Farhan Das,15,O,Chittagong,Nine,87.6,4.2,88,43,78,209.0,GRADUATE,1,FAIL
6225,Arif Talukder,11,Male,Mymensign,Nine,84.6,1.3,32,65,64,161.0,postgraduate,n/a,pass
6582,Mitu Khan,12,other,Dhaka,Six,82.0,2.7,90,67,69,226.0,primary,yes,F
3721,Zayed Talukder,11,Female,,9th,84.4,3.1,50,82,84,216.0,illiterate,NO,PASS
5563,Anik Rahman,17,other,Mymensign,10th,83.2,3.4,44,37,87,168.0,Unknown,Yes,FAIL
9164,Fatema Hossain,11,FEMALE,mymensingh,7,72.0,3.3,56,34,69,159.0,Secondary,N,F
4898,Nusrat Sarker,17,Male,Rajshahi,Seven,90.3,2.6,99,,39,138.0,Higher Secondary,YES,fail
8662,Rupa Akter,15,,rajshahi,Eight,97.2,3.6,62,39,45,146.0,,Yes,PASS
6600,Mitu Rahman,17,O,Rajshahi ,7,88.9,1.6,86,42,84,212.0,Primary,1,
8831,Anik Rahman,12,female,Barishal,Six,84.0,0.5,85,35,65,185.0,primary,,
2901,Momo Talukder,11,Male,Rajshahi,Six,-5.3,4.8,84,88,34,206.0,Secondary,NO,P
533,Arif Talukder,16,Other,barisal,Nine,73.8,1.6,31,58,97,186.0,primary,1,F
2281,Karim Sarker,17,Female,Barishal,Nine,75.1,1.8,80,,87,167.0,N/A,,
7188,Riya Ahmed,16,M,rajshahi,Seven,79.4,0.9,-2,96,59,153.0,higher secondary,YES,FAIL
7768,Priya Sarker,18,Male,Mymensingh,Eight,81.3,-0.5,72,69,74,215.0,secondary,no,FAIL
7481,Rakib Chowdhury,18,female,Khulna,7,83.0,3.4,94,,56,150.0,higher secondary,N,Fail
8492,Nusrat Akter,15,female,Mymensign,9,89.9,6.3,72,67,56,195.0,higher secondary,yes,
3892,Fatema Rahman,11,Female,Khulna,Ten,89.7,2.6,92,64,84,240.0,Illiterate,No,Pass
340,Arif Das,16,female,khulna,6,93.5,4.3,45,98,90,233.0,unknown,,
4636,Hasan Rahman,11,FEMALE,Chittagong,8th,71.9,4.1,75,33,63,171.0,unknown,0,F
5766,Riya Ahmed,15,Other,Mymensingh,10,89.3,2.4,41,90,54,185.0,postgraduate,,
3598,Rakib Hossain,17,Other,Dhaka ,10,94.6,3.5,37,73,72,182.0,Post Graduate,,FAIL
8553,Rafi Das,fifteen,Other,barisal,Eight,75.0,1.8,67,62,51,180.0,Illiterate,0,FAIL
STU-08802,Shila Ahmed,15,Male,Mymensign,6,67.1,,-39,47,81,89.0,PRIMARY,0,Fail
1048,Karim Ahmed,15,O,Dhaka ,10th,101.0,2.6,79,45,68,192.0,Higher Secondary,NO,pass
9559,Mim Hossain,11,M,Rajshahi,Six,86.0,3.4,89,56,56,201.0,Unknown,n/a,fail
35,Rupa Sarker,14,other,  Dhaka,Six,87.5,3.5,53,65,67,185.0,illiterate,NO,F
7512,Nadia Ahmed,13,female,Mymensign,9,69.1,0.9,30,38,89,157.0,Secondary,Yes,P
7450,Rakib Rahman,,Male,rajshahi,8th,69.8,3.0,34,95,83,212.0,illiterate,Yes,
9534,Rafi Das,13,Female,mymensingh,Ten,80.8,4.2,52,66,92,210.0,Primary,Yes,FAIL
5628,Hasan Chowdhury,17,MALE,Rangpur,Seven,68.1,2.4,67,45,90,202.0,Unknown,,FAIL
5000,Kabir Talukder,14,Male,Dhaka,Seven,79.4,2.8,45,38,35,118.0,GRADUATE,No,fail
9691,Bristi Hossain,-10,male,khulna,6,70.2,3.1,87,54,54,195.0,PRIMARY,1,PASS
4359,Tamim Talukder,11,FEMALE,mymensingh,Seven,77.4,-1.3,67,,71,138.0,Post Graduate,No,
1917,Sadia Chowdhury,18,F,SYLHET,06,,6.0,73,51,60,184.0,Secondary,Y,Fail
5248,Rakib Sarker,17,Male,sylhet,6,93.0,4.0,35,33,36,104.0,PRIMARY,1,F
6393,Fatema Rahman,15,male,Dhaka ,Nine,99.0,1.9,,-32,80,48.0,secondary,YES,FAIL
8769,Bristi Rahman,14,F,Barishal,6,88.3,1.1,77,49,205,331.0,,N,pass
7035,Zayed Rahman,12,MALE,  Dhaka,9th,87.9,2.0,94,88,52,234.0,Post Graduate,no,P
7088,Fatema Islam,15,MALE,rangpur,Eight,82.2,2.2,73,78,94,245.0,Unknown,Y,pass
8774,Anik Hossain,17,M,Chittagong,10,97.0,4.0,65,68,70,203.0,N/A,,fail
6464,Fatema Khan,18,other,Rajshahi ,Eight,70.3,2.9,68,54,46,168.0,secondary,,fail
7867,Imran Sarker,17,MALE,Sylhet,7th,86.9,4.9,68,99,96,263.0,higher secondary,0,pass
6590,Hasan Das,13,male,Rajshahi ,Ten,96.5,3.6,39,48,57,144.0,illiterate,,Fail
6266,Sabbir Hossain,11,Other,khulna,Nine,74.0,2.8,44,30,44,,Unknown,1,P
2838,Rakib Akter,16,Other,KHULNA ,6th,99.7,5.0,89,90,65,244.0,Secondary,n/a,F
3769,Priya Rahman,11,MALE,dhaka,7,86.9,,92,44,30,,postgraduate,Y,Fail
6326,Sabbir Akter,16,FEMALE,barisal,Ten,83.6,3.0,57,82,81,220.0,primary,N,FAIL
3681,Ayesha Ahmed,13,FEMALE,SYLHET,Seven,84.1,5.7,57,38,53,148.0,Post Graduate,Yes,
498 ,Lima Ahmed,17,Male,mymensingh,6th,83.1,4.4,33,52,44,129.0,,,pass
1860,Sadia Talukder,15,F,SYLHET,06,95.0,4.8,94,91,83,268.0,Unknown,No,Pass
2479,Priya Hossain,18,M,Rangpur,9th,94.7,1.3,94,91,36,221.0,primary,1,fail
5104,Imran Das,13,female,mymensingh,10th,77.3,2.4,79,91,72,242.0,Primary,No,pass
5122,Anik Islam,18,female,Khulna,8th,86.5,5.6,75,-40,63,98.0,,n/a,Fail
3988,Rakib Rahman,18,Female,rangpur,Six,106.7,2.5,94,64,65,223.0,primary,1,PASS
7672,Jannat Talukder,16,Female,Sylhet,9,78.0,3.9,80,56,69,205.0,primary,n/a,PASS
3080,Karim Sarker,17,female,barisal,8,84.8,1.3,54,56,61,171.0,Unknown,1,P
6256,Nadia Hossain,11,,Rajshahi ,7th,88.3,1.0,79,55,89,223.0,unknown,no,fail
998,Riya Das,229,MALE,Mymensingh,Ten,98.6,2.5,80,51,82,213.0,Unknown,0,Pass
6729,Bristi Chowdhury,11,Other,Barishal,8th,85.9,4.7,31,72,,103.0,Secondary,YES,pass
3684,Sadia Islam,14,female,CHATTOGRAM,8,98.9,2.0,81,,61,142.0,Post Graduate,Y,FAIL
1663,Momo Sarker,13,Male,Dhaka ,Ten,86.8,4.1,-35,53,46,64.0,Graduate,Yes,Pass
3717 ,Priya Ahmed,13,,Chittagong,6th,94.1,1.5,73,38,91,202.0,PRIMARY,No,Fail
7527,Imran Sarker,16,F,chittagong,10th,90.4,3.1,80,67,67,214.0,PRIMARY,NO,
8998,Rahim Das,12,Male,khulna,6th,81.5,3.8,73,36,51,160.0,secondary,Y,PASS
235,Arif Hossain,16,,DHAKA,10,76.1,1.0,32,47,69,,graduate,N,
3524,Rupa Hossain,12,male,Barisal,7th,82.3,3.8,38,42,87,,Graduate,Yes,P
2082,Mitu Hossain,11,F,,10,89.7,2.9,83,76,68,236.0,secondary,1,Fail
8694,Bristi Islam,11,FEMALE,rangpur,6th,-45.2,3.0,92,79,65,236.0,higher secondary,No,Fail
1118,Imran Sarker,13,M,Rajshahi ,Eight,84.4,0.5,99,49,34,,Graduate,no,FAIL
4047,Sohan Sarker,13,male,Mymensingh,7th,89.1,6.9,61,54,82,197.0,unknown,NO,Pass
199,Anik Khan,18,MALE,Mymensingh,8,N/A,6.0,62,35,48,145.0,primary,Yes,fail
9117,Zayed Talukder,17,M,Barisal,06,83.7,1.3,41,42,41,124.0,Illiterate,YES,F
6160,Imran Akter,13,M,Mymensign,7th,90.3,4.1,72,96,66,234.0,Unknown,,PASS
8465,Ayesha Khan,13,male,mymensingh,8,86.2,5.8,40,34,74,148.0,postgraduate,N,PASS
7376,Anik Akter,13,O,KHULNA ,7th,83.1,3.3,72,49,39,160.0,secondary,no,fail
3669,Tanvir Das,17,Male,  Dhaka,10,84.9,4.5,217,33,93,343.0,N/A,N,pass
5791 ,Fatema Sarker,15,Other,DHAKA,Six,97.1,0.1,39,40,36,115.0,Higher Secondary,N,Fail
5941,Tanvir Khan,16,male,rangpur,9,66.0,2.6,36,66,45,147.0,Post Graduate,no,PASS
548,Arif Sarker,17,Female,  Dhaka,9th,80.2,0.3,86,33,36,155.0,primary,No,Pass
STU-08276,Mim Rahman,14,M,Barishal,9,98.2,2.3,62,78,39,179.0,Primary,1,pass
4038,Rakib Hossain,15,M,Ctg,6th,69.8,2.9,65,87,70,222.0,PRIMARY,N,P
7082,Rakib Rahman,18,Male,rangpur,10th,85.0,20.1,66,257,97,420.0,Graduate,1,Pass
1888,Kabir Akter,15,Female,Ctg,Six,67.1,7.3,91,61,87,239.0,secondary,Yes,P
3205,Rakib Talukder,14,male,sylhet,Ten,77.7,1.6,80,70,93,243.0,secondary,NO,
565,Rupa Chowdhury,12,Female,Chattogram,7th,90.3,0.1,30,63,77,170.0,postgraduate,0,F
4791,Rahim Rahman,15,MALE,rangpur,06,82.9,4.1,67,55,74,196.0,Secondary,1,pass
8443,Tanvir Hossain,15,female,rangpur,8,89.0,2.1,69,71,99,239.0,illiterate,0,pass
5344,Anik Chowdhury,15,female,barisal,8,89.5,4.7,42,97,99,238.0,GRADUATE,Y,fail
8615,Imran Talukder,14,female,DHAKA,6th,84.1,2.2,55,60,97,212.0,Unknown,Y,Fail
3162,Nadia Sarker,13,Other,Rajshahi,Six,96.2,3.9,,31,58,89.0,,0,Pass
2797,Fatema Akter,14,O,dhaka,10,69.5,2.1,89,59,41,189.0,illiterate,No,pass
238,Farhan Rahman,18,FEMALE,chittagong,9,103.1,4.3,99,46,57,202.0,unknown,no,PASS
1051,Shila Chowdhury,18,M,Chattogram,06,80.3,4.9,190,98,89,377.0,Graduate,,pass
6723,Zayed Ahmed,17,F,Mymensingh,7th,89.3,0.5,86,36,80,202.0,,,P
4801,Lima Talukder,13,M,Chittagong,6th,81.0,3.0,61,76,,137.0,graduate,N,PASS
9791,Mim Khan,17,male,rangpur,9th,81.3,2.8,84,45,38,167.0,secondary,n/a,Pass
5429,Lima Chowdhury,16,MALE,KHULNA ,Ten,103.9,3.9,31,59,97,187.0,GRADUATE,N,PASS
3396,Farhan Das,13,M,Sylhet,Eight,99.6,3.5,65,45,58,168.0,higher secondary,YES,pass
9161,Imran Rahman,fifteen,F,Rajshahi,Eight,95.4,5.0,88,absent,42,130.0,unknown,no,
3848,Karim Das,11,other,Mymensingh,7th,77.0,0.3,-45,45,93,93.0,Illiterate,Y,Pass
299,Rafi Khan,15,other,khulna,7,70.0,,38,50,57,145.0,Higher Secondary,N,Fail
3558,Tamim Akter,16,female,Rajshahi ,10,70.5,1.7,95,33,89,217.0,PRIMARY,0,fail
1117,Fatema Chowdhury,14,,chittagong,8,73.2,2.7,45,37,60,142.0,Unknown,0,pass
5496,Karim Islam,15,other,Chittagong,Ten,73.7,3.8,43,52,58,153.0,secondary,Yes,PASS
1804,,15,F,Rangpur,Nine,73.0,21.1,265,43,68,376.0,secondary,No,PASS
3043,Tamim Chowdhury,13,,Rajshahi,9th,92.4,5.2,88,42,41,171.0,primary,No,P
1439,jannat khan,18,M,Mymensign,10,101.6,2.6,99,98,43,240.0,Unknown,1,F
7299,Rahim Sarker,18,MALE,barisal,8th,77.0,0.7,75,72,45,192.0,Secondary,Y,F
2979,Rupa Talukder,14,Other,Khulna,06,84.5,1.2,78,31,46,155.0,postgraduate,No,
4337,Rakib Islam,253,FEMALE,DHAKA,Six,93.7,5.8,43,66,34,143.0,Post Graduate,,pass
9505,Arif Rahman,11,MALE,KHULNA ,Seven,86.0,5.4,34,,71,105.0,Secondary,YES,pass
5255,Sadia Chowdhury,13,other,Mymensingh,Ten,,3.1,92,87,76,255.0,N/A,YES,F
9041,Sabbir Sarker,14,Male,rajshahi,7,76.3,3.8,71,48,36,155.0,Secondary,yes,Fail
456,Rakib Talukder,14,M,CHATTOGRAM,10,66.2,1.2,,80,66,146.0,primary,1,PASS
5540,Rafi Chowdhury,18,other,KHULNA ,8,83.6,1.4,87,40,35,162.0,higher secondary,0,PASS
STU-02975,Arif Hossain,17,female,Khulna,8,89.3,4.6,30,82,51,,unknown,N,
7723,Shila Hossain,15,MALE,Rajshahi,10th,87.8,4.9,69,81,33,183.0,Illiterate,n/a,F
6785,Rupa Islam,14,male,Mymensign,6th,100.3,3.0,80,34,87,201.0,,yes,fail
7025,Jannat Hossain,17,male,dhaka,10,91.4,2.9,41,91,87,219.0,unknown,Yes,pass
106,Priya Hossain,16,FEMALE,Chattogram,8,81.2,1.4,55,65,30,150.0,illiterate,1,PASS
1894,Kabir Islam,15,F,Mymensign,7,89.2,0.6,86,48,92,226.0,,0,Pass
4824 ,Mitu Ahmed,11,FEMALE,Rajshahi ,9th,87.4,3.0,33,32,63,128.0,N/A,N,Fail
9594,Farhan Chowdhury,12,,Mymensingh,Nine,75.9,3.5,42,69,55,166.0,higher secondary,N,FAIL
5923,Nusrat Hossain,14,Female,Sylhet,9th,77.4,2.3,79,30,56,165.0,Primary,YES,FAIL
3379,Karim Das,18,,mymensingh,Ten,83.1,7.0,81,41,91,,illiterate,NO,F
7261,Zayed Rahman,,MALE,rajshahi,06,80.5,2.6,38,43,55,136.0,Primary,NO,F
2976,Hasan Akter,18,FEMALE,Mymensingh,Ten,82.3,2.0,57,99,71,227.0,graduate,0,P
7808,Priya Khan,15,male,Khulna,8,111.4,3.0,57,34,50,141.0,Higher Secondary,NO,
823,Tamim Islam,16,Female,Mymensingh,10,90.9,3.6,94,30,33,157.0,illiterate,no,pass
7281,Tanvir Rahman,13,M,dhaka,Eight,89.6,3.3,272,95,96,463.0,secondary,N,pass
5712,Shila Ahmed,17,M,SYLHET,Nine,83.0,2.3,73,40,90,203.0,Graduate,0,pass
1006,Farhan Ahmed,16,,Rangpur,8,87.3,4.1,54,44,35,133.0,Unknown,no,Fail
4293,Sohan Akter,12,male,Rajshahi,8,83.1,4.1,59,70,33,162.0,postgraduate,0,pass
9362,Momo Rahman,15,Male,KHULNA ,Ten,102.0,2.6,55,93,87,235.0,Unknown,YES,fail
2654,Sadia Rahman,15,male,Dhaka,Six,86.2,4.8,82,57,92,231.0,PRIMARY,1,pass
6698,Mitu Chowdhury,14,male,SYLHET,6,84.4,3.1,54,62,60,176.0,secondary,n/a,
8335 ,Tanvir Chowdhury,15,Other,sylhet,Nine,81.0,3.6,66,31,32,129.0,Graduate,No,
8180,Hasan Rahman,18,other,barisal,Six,80.1,3.6,74,84,41,199.0,Unknown,Y,P
7663,Jannat Sarker,12,MALE,Chattogram,Eight,135.0,-0.6,76,69,82,227.0,unknown,Y,pass
9742,Lima Akter,12,Male,Sylhet,Seven,80.7,-3.5,42,32,31,105.0,Graduate,no,FAIL
6954,Nusrat Khan,12,male,SYLHET,8th,83.8,2.5,42,63,52,157.0,Secondary,1,PASS
6337,Nadia Hossain,13,Male,rajshahi,Six,87.7,4.3,81,63,77,221.0,Post Graduate,yes,
7553,Karim Chowdhury,14,O,Dhaka,7th,80.2,3.2,97,51,60,216.0,Primary,No,FAIL
627,,16,female,khulna,Eight,N/A,3.3,96,57,32,185.0,GRADUATE,Y,Fail
6371,Riya Talukder,15,M,Rajshahi ,8th,95.0,3.4,78,56,86,220.0,Post Graduate,NO,Pass
STU-01365,Tanvir Ahmed,12,other,khulna,8th,107.9,5.8,81,51,33,165.0,postgraduate,1,fail
3830,Rupa Talukder,11,FEMALE,khulna,9,87.9,2.5,66,77,48,191.0,secondary,N,F
9437,Rakib Akter,16,male,Mymensingh,Seven,75.3,0.2,99,41,31,171.0,Secondary,NO,F
24,Arif Rahman,14,FEMALE,rajshahi,8,84.8,0.5,85,88,31,204.0,higher secondary,yes,FAIL
9347,Lima Talukder,14,FEMALE,mymensingh,Nine,98.0,0.7,48,30,48,126.0,PRIMARY,no,Fail
7006,Arif Sarker,18,Male,CHATTOGRAM,Eight,74.0,1.0,56,76,89,221.0,PRIMARY,N,Pass
1944,Rakib Ahmed,17,F,rangpur,10th,81.9,2.8,56,47,64,167.0,unknown,yes,pass
8898,Priya Ahmed,17,male,Chittagong,9,70.3,3.2,98,61,34,193.0,PRIMARY,No,pass
4527,Imran Akter,18,FEMALE,sylhet,Six,103.4,,81,46,91,218.0,PRIMARY,Y,fail
721,Arif Hossain,14,female,Chattogram,Eight,,4.2,73,34,56,163.0,Secondary,No,pass
2844,Momo Sarker,14,F,Mymensign,9th,93.2,1.9,96,69,75,240.0,Graduate,YES,F
7499,Sadia Ahmed,15,,CHATTOGRAM,10th,77.1,4.9,79,35,34,148.0,Higher Secondary,Yes,fail
3947,Lima Akter,16,Male,Dhaka,9th,91.1,3.3,67,73,46,186.0,Secondary,No,FAIL
5775,Priya Chowdhury,14,F,Rajshahi ,7th,75.1,3.3,58,49,94,201.0,Secondary,No,Fail
6412,Zayed Sarker,15,Other,barisal,Nine,75.8,4.2,50,64,65,179.0,secondary,no,Pass
6778,Farhan Khan,12,M,SYLHET,8,72.2,2.1,72,50,77,199.0,primary,n/a,PASS
2878,Tanvir Das,-6,M,Dacca,Eight,86.2,5.4,78,46,83,207.0,Secondary,no,Pass
5402,Riya Khan,13,FEMALE,Sylhet,10th,-18.8,1.7,65,35,-22,78.0,,yes,P
4168,Shila Islam,18,Male,,8th,91.5,4.2,77,75,75,227.0,Post Graduate,NO,fail
3910,Lima Khan,18,O,SYLHET,Six,96.0,2.2,94,50,90,234.0,Illiterate,,Pass
1211,Hasan Islam,-1,male,khulna,06,82.8,,52,74,91,217.0,postgraduate,YES,PASS
6244,Farhan Khan,14,F,sylhet,Eight,92.5,3.5,39,94,30,163.0,PRIMARY,No,Pass
179,Rahim Khan,13,M,Chattogram,Eight,94.4,2.2,46,43,60,149.0,,yes,F
9091,Imran Ahmed,15,female,,10,79.3,1.6,31,72,69,172.0,Unknown,0,P
STU-01173,Anik Khan,12,FEMALE,Dhaka ,10,86.8,1.6,39,94,71,204.0,,Yes,FAIL
620,Ayesha Hossain,18,O,rangpur,9,73.5,2.2,77,47,69,193.0,PRIMARY,YES,Fail
7996,Lima Chowdhury,15,,rajshahi,7th,90.3,3.5,85,77,91,253.0,primary,N,P
2624,Tamim Khan,17,female,Rajshahi,Nine,76.8,-2.8,71,67,42,180.0,Graduate,yes,pass
2561,Rakib Rahman,16,Male,Barisal,8,98.3,2.0,61,53,36,150.0,illiterate,1,FAIL
8734,Rafi Das,17,Male,sylhet,Six,90.0,0.2,53,92,51,196.0,,yes,FAIL
8674,Sadia Akter,11,FEMALE,barisal,Seven,,2.0,50,49,76,175.0,higher secondary,N,P
4190,Anik Das,15,male,Sylhet,8,74.9,5.2,65,75,52,192.0,unknown,Yes,pass
311,Farhan Das,14,Other,Rajshahi ,8,105.1,3.2,72,30,80,182.0,N/A,No,PASS
6907,Momo Islam,11,male,Chattogram,Seven,-35.8,2.1,-24,92,43,111.0,Higher Secondary,no,Fail
4239,Mim Das,15,Other,Dacca,6,93.8,-0.6,93,41,82,216.0,,NO,Pass
8891,Rakib Hossain,13,Female,Dhaka ,7th,62.7,2.8,74,32,72,178.0,PRIMARY,,
9134,Farhan Islam,13,Male,Rajshahi ,9th,81.8,6.2,,33,,33.0,Secondary,NO,Pass
8466,Riya Islam,14,male,rangpur,Seven,83.5,2.0,57,38,88,,,YES,FAIL
3772,Kabir Das,12,Male,  Dhaka,9,69.4,2.9,97,88,51,236.0,Secondary,N,PASS
1933,Tamim Khan,16,MALE,Mymensingh,Nine,84.2,3.1,67,72,50,189.0,Primary,no,FAIL
3036,Momo Chowdhury,13,MALE,Chittagong,Ten,89.1,3.4,95,57,89,241.0,secondary,0,fail
7253,Riya Khan,15,Other,Sylhet,Seven,84.4,2.8,95,48,98,241.0,GRADUATE,0,F
7461,Shila Ahmed,18,Other,Dhaka ,06,74.1,5.0,77,55,34,166.0,secondary,Y,PASS
8939,Mim Hossain,14,M,chittagong,Ten,92.3,3.3,89,87,73,249.0,Unknown,1,F
7507,Priya Chowdhury,16,M,mymensingh,06,88.9,,31,58,77,166.0,Secondary,Y,pass
9819,Nusrat Ahmed,13,FEMALE,chittagong,9th,N/A,2.8,54,85,69,208.0,primary,Yes,F
9604,Kabir Akter,11,FEMALE,Rajshahi,8,67.0,3.6,51,157,80,288.0,,1,fail
41,Rakib Rahman,16,male,sylhet,Ten,98.6,4.8,98,90,77,265.0,secondary,NO,
5982,Ayesha Chowdhury,15,Female,Khulna,9th,92.1,2.4,,30,88,118.0,Primary,NO,FAIL
827,Tamim Talukder,12,F,Khulna,Eight,101.6,2.5,72,68,90,230.0,GRADUATE,YES,Fail
4814,Ayesha Ahmed,12,Female,  Dhaka,6,81.2,2.6,49,45,36,130.0,N/A,N,Fail
6021,Tanvir Chowdhury,14,F,Ctg,06,-16.4,5.9,70,99,47,216.0,N/A,Yes,PASS
3133 ,Ayesha Akter,13,MALE,Chittagong,9,72.5,26.8,54,95,,149.0,Illiterate,yes,FAIL
8259,Sabbir Ahmed,12,male,Chittagong,10th,78.1,4.4,73,39,68,180.0,Post Graduate,NO,PASS
8638,Tamim Sarker,15,other,dhaka,8th,91.8,3.4,63,87,-14,136.0,Primary,Y,
8713,Lima Das,14,,Khulna,06,71.8,2.2,83,54,34,171.0,secondary,no,pass
8577,Rupa Rahman,11,Other,Sylhet,10,84.6,-1.5,70,58,95,223.0,Unknown,NO,Pass
8893,Rahim Talukder,14,O,Chattogram,9,95.8,2.8,57,40,58,155.0,Primary,Y,P
3039,Sadia Akter,13,MALE,,8th,79.4,5.2,52,83,37,172.0,GRADUATE,Yes,F
275,Jannat Talukder,18,Female,KHULNA ,6th,89.1,1.8,96,71,68,225.0,Unknown,,fail
528 ,Zayed Islam,13,F,Mymensign,Nine,77.0,3.1,32,39,64,135.0,PRIMARY,YES,Fail
3490,Tanvir Akter,16,,DHAKA,8,72.6,3.8,75,69,91,235.0,Unknown,1,Pass
6150,Tamim Ahmed,16,O,KHULNA ,7,67.1,0.1,69,115,59,243.0,Unknown,N,pass
3296,Tanvir Khan,fifteen,Female,Khulna,9,94.1,4.3,77,59,31,161.0,PRIMARY,Y,FAIL
5754,Jannat Chowdhury,18,,chittagong,9,85.1,2.0,-22,92,65,135.0,Primary,,FAIL
2319,Mitu Islam,16,MALE,Ctg,9th,74.3,3.0,48,70,,118.0,primary,YES,P
6044,Kabir Rahman,13,F,Rajshahi ,10,99.1,4.1,64,39,96,199.0,N/A,N,pass
2692,Riya Ahmed,12,M,rajshahi,Six,86.2,-0.5,74,79,93,246.0,GRADUATE,N,FAIL
6279,Mitu Rahman,18,Other,  Dhaka,10th,79.7,3.4,35,,98,133.0,unknown,n/a,F
4449,Anik Ahmed,13,F,rajshahi,6th,76.2,3.1,54,39,78,188.0,GRADUATE,0,fail
895,Hasan Ahmed,13,female,KHULNA ,7,75.4,1.3,53,63,82,198.0,Post Graduate,Y,fail
4586,Rafi Khan,16,female,Mymensign,10th,99.8,2.5,59,76,51,186.0,Graduate,No,P
4621,Kabir Rahman,12,other,khulna,Seven,97.0,4.4,absent,66,65,131.0,Primary,,FAIL
3972,Rafi Sarker,15,Female,KHULNA ,6,87.7,1.0,-24,92,55,123.0,Higher Secondary,n/a,pass
9088,Anik Rahman,17,male,Sylhet,9th,89.3,-0.1,95,72,42,209.0,,1,Pass
911,Tanvir Chowdhury,17,male,Rajshahi ,Six,101.3,2.4,71,98,30,199.0,Graduate,Y,Fail
2542,Fatema Chowdhury,17,Other,KHULNA ,9th,95.9,1.9,50,55,57,162.0,graduate,no,FAIL
2006,Sabbir Talukder,11,MALE,Dhaka ,7,88.2,3.8,86,46,79,211.0,primary,n/a,F
4600,Mim Sarker,11,M,KHULNA ,10th,90.9,27.0,77,80,84,241.0,,Yes,
559,Momo Sarker,fifteen,other,Khulna,8th,82.8,-0.6,74,46,95,215.0,higher secondary,Yes,P
125,Rahim Rahman,16,M,Mymensign,9th,79.4,5.3,38,63,64,165.0,primary,n/a,F
1471,Zayed Rahman,-14,Female,rajshahi,8th,84.2,4.5,53,49,98,200.0,graduate,yes,FAIL
5650,Imran Khan,12,,KHULNA ,7,91.5,3.5,63,59,66,188.0,secondary,NO,Fail
5381,Tamim Akter,13,MALE,SYLHET,Ten,86.2,3.7,75,57,45,177.0,N/A,0,fail
7261,Zayed Rahman,,MALE,rajshahi,06,80.5,2.6,38,43,55,136.0,Primary,NO,F
7428,Farhan Sarker,11,male,sylhet,9,98.1,1.1,33,52,203,288.0,illiterate,0,PASS
5191,Sohan Akter,16,male,SYLHET,Nine,99.2,2.4,62,73,63,198.0,illiterate,Y,P
2019,Sohan Das,15,male,Barishal,8,74.9,1.2,78,94,67,239.0,Secondary,No,fail
1775,Farhan Hossain,16,MALE,Khulna,6th,65.7,0.8,84,55,54,193.0,PRIMARY,yes,pass
1213,Momo Rahman,18,Male,barisal,6th,80.4,4.2,58,91,81,230.0,N/A,1,Pass
STU-01184,Nadia Talukder,14,F,Mymensign,Six,83.1,0.8,93,60,39,192.0,secondary,Yes,
225,Sohan Islam,18,FEMALE,barisal,6th,99.0,4.4,35,38,35,108.0,Higher Secondary,Y,Fail
7442,Lima Islam,15,Male,chittagong,Nine,84.9,-0.2,92,59,92,243.0,Primary,no,
1952,,11,female,  Dhaka,7,84.1,3.7,89,60,87,236.0,secondary,NO,FAIL
7233,Imran Rahman,15,Male,Rajshahi ,8th,88.2,1.9,43,30,37,110.0,Illiterate,Yes,pass
5137,Bristi Islam,-18,male,Rajshahi,9,99.9,4.2,30,,47,77.0,primary,NO,pass
429,Nusrat Talukder,17,M,Rajshahi,7th,80.3,2.8,46,65,48,159.0,Graduate,N,pass
5645,Zayed Ahmed,13,F,,Nine,90.5,4.4,74,70,92,236.0,unknown,Y,pass
1372,Mitu Akter,17,male,Rajshahi ,06,106.8,2.4,41,61,49,151.0,Secondary,yes,PASS
5454,Fatema Akter,17,Male,khulna,6th,104.7,3.3,52,94,61,207.0,Illiterate,Y,FAIL
4781,Hasan Akter,18,MALE,Rajshahi,9th,105.6,7.0,76,61,61,198.0,,yes,F
9773,Nadia Khan,16,Male,barisal,10,89.0,2.9,59,83,33,175.0,N/A,Y,FAIL
3252,Jannat Sarker,17,other,Sylhet,Seven,92.7,3.1,35,69,52,156.0,primary,0,P
828,Mim Islam,12,Female,rangpur,6th,88.1,3.6,-30,87,97,154.0,postgraduate,NO,F
3310,Sadia Hossain,11,FEMALE,KHULNA ,6,94.6,4.5,79,70,67,216.0,N/A,1,Fail
4729,Nusrat Islam,12,MALE,KHULNA ,06,78.9,2.1,69,70,99,238.0,Unknown,YES,Fail
3745,Rupa Hossain,17,female,khulna,10th,83.3,4.7,40,85,47,172.0,illiterate,0,Pass
5338,Hasan Chowdhury,12,male,Chattogram,10,82.0,2.0,70,34,52,156.0,Higher Secondary,NO,
2526,Sabbir Islam,12,Male,  Dhaka,Six,84.8,2.5,33,215,66,314.0,PRIMARY,0,pass
1672,Anik Talukder,14,other,Mymensign,06,66.3,6.1,,32,30,62.0,Graduate,Y,F
5557,Mitu Islam,11,MALE,Rangpur,10th,85.4,3.3,67,,44,95.0,Post Graduate,yes,fail
5494,Sabbir Khan,13,FEMALE,Barisal,Ten,98.2,1.2,32,45,38,115.0,Graduate,1,F
2859,Imran Akter,11,M,Sylhet,Nine,75.7,2.0,32,34,94,160.0,postgraduate,0,PASS
1278,Anik Rahman,15,Other,Dacca,7th,91.2,1.8,90,38,90,218.0,Higher Secondary,1,PASS
8954,Sabbir Ahmed,18,male,CHATTOGRAM,7th,88.1,2.7,77,63,45,185.0,Unknown,Yes,Fail
746,Hasan Chowdhury,18,F,khulna,Ten,96.1,2.2,79,72,56,207.0,GRADUATE,,FAIL
5845 ,Tamim Ahmed,16,other,chittagong,10,86.6,3.5,47,48,,95.0,unknown,No,pass
8603,Imran Sarker,14,Female,Rajshahi ,6,72.0,-1.3,71,58,56,185.0,Secondary,no,P
4694,Farhan Talukder,,MALE,  Dhaka,Seven,80.7,3.6,31,61,,,N/A,Y,FAIL
142,Anik Das,11,Female,sylhet,9th,85.6,4.6,69,44,50,163.0,Secondary,YES,pass
9105,Shila Ahmed,16,M,KHULNA ,Nine,86.7,5.3,67,92,41,200.0,unknown,Yes,fail
4901,Sabbir Das,16,F,Mymensingh,9th,92.9,4.5,80,62,30,172.0,Secondary,NO,PASS
8994,Rafi Ahmed,15,other,Rajshahi ,Six,89.0,2.3,79,42,64,185.0,Unknown,Y,pass
5302,Fatema Islam,15,F,barisal,Nine,90.6,3.3,35,48,54,137.0,postgraduate,,Fail
7854,Jannat Das,17,female,Dacca,9th,78.4,2.1,54,57,98,209.0,graduate,,
8968,Tanvir Rahman,16,,Rangpur,8,86.7,3.2,89,175,58,320.0,,,Fail
2249,Tanvir Akter,12,Female,Barishal,7th,72.4,2.4,49,89,74,212.0,Secondary,No,P
455,Fatema Rahman,11,Other,Rajshahi ,Seven,71.5,1.8,absent,63,73,119.0,PRIMARY,1,Pass
4869,Fatema Khan,12,FEMALE,sylhet,Seven,77.4,5.1,52,71,41,164.0,Unknown,n/a,F
7324,Hasan Das,11,,Barisal,8th,89.6,5.2,54,71,52,177.0,GRADUATE,Y,P
507,Priya Ahmed,18,O,Dhaka,8,79.0,5.1,50,45,88,183.0,primary,Y,F
7390,Ayesha Chowdhury,16,Other,mymensingh,9,75.5,1.3,35,54,96,,Illiterate,Yes,Pass
3652,Tamim Khan,12,M,Dhaka,Nine,65.8,4.0,63,71,49,183.0,Higher Secondary,Y,Fail
441,Karim Talukder,11,Female,khulna,Six,97.1,0.8,44,66,42,152.0,Post Graduate,yes,
3251,Tanvir Hossain,15,O,SYLHET,Six,117.4,5.5,97,91,87,275.0,GRADUATE,yes,Fail
6577,Shila Chowdhury,16,female,KHULNA ,8th,89.4,0.7,68,68,-2,134.0,Primary,No,pass
1828,Anik Sarker,16,Other,Sylhet,8th,106.9,4.4,31,87,65,183.0,Illiterate,N,pass
111,Rafi Das,11,Female,dhaka,8,78.5,1.4,73,54,46,173.0,Higher Secondary,0,P
7279,Sabbir Rahman,11,O,Khulna,Seven,89.1,0.6,61,96,57,214.0,illiterate,No,FAIL
2997,Tanvir Hossain,15,male,Chittagong,10,77.0,1.6,87,86,36,209.0,Graduate,Y,Pass
7649,Imran Khan,15,MALE,Rajshahi,Six,93.3,5.1,48,46,63,157.0,higher secondary,YES,P
3201,Nadia Akter,12,MALE,Rangpur,06,102.0,2.4,89,83,34,,Graduate,no,FAIL
1518,tanvir akter,12,male,DHAKA,9,66.8,1.0,90,99,82,262.0,Unknown,Y,Fail
985,Zayed Rahman,12,male,Barisal,10th,79.2,1.3,56,87,75,218.0,Primary,Y,Fail
715,Priya Talukder,16,F,Barisal,7,87.0,1.8,43,63,,106.0,graduate,YES,Fail
1746,Imran Akter,13,Male,rajshahi,10,78.9,6.3,74,48,44,166.0,Secondary,Yes,PASS
5802,Rahim Khan,18,Female,Sylhet,8,74.1,1.2,86,54,95,235.0,Primary,Y,
1583,Nusrat Hossain,11,Other,Barishal,6th,94.7,4.4,98,70,30,198.0,Unknown,yes,Fail
5067,Mim Rahman,12,Other,Chittagong,9th,85.8,4.2,86,64,95,245.0,Graduate,0,P
2448,Anik Das,17,Other,Rajshahi,7th,94.8,3.0,72,83,60,215.0,Unknown,Y,pass
5939,Imran Khan,15,Female,rajshahi,Six,92.1,1.7,94,87,66,247.0,primary,,
7062,Bristi Sarker,11,,Dacca,Eight,95.4,4.9,90,87,44,221.0,Primary,,Fail
7951,Mim Hossain,16,,Barisal,Nine,90.5,1.9,98,79,72,249.0,GRADUATE,,pass
3099,Anik Chowdhury,fifteen,Other,KHULNA ,10th,165.4,3.4,69,30,48,147.0,primary,Y,pass
8587,Shila Rahman,fifteen,M,  Dhaka,6,78.0,3.2,89,85,76,250.0,higher secondary,N,FAIL
377,Anik Das,12,M,Chattogram,06,65.6,22.2,92,50,86,228.0,Post Graduate,n/a,FAIL
9671,Kabir Khan,17,Male,mymensingh,Eight,81.2,5.7,92,78,43,213.0,Illiterate,No,Fail
206,Nadia Islam,219,O,Rajshahi ,Nine,96.9,2.6,57,89,66,212.0,graduate,,FAIL
6308,Fatema Akter,17,Other,Khulna,7,,2.2,56,84,78,218.0,Graduate,No,Fail
2195,Lima Ahmed,12,MALE,  Dhaka,8,76.1,2.3,80,66,98,244.0,Illiterate,1,F
5473,Zayed Sarker,12,M,Chittagong,Eight,99.0,4.0,32,52,65,149.0,,Yes,P
7544,Sohan Rahman,13,O,rangpur,8,75.3,1.7,93,67,,160.0,higher secondary,Y,F
7367,Jannat Das,13,female,Chittagong,Eight,93.6,-1.2,87,90,57,234.0,GRADUATE,0,fail
8628,Sadia Ahmed,15,Male,mymensingh,7th,86.7,2.1,96,70,80,246.0,primary,N,FAIL
2179,Karim Islam,18,MALE,,10th,64.3,4.5,33,31,41,105.0,,No,Pass
6033,Riya Khan,12,,Khulna,Nine,99.0,5.5,46,48,38,132.0,N/A,N,fail
3702,Arif Talukder,17,FEMALE,mymensingh,06,78.5,3.7,87,85,82,254.0,GRADUATE,NO,F
6987,Mim Das,18,O,Barishal,9,95.7,0.2,33,41,44,118.0,Unknown,,
6514,Momo Hossain,13,M,Sylhet,7th,80.2,3.7,absent,,70,70.0,PRIMARY,N,fail
3529,Momo Ahmed,14,O,  Dhaka,Nine,84.4,3.3,56,92,58,206.0,postgraduate,,P
419,Momo Islam,11,O,Rajshahi,Ten,84.5,1.3,88,96,74,258.0,illiterate,1,PASS
STU-00284,Hasan Islam,18,other,KHULNA ,6,79.7,0.9,34,94,59,187.0,Illiterate,No,pass
3551,Sadia Chowdhury,14,Other,Barisal,Nine,102.9,2.4,172,44,91,307.0,Primary,n/a,fail
4075,Hasan Ahmed,18,O,rangpur,Ten,100.2,3.9,291,41,70,402.0,Graduate,,P
872,Rakib Talukder,13,female,rajshahi,10,69.3,4.5,77,48,35,160.0,Higher Secondary,N,Fail
2146,Nadia Hossain,12,male,mymensingh,Six,76.7,4.0,84,95,55,234.0,Post Graduate,Yes,Pass
9098,Karim Das,18,male,chittagong,8th,90.7,3.7,84,98,34,216.0,Post Graduate,no,
355,Farhan Hossain,16,FEMALE,SYLHET,Nine,89.4,4.4,45,80,68,193.0,Unknown,0,P
8005,Jannat Hossain,14,Other,khulna,7th,105.9,6.3,90,69,47,206.0,Graduate,N,fail
8510,Ayesha Talukder,13,,Ctg,Six,77.9,1.6,33,61,57,151.0,Higher Secondary,yes,PASS
2363,Bristi Sarker,13,M,Dacca,6,86.0,2.3,38,60,82,180.0,GRADUATE,N,PASS
6753,Sabbir Das,16,male,Rajshahi,9,94.9,3.9,79,,33,98.0,Graduate,0,F
9619,Tamim Talukder,15,M,SYLHET,8,84.0,2.7,40,35,66,141.0,secondary,Y,fail
6972,Sabbir Sarker,14,F,rajshahi,10th,85.7,5.5,76,59,56,191.0,graduate,,FAIL
7377,Nusrat Sarker,13,M,Dhaka ,10th,73.3,2.9,85,40,90,215.0,unknown,n/a,PASS
5262,Rupa Hossain,13,,rangpur,Six,91.3,3.8,34,95,70,199.0,,yes,fail
5756,Mitu Khan,15,Other,barisal,Ten,94.4,5.9,34,60,60,154.0,illiterate,NO,PASS
1141,Riya Das,17,Other,Chattogram,7th,74.9,3.9,35,50,55,140.0,PRIMARY,Yes,P
5693,Imran Khan,17,Other,  Dhaka,10th,78.1,5.0,94,79,53,226.0,Illiterate,Y,PASS
6813,Nadia Hossain,14,M,khulna,Seven,81.2,1.1,92,60,40,192.0,postgraduate,n/a,pass
5566,Farhan Khan,,,SYLHET,8,89.4,3.9,60,99,72,231.0,GRADUATE,Yes,FAIL
9783,Rafi Das,12,Female,Chattogram,9th,94.3,1.4,76,42,96,214.0,graduate,yes,fail
5698,Rafi Hossain,16,male,Chattogram,Nine,88.1,1.3,absent,259,65,324.0,postgraduate,N,P
4187,Momo Hossain,11,Male,SYLHET,8,97.3,-0.2,78,97,33,208.0,,NO,FAIL
6544,Priya Sarker,15,Female,Rajshahi,6,90.0,3.5,30,53,35,118.0,Unknown,1,F
4555,Ayesha Islam,13,Other,Sylhet,7,,3.8,69,97,83,249.0,Unknown,n/a,Fail
2024,Nadia Ahmed,16,female,Rangpur,7th,86.3,1.4,55,52,91,198.0,PRIMARY,No,F
1634,Rakib Ahmed,11,Other,Mymensign,Nine,79.4,2.5,76,96,53,225.0,PRIMARY,YES,P
1639,Imran Sarker,16,other,KHULNA ,7,76.3,,,94,96,,graduate,Yes,Fail
779,Riya Khan,15,Other,sylhet,7,100.0,5.8,50,86,52,188.0,Post Graduate,YES,
8875,Sohan Das,11,FEMALE,KHULNA ,Seven,83.3,3.4,33,-39,78,72.0,Primary,Yes,fail
4522,Momo Talukder,15,Other,barisal,Six,88.2,1.4,33,85,63,181.0,postgraduate,no,Pass
3736,Rahim Chowdhury,14,F,DHAKA,6th,85.5,2.0,34,45,56,135.0,Illiterate,0,Fail
376,Riya Das,297,other,Khulna,10,90.9,2.3,92,96,33,221.0,N/A,n/a,F
2423,Hasan Rahman,14,O,Barisal,Six,88.3,3.8,,55,70,115.0,primary,Yes,PASS
4980,Rupa Rahman,16,O,rajshahi,10,88.0,0.1,96,85,47,228.0,Primary,0,FAIL
5697,Momo Islam,11,other,Mymensign,7th,83.8,2.4,69,158,60,287.0,graduate,N,fail
4788,Tamim Rahman,14,male,sylhet,06,101.5,4.2,66,51,81,198.0,Graduate,No,P
6760,Rakib Talukder,15,FEMALE,chittagong,8,82.9,7.0,53,80,87,220.0,Higher Secondary,Yes,fail
8843,Rupa Das,16,M,Mymensign,Ten,,3.3,232,65,86,383.0,secondary,yes,F
6020,Tanvir Sarker,17,M,Barishal,06,92.6,2.4,47,51,73,171.0,Unknown,No,P
7922,Tanvir Ahmed,12,F,Barishal,7,230.3,3.1,84,77,87,248.0,N/A,NO,FAIL
6937,Rafi Ahmed,16,O,mymensingh,Seven,86.4,2.8,49,43,52,144.0,Illiterate,Y,pass
8343,Shila Khan,18,,,Eight,93.7,3.7,99,74,82,255.0,GRADUATE,,fail
4414,Sabbir Chowdhury,,FEMALE,CHATTOGRAM,Nine,100.8,3.1,47,42,42,131.0,Illiterate,n/a,Fail
3347,Kabir Chowdhury,12,other,Sylhet,9,100.1,2.6,75,56,55,186.0,unknown,Yes,
1169,Nusrat Das,11,female,dhaka,9,89.8,1.8,36,98,45,179.0,N/A,0,F
8924,Momo Khan,12,M,SYLHET,Eight,90.1,3.9,,51,39,90.0,primary,1,Fail
1903,Rakib Chowdhury,15,Male,Mymensign,10,88.7,1.7,65,52,69,186.0,Graduate,NO,fail
631 ,Sohan Hossain,17,FEMALE,Rajshahi ,9,89.1,2.5,51,33,42,126.0,Primary,NO,pass
4605,Sohan Sarker,17,Female,Ctg,10,95.7,4.0,73,76,-31,118.0,Higher Secondary,No,PASS
4330,Zayed Sarker,13,MALE,CHATTOGRAM,10th,107.9,4.2,69,50,76,195.0,Unknown,No,pass
9546,Nusrat Das,15,Other,Rajshahi,8th,79.1,2.1,50,79,35,164.0,PRIMARY,Yes,F
3209,Rakib Akter,15,Female,Rangpur,Nine,90.1,3.5,77,,62,139.0,primary,n/a,PASS
2595,Rafi Islam,17,,  Dhaka,Eight,82.1,3.0,95,68,47,210.0,Higher Secondary,yes,
177,Ayesha Akter,11,FEMALE,KHULNA ,8th,,3.3,52,55,36,143.0,Secondary,no,F
3631,Nusrat Chowdhury,,Other,DHAKA,6,89.3,3.5,95,47,58,200.0,primary,yes,pass
3898,Nusrat Khan,12,Female,mymensingh,Nine,82.1,2.3,33,35,45,113.0,Secondary,n/a,Fail
9743,Momo Chowdhury,fifteen,Female,KHULNA ,8,79.2,2.9,81,44,absent,125.0,primary,N,Pass
6853,Kabir Akter,15,MALE,barisal,Seven,92.0,2.2,80,41,39,160.0,Graduate,YES,FAIL
1521,Tanvir Islam,15,FEMALE,KHULNA ,9,87.0,3.8,61,50,39,150.0,secondary,,FAIL
9708,Jannat Talukder,15,female,barisal,6th,78.8,0.4,232,65,92,389.0,unknown,0,P
4851,Priya Sarker,18,other,Khulna,Nine,68.4,0.5,46,70,33,149.0,secondary,N,Fail
4888,Rahim Ahmed,17,Female,Rajshahi,8th,81.8,-2.7,absent,82,58,140.0,Higher Secondary,Y,FAIL
3787,Rakib Chowdhury,13,FEMALE,khulna,10th,101.5,4.1,31,67,34,132.0,Illiterate,no,FAIL
3934,Nadia Khan,11,Female,rangpur,Seven,90.3,1.1,75,67,42,184.0,illiterate,n/a,pass
1551,Tanvir Khan,13,F,SYLHET,8,99.0,5.5,52,39,80,171.0,Illiterate,Y,PASS
9147,Sohan Das,18,Other,Rajshahi ,7th,84.2,1.7,70,78,46,194.0,PRIMARY,n/a,Fail
9070,Rahim Ahmed,17,O,SYLHET,10th,87.0,4.0,92,70,77,239.0,primary,Y,pass
126,Ayesha Rahman,11,female,Chattogram,Six,89.9,5.4,93,40,43,176.0,secondary,Y,P
7396,Priya Rahman,17,Male,Barisal,Six,67.4,1.6,80,38,58,176.0,graduate,Y,Fail
3782,Sohan Chowdhury,18,,Rajshahi ,9,74.7,3.7,37,73,63,173.0,GRADUATE,N,fail
9728,Sohan Das,16,Male,sylhet,8th,79.9,4.4,97,95,44,236.0,N/A,N,F
3367,Tanvir Chowdhury,14,MALE,KHULNA ,Eight,87.7,2.6,45,46,51,142.0,N/A,yes,Pass
8832,Tanvir Hossain,16,Other,Dacca,9th,86.9,2.3,97,81,97,275.0,Primary,1,FAIL
1600,Sohan Islam,18,MALE,barisal,10th,85.3,4.5,91,77,39,207.0,primary,NO,fail
1503,Rahim Sarker,13,Female,sylhet,10th,76.4,4.3,93,49,57,199.0,PRIMARY,NO,FAIL
8706,Nusrat Islam,12,F,Barishal,7,97.0,4.2,83,77,83,243.0,Unknown,1,Fail
8830,Nusrat Akter,12,other,Khulna,Eight,,0.4,90,81,92,263.0,Illiterate,Y,Pass
2015,Riya Rahman,14,O,sylhet,9,90.0,2.0,96,81,47,224.0,PRIMARY,YES,FAIL
3206,Sohan Hossain,18,other,Ctg,10,73.7,1.7,34,90,35,159.0,secondary,n/a,FAIL
6841,Fatema Talukder,18,male,,Eight,87.8,2.1,86,99,99,284.0,Illiterate,Y,Pass
8234,Jannat Akter,15,M,  Dhaka,10th,87.9,3.6,75,,38,128.0,illiterate,0,PASS
2440,Priya Hossain,18,,,7th,80.5,5.3,54,73,87,214.0,Primary,Yes,
6806,Rupa Islam,16,F,CHATTOGRAM,7,89.6,4.4,85,82,78,245.0,Post Graduate,yes,Fail
8948,Rafi Das,11,,Mymensingh,10th,84.0,3.0,37,59,32,128.0,postgraduate,Yes,Fail
6830 ,Rafi Rahman,11,female,Rajshahi ,Six,84.5,2.7,48,79,51,178.0,,NO,fail
1417,Jannat Sarker,18,Male,Rajshahi ,Eight,80.6,2.1,absent,39,,39.0,N/A,1,pass
5261,Fatema Talukder,12,male,Rangpur,Six,-48.0,5.2,81,81,63,225.0,N/A,Yes,P
7689,Momo Talukder,17,O,Sylhet,Seven,71.5,1.7,94,58,33,185.0,Secondary,Y,F
8486,Lima Ahmed,17,FEMALE,Rangpur,7th,70.8,2.8,43,83,99,225.0,higher secondary,0,P
7235,Sadia Hossain,18,MALE,,Six,79.6,2.5,55,64,89,208.0,Higher Secondary,n/a,
8885,Rupa Das,14,MALE,rangpur,10,82.5,2.7,absent,75,47,122.0,Secondary,Y,pass
STU-05265,Mitu Das,16,FEMALE,SYLHET,10,79.7,4.3,42,63,47,152.0,postgraduate,YES,
1416,Shila Khan,18,O,rangpur,9,81.5,2.6,54,76,84,214.0,primary,Y,PASS
5004,Nadia Sarker,14,male,Khulna,10th,80.2,-0.7,63,96,33,192.0,PRIMARY,,Pass
4332,Mitu Talukder,11,O,,9th,92.1,3.5,74,43,41,158.0,Post Graduate,Yes,F
4397,Kabir Islam,13,F,Rangpur,9th,76.4,1.4,64,,96,160.0,Primary,No,fail
2741,Farhan Sarker,15,,mymensingh,6th,84.9,3.8,61,87,85,233.0,Unknown,,fail
7720,Fatema Talukder,13,M,,Nine,80.3,2.9,68,71,50,189.0,unknown,,F
9153,Anik Sarker,12,FEMALE,Sylhet,7th,84.0,2.2,37,77,61,175.0,primary,yes,FAIL
5926,Nusrat Das,12,male,Barisal,10,91.0,3.3,69,32,59,160.0,PRIMARY,YES,pass
4531,Ayesha Akter,14,FEMALE,KHULNA ,6,-14.7,5.4,33,79,84,196.0,PRIMARY,Yes,P
1830,Sabbir Akter,17,O,Rangpur,Six,95.7,1.1,76,92,48,216.0,PRIMARY,YES,Fail
8146,Fatema Talukder,15,O,barisal,Eight,80.8,3.4,,61,87,148.0,Graduate,yes,Fail
7945,Mim Islam,15,female,barisal,9th,73.2,5.9,66,30,39,135.0,postgraduate,no,pass
6609,Hasan Chowdhury,11,female,Rajshahi ,7,85.0,3.7,72,80,32,184.0,Illiterate,,fail
9549,Fatema Ahmed,16,F,Barishal,Ten,100.2,3.6,49,78,43,170.0,Illiterate,n/a,P
9663,Riya Khan,11,male,KHULNA ,7,108.2,1.5,92,33,83,208.0,postgraduate,N,
4959,Mitu Ahmed,14,O,rangpur,10th,84.3,4.4,83,113,55,251.0,graduate,YES,PASS
8574,Rahim Chowdhury,11,,Mymensingh,9,71.2,-4.9,36,80,50,,secondary,1,F
5237,Tamim Hossain,13,F,Ctg,7,84.2,4.3,86,46,88,220.0,illiterate,1,P
873,Bristi Islam,14,,,7th,90.4,3.6,40,44,93,177.0,secondary,Yes,Fail
936,Zayed Chowdhury,18,other,mymensingh,10th,86.5,5.9,86,41,46,173.0,GRADUATE,No,F
6455,rafi rahman,11,,Rajshahi,8,106.6,2.3,,49,67,116.0,unknown,,pass
7223,Fatema Talukder,11,O,Rangpur,Seven,90.2,2.8,67,38,35,140.0,higher secondary,Yes,pass
7955,Rupa Das,12,F,barisal,6,84.5,0.3,34,232,62,328.0,primary,no,FAIL
2746,Mim Ahmed,13,female,rajshahi,9,74.3,4.3,84,65,43,192.0,PRIMARY,yes,P
8719,Rupa Sarker,14,FEMALE,KHULNA ,10th,85.9,0.4,41,86,55,182.0,secondary,Y,Pass
1934,Karim Akter,13,other,Chattogram,6th,94.8,2.4,78,68,59,205.0,graduate,,Pass
8190,Imran Akter,11,MALE,KHULNA ,Nine,103.9,1.8,39,95,62,196.0,illiterate,N,Pass
7392,Bristi Islam,18,other,sylhet,9,80.8,3.3,37,36,50,123.0,Higher Secondary,Yes,P
6475,Rupa Khan,15,female,khulna,7th,99.8,2.3,91,96,43,230.0,Primary,n/a,FAIL
6951,Priya Talukder,15,MALE,Sylhet,6th,91.3,3.2,50,80,84,214.0,secondary,no,Pass
8141,Ayesha Chowdhury,16,male,KHULNA ,10,102.6,2.6,50,80,83,213.0,,N,P
929,Shila Chowdhury,11,M,rajshahi,Six,68.5,3.9,48,94,32,174.0,PRIMARY,Yes,Fail
8562,Bristi Chowdhury,14,other,rangpur,Seven,75.9,1.0,41,67,85,193.0,Higher Secondary,N,pass
6010,Zayed Khan,11,Other,Chattogram,8th,91.9,4.1,45,31,48,124.0,Secondary,,FAIL
3863,Bristi Sarker,-2,FEMALE,chittagong,10th,86.2,2.7,71,64,59,194.0,,0,
4378,Hasan Ahmed,18,male,barisal,Seven,81.6,2.9,45,93,43,181.0,Primary,Y,fail
9208,Nusrat Ahmed,13,,,Seven,82.7,1.7,44,67,,111.0,secondary,Y,fail
3002,Priya Chowdhury,12,F,Mymensign,7th,91.1,1.8,79,33,70,error,PRIMARY,yes,F
5870,Ayesha Hossain,14,M,rangpur,10,95.7,4.0,82,96,39,217.0,Unknown,,Pass
5946,Riya Islam,14,male,chittagong,8th,93.3,4.1,98,47,77,222.0,Higher Secondary,,pass
7671,Rafi Talukder,17,MALE,barisal,6th,88.5,3.4,92,93,43,228.0,N/A,n/a,PASS
1579,Nadia Talukder,12,Other,Khulna,7,83.0,3.8,46,89,71,206.0,secondary,YES,Pass
4436,Mitu Islam,17,Male,Mymensign,Seven,82.9,4.4,83,,49,132.0,unknown,Yes,FAIL
2510,Farhan Hossain,13,O,Rangpur,10,87.0,-4.6,52,72,51,190.0,N/A,no,PASS
898,Mitu Ahmed,15,male,Ctg,Eight,89.2,-4.7,36,55,45,136.0,Post Graduate,NO,
7843,Tanvir Sarker,,M,Barisal,8th,90.4,2.8,35,62,71,168.0,Illiterate,yes,Fail
3957,Anik Rahman,17,FEMALE,Rangpur,Eight,80.1,4.0,66,36,84,186.0,Graduate,yes,PASS
4492,Lima Chowdhury,15,,chittagong,Nine,70.0,3.7,81,90,46,217.0,Graduate,NO,pass
4275,Karim Khan,18,Other,Rajshahi ,7,112.4,2.3,98,40,55,193.0,Higher Secondary,N,Fail
8743,Ayesha Akter,17,other,KHULNA ,10th,106.8,3.0,82,88,97,267.0,Unknown,Yes,Fail
7115,Mitu Khan,12,Female,Mymensingh,7,84.9,3.5,81,73,63,217.0,illiterate,Y,PASS
3019,Imran Ahmed,15,Female,Rajshahi ,10,101.2,0.1,71,49,77,197.0,Higher Secondary,N,
5164,Bristi Ahmed,15,Female,Chittagong,Seven,68.1,-1.9,92,42,80,214.0,primary,,Fail
803,Sohan Chowdhury,16,Other,barisal,7,80.0,2.7,80,71,46,197.0,N/A,Yes,FAIL
1919,Sabbir Chowdhury,18,MALE,rajshahi,8th,73.5,3.6,58,74,97,244.0,illiterate,N,fail
8399,Imran Islam,16,MALE,SYLHET,9th,88.6,2.5,-48,45,54,,primary,1,pass
7426,Mim Das,15,MALE,  Dhaka,7th,88.3,2.3,77,54,62,193.0,Graduate,No,pass
207,Nadia Talukder,15,Female,SYLHET,9th,79.4,3.7,97,93,46,236.0,Secondary,Y,
3100,Mim Khan,17,male,mymensingh,Seven,85.2,1.1,92,91,77,260.0,Post Graduate,n/a,P
4548,Nusrat Sarker,15,Female,Sylhet,Nine,87.0,1.6,41,33,60,134.0,primary,No,F
9172,Jannat Ahmed,11,MALE,Chattogram,06,87.7,5.1,95,32,82,209.0,Higher Secondary,n/a,P
2988,Sadia Sarker,17,,Mymensingh,06,81.4,2.6,45,52,68,165.0,Post Graduate,N,pass
70,Imran Sarker,18,F,Khulna,Seven,82.8,4.6,42,52,59,153.0,Secondary,1,pass
2386,Sadia Hossain,16,female,Rajshahi ,7,92.5,2.4,69,93,45,207.0,illiterate,N,PASS
9152,Priya Das,11,Female,chittagong,9,91.4,5.8,46,81,77,204.0,,YES,P
7624,Hasan Sarker,18,other,Rajshahi ,10th,91.4,4.5,91,91,99,281.0,primary,n/a,FAIL
993,Bristi Akter,17,,Rangpur,8,93.8,3.0,98,42,39,179.0,graduate,0,Fail
3320,Bristi Ahmed,17,Male,Rajshahi ,9th,74.7,3.4,57,39,-7,89.0,PRIMARY,0,Pass
3374 ,Lima Talukder,15,MALE,Dhaka,8th,77.8,3.6,61,43,46,150.0,Primary,n/a,fail
6100,Lima Rahman,15,Female,mymensingh,8th,96.5,-0.8,88,,34,122.0,Secondary,1,PASS
3665,Imran Das,14,Female,barisal,10th,81.1,3.6,98,59,94,251.0,PRIMARY,no,PASS
9079,Rafi Islam,12,Male,rangpur,8,89.4,3.7,52,66,65,183.0,Primary,NO,
6716,Nadia Ahmed,18,M,Dacca,9,94.9,3.5,67,56,55,178.0,illiterate,yes,FAIL
2167,Anik Akter,14,female,barisal,7,96.8,2.4,80,46,46,172.0,PRIMARY,0,F
5316,Nusrat Sarker,12,Female,Barisal,Nine,85.9,2.5,40,43,42,125.0,higher secondary,yes,pass
4031,Ayesha Islam,18,O,Barisal,10th,96.6,4.0,55,52,62,169.0,GRADUATE,,P
859,Tanvir Das,17,Other,barisal,9th,89.1,2.5,81,55,55,191.0,PRIMARY,yes,F
466,Tanvir Das,16,Female,SYLHET,06,87.3,5.2,76,82,75,233.0,Post Graduate,yes,PASS
2884,Mitu Akter,17,O,khulna,6,99.4,4.6,45,69,59,,Primary,yes,pass
6134,Arif Ahmed,14,MALE,Dhaka ,9th,85.0,1.9,95,40,47,182.0,Higher Secondary,,fail
297,Hasan Islam,18,M,mymensingh,6th,90.4,,89,52,60,201.0,Post Graduate,,fail
5694 ,Rupa Rahman,13,M,,7th,78.3,5.4,44,46,58,148.0,secondary,Yes,fail
9502,Anik Ahmed,17,female,Rajshahi,Six,100.1,1.0,99,74,38,211.0,primary,No,Fail
1359,Hasan Akter,15,MALE,Rajshahi ,6,83.4,1.2,91,93,46,230.0,Secondary,Yes,P
8223,Rafi Akter,11,FEMALE,Barishal,10th,81.7,1.6,69,74,78,221.0,Higher Secondary,1,PASS
6265,Lima Rahman,17,FEMALE,sylhet,Eight,76.9,,56,42,35,133.0,GRADUATE,yes,pass
STU-09562,Bristi Talukder,16,female,Khulna,Ten,83.9,3.3,93,81,61,235.0,graduate,Yes,Pass
6896,Shila Chowdhury,14,Male,sylhet,Nine,92.1,3.7,37,73,90,200.0,postgraduate,,pass
7718,Nusrat Das,14,F,Ctg,10,95.9,4.1,,62,96,158.0,Unknown,yes,FAIL
4676,Rakib Islam,11,O,Barisal,8th,85.6,-0.1,,89,73,162.0,Post Graduate,Y,
9818,Mitu Das,11,Female,CHATTOGRAM,9,86.8,3.3,71,,36,107.0,N/A,n/a,F
6338,Riya Islam,11,Other,Rajshahi ,9th,99.8,,42,79,94,215.0,unknown,Y,PASS
2571,Sadia Rahman,13,other,rangpur,7,,1.6,95,30,36,161.0,Post Graduate,N,P
3903,Mim Islam,15,male,Rajshahi ,6,81.7,2.4,66,72,66,204.0,secondary,1,Fail
2544,Lima Hossain,17,MALE,Barisal,7,222.5,4.6,33,33,38,104.0,unknown,Yes,Pass
7075,Rafi Islam,14,FEMALE,Sylhet,9,,2.3,45,94,74,213.0,PRIMARY,Yes,P
2091,Nadia Khan,17,,Rangpur,8th,94.3,5.5,57,95,76,228.0,N/A,1,pass
8997,Sohan Khan,156,,Rangpur,10,81.1,2.2,49,88,33,170.0,Illiterate,Y,PASS
7371,Momo Hossain,12,O,rajshahi,6,81.8,-1.2,81,87,63,231.0,GRADUATE,YES,P
1256,Karim Talukder,15,M,Sylhet,Seven,84.0,3.9,62,39,88,189.0,Primary,0,fail
2155,Mitu Talukder,15,MALE,SYLHET,9,100.2,5.1,35,55,66,156.0,Post Graduate,No,pass
1288,Rupa Das,12,O,Dhaka ,7th,,3.6,82,33,46,161.0,graduate,NO,Fail
2873,Lima Islam,17,Female,khulna,Nine,80.3,1.3,75,99,60,234.0,N/A,Y,Pass
8025,Karim Chowdhury,12,Male,Dhaka ,9,79.1,1.9,32,96,55,183.0,Higher Secondary,yes,
6417,Jannat Islam,16,male,Rangpur,7,85.7,2.4,75,50,81,206.0,GRADUATE,0,F
8600,Kabir Chowdhury,14,M,barisal,Nine,86.9,4.2,68,37,77,182.0,GRADUATE,1,fail
1519,Arif Das,18,other,Barishal,7th,85.9,5.7,93,59,78,230.0,Unknown,No,Pass
2184,Rakib Ahmed,11,other,SYLHET,Eight,87.9,2.3,62,47,64,173.0,,NO,fail
3026,Zayed Talukder,18,MALE,Barisal,10th,82.0,3.2,67,33,91,191.0,PRIMARY,NO,FAIL
8182,Riya Khan,15,Other,Khulna,6,82.4,-0.4,32,,83,115.0,Post Graduate,NO,F
9550,Ayesha Das,15,Other,Khulna,Nine,62.8,4.9,-8,72,93,157.0,Higher Secondary,no,fail
6762,Jannat Sarker,12,O,mymensingh,10th,67.5,1.7,,58,83,141.0,Primary,YES,F
5909,priya khan,15,O,Mymensingh,8,75.1,1.5,61,94,87,242.0,PRIMARY,no,P
9240,Mim Talukder,11,male,,9th,87.6,3.1,75,38,37,150.0,unknown,YES,
7948,Fatema Hossain,14,Female,Chattogram,Seven,78.0,2.4,94,96,87,277.0,secondary,1,Fail
9221,Arif Islam,12,Female,Dhaka ,9th,76.6,2.9,57,66,49,172.0,Graduate,NO,P
8560,Nadia Hossain,12,FEMALE,Sylhet,9,87.8,1.8,88,40,84,212.0,,YES,PASS
4036,Priya Talukder,16,FEMALE,Sylhet,7,92.7,3.0,76,73,61,210.0,PRIMARY,N,pass
7175,Farhan Islam,17,other,KHULNA ,6th,63.7,1.5,85,84,41,210.0,GRADUATE,No,
7852,Bristi Ahmed,16,male,rajshahi,7th,65.6,2.2,33,87,94,214.0,Secondary,NO,Fail
2803,Rakib Hossain,17,male,mymensingh,10th,84.1,4.8,58,50,83,191.0,Higher Secondary,no,PASS
9612,Imran Chowdhury,,F,mymensingh,Seven,91.9,1.8,36,75,79,190.0,secondary,,F
3896,Karim Sarker,18,O,Chattogram,Nine,92.6,2.7,53,93,absent,146.0,illiterate,No,
7120,Momo Islam,17,Female,Barishal,10,94.5,1.0,,89,39,128.0,Illiterate,1,Fail
837,Nusrat Hossain,17,other,rajshahi,8,,5.0,66,94,80,240.0,Illiterate,NO,F
5867,Anik Khan,16,F,SYLHET,9th,81.4,4.6,38,95,82,215.0,illiterate,no,PASS
5476,Anik Hossain,13,female,KHULNA ,Nine,77.7,3.4,59,50,94,203.0,Primary,Y,pass
546,Momo Chowdhury,13,other,Rajshahi,8th,67.8,3.4,57,83,66,206.0,illiterate,,fail
4612,Fatema Islam,18,MALE,SYLHET,Eight,83.4,3.1,58,34,96,188.0,higher secondary,,F
2410,Rafi Sarker,12,female,Barishal,Nine,84.4,3.2,93,94,83,270.0,illiterate,,fail
3210,Sohan Das,14,female,Rangpur,6,84.7,3.3,-12,85,46,119.0,Post Graduate,0,fail
7703,Arif Ahmed,12,male,rangpur,8,85.5,0.7,34,53,58,145.0,Primary,,Fail
8470,Tamim Ahmed,15,male,Rangpur,Eight,76.8,4.1,54,95,34,183.0,Primary,,pass
430,arif rahman,17,Female,Dhaka ,9,87.7,5.7,41,50,105,196.0,Higher Secondary,no,fail
4900,Sohan Sarker,16,M,CHATTOGRAM,Seven,,2.5,91,79,83,253.0,,,PASS
9445,Mim Islam,13,FEMALE,CHATTOGRAM,10th,102.9,1.6,51,77,61,189.0,postgraduate,YES,Fail
7344,Sohan Rahman,17,Male,Barisal,7th,83.3,4.0,78,96,62,236.0,higher secondary,Y,F
9541,Momo Akter,15,O,rangpur,10th,80.0,3.0,33,57,79,169.0,PRIMARY,Yes,pass
1980,Rupa Islam,17,Other,Mymensingh,Ten,90.6,3.8,66,74,45,185.0,primary,Yes,Pass
8408,Bristi Ahmed,14,male,Dacca,Nine,95.3,2.7,49,74,75,198.0,higher secondary,0,fail
7917,Sadia Das,17,F,mymensingh,9,89.6,0.5,45,42,91,178.0,Higher Secondary,0,PASS
2217,Tamim Islam,12,M,sylhet,8th,91.5,1.9,57,31,46,134.0,graduate,0,P
269,Mim Sarker,16,female,Rangpur,7,-18.2,3.6,44,39,71,154.0,secondary,,FAIL
3932,Tamim Rahman,15,MALE,SYLHET,Eight,82.7,2.1,89,80,34,203.0,Unknown,YES,fail
9641,Nadia Rahman,18,Other,rangpur,8,73.4,3.8,85,80,60,225.0,higher secondary,Y,
18,Jannat Rahman,15,MALE,Rajshahi,Nine,76.9,2.2,95,71,74,240.0,Unknown,No,Pass
6718,Jannat Chowdhury,16,MALE,rangpur,Nine,87.5,4.3,32,88,82,202.0,Graduate,Yes,F
1152,Riya Khan,14,Male,chittagong,8,82.9,2.1,68,40,65,173.0,Unknown,1,fail
4875,Hasan Khan,11,Male,Rajshahi,6th,94.9,1.9,37,56,65,158.0,Graduate,no,Fail
7959,Ayesha Ahmed,13,female,chittagong,9,92.0,6.1,81,52,48,181.0,higher secondary,,pass
6372,Nadia Khan,16,,Khulna,7,77.2,1.4,94,46,63,203.0,graduate,n/a,Pass
253,Karim Khan,14,Female,Barisal,9,88.4,1.3,92,62,70,224.0,,n/a,fail
4740,Mitu Rahman,11,,SYLHET,8th,98.9,3.7,56,96,96,248.0,N/A,,P
1505,Nusrat Talukder,12,,Barisal,10,98.6,3.9,98,96,76,270.0,GRADUATE,n/a,F
3470,Sadia Chowdhury,14,M,dhaka,Seven,91.9,1.3,53,44,41,138.0,Graduate,Y,F
4193,Farhan Akter,16,Male,rajshahi,8,85.2,6.0,93,,66,159.0,Unknown,0,F
6122,Ayesha Talukder,17,other,Barishal,7th,79.9,2.5,82,50,59,191.0,postgraduate,0,F
8380,Ayesha Akter,11,Male,KHULNA ,10,78.5,28.8,87,59,99,245.0,graduate,n/a,fail
6367,Mim Khan,14,male,Mymensign,9th,101.9,1.2,61,46,86,193.0,GRADUATE,1,Fail
7387,Nadia Hossain,11,Female,Rangpur,Six,90.0,3.2,94,70,61,225.0,higher secondary,NO,F
5299,Nusrat Talukder,16,Male,rajshahi,Nine,85.9,2.7,88,-21,88,155.0,Primary,0,pass
3536,Nusrat Islam,18,F,Sylhet,Eight,79.6,-0.7,87,40,88,215.0,primary,0,
2161,,18,O,chittagong,9,85.4,0.0,58,70,74,202.0,primary,Yes,PASS
8516,Lima Hossain,15,Female,rangpur,Seven,85.4,29.6,60,65,43,168.0,Higher Secondary,Y,FAIL
6146,Bristi Talukder,15,male,  Dhaka,8,90.2,2.8,87,97,92,276.0,Secondary,Yes,P
5608,Shila Ahmed,11,Male,sylhet,8th,84.6,6.5,85,78,72,235.0,,n/a,Fail
6824,Riya Islam,14,Female,Barisal,Eight,81.5,4.9,74,81,79,234.0,,yes,FAIL
9674,Tamim Ahmed,13,FEMALE,Rangpur,9,81.2,1.5,41,42,79,162.0,Primary,Yes,pass
1553,Nusrat Rahman,18,MALE,mymensingh,10,66.3,1.6,55,55,48,error,PRIMARY,Yes,PASS
77,Priya Chowdhury,15,Female,Mymensign,7th,70.5,0.9,46,74,33,153.0,primary,yes,FAIL
9084,Farhan Rahman,17,M,mymensingh,7th,74.2,-0.2,67,50,67,184.0,PRIMARY,0,P
4985,Farhan Islam,15,Female,rangpur,Eight,91.1,,98,53,55,206.0,N/A,N,PASS
9341,Riya Khan,14,male,Rajshahi,10th,86.7,2.4,61,46,33,140.0,GRADUATE,no,FAIL
8429,Ayesha Khan,11,other,Barisal,6th,85.8,4.5,85,40,47,172.0,graduate,NO,
6837,Tamim Ahmed,15,male,SYLHET,8th,95.8,2.9,52,40,43,135.0,Illiterate,1,FAIL
6680,Sabbir Akter,17,F,Rajshahi ,7,58.3,2.1,30,40,79,149.0,Secondary,yes,P
3093,Sohan Akter,17,M,sylhet,8th,92.4,3.4,51,44,96,191.0,GRADUATE,NO,Fail
3958,Tanvir Ahmed,14,Other,CHATTOGRAM,6th,81.6,4.7,68,52,81,201.0,Secondary,n/a,fail
9122,hasan talukder,13,Male,Mymensingh,6th,108.7,0.4,99,85,94,278.0,unknown,Y,FAIL
8288,Zayed Chowdhury,15,FEMALE,,6th,90.1,3.9,37,61,96,194.0,secondary,1,P
5486,Farhan Ahmed,14,,khulna,Seven,103.9,2.6,92,76,98,266.0,primary,N,P
3500,Nusrat Das,11,male,Khulna,06,98.4,2.6,40,64,68,172.0,Unknown,yes,F
1080,Hasan Das,16,Other,SYLHET,8,76.5,3.7,-18,73,86,141.0,postgraduate,,fail
3915,Zayed Das,13,M,Sylhet,10th,74.8,3.0,95,82,63,240.0,unknown,1,
4944,Kabir Ahmed,17,MALE,Dacca,Seven,92.3,5.0,70,90,59,219.0,unknown,NO,Pass
9759,Farhan Sarker,12,other,SYLHET,8,82.8,2.9,48,40,81,169.0,Unknown,Y,Fail
6673,Sadia Sarker,16,other,Dacca,6,85.6,1.4,75,33,35,143.0,illiterate,yes,Fail
9424,Sadia Hossain,14,male,sylhet,6th,90.2,4.5,96,75,77,248.0,Unknown,1,P
561 ,Sabbir Khan,11,FEMALE,rangpur,Eight,100.7,2.1,39,65,63,167.0,N/A,n/a,fail
9672,Karim Das,16,F,Ctg,06,77.8,3.2,61,51,64,176.0,PRIMARY,YES,P
8928,Zayed Das,14,,Ctg,10,83.7,2.0,74,77,33,184.0,Post Graduate,no,fail
1482,Mitu Talukder,11,O,Mymensign,Six,87.9,-0.2,32,55,82,169.0,N/A,yes,pass
3514,Imran Ahmed,16,Male,dhaka,Seven,75.0,2.4,85,39,48,172.0,primary,NO,Fail
4118,Mitu Sarker,18,female,Mymensingh,7th,80.1,1.7,58,63,88,209.0,,YES,P
4539,Arif Talukder,15,Male,Mymensingh,7th,75.2,3.9,40,94,92,226.0,postgraduate,1,P
2123,Tanvir Ahmed,11,Other,barisal,10,87.6,0.7,60,81,31,172.0,unknown,Y,F
6768,Sohan Ahmed,16,FEMALE,Sylhet,9,82.8,1.6,70,53,79,202.0,Graduate,n/a,
8648,Shila Das,,MALE,Barishal,6,104.5,4.3,38,92,97,227.0,GRADUATE,no,
8433,Rupa Ahmed,15,FEMALE,rangpur,6th,93.0,5.1,58,57,97,212.0,Higher Secondary,No,P
9770,Ayesha Hossain,17,Male,rangpur,8th,85.8,-0.2,34,56,66,156.0,Higher Secondary,NO,F
908,Ayesha Rahman,11,other,Mymensingh,7,77.4,1.4,83,80,39,202.0,GRADUATE,,FAIL
1977,Anik Talukder,12,O,khulna,7,92.0,2.5,44,65,76,185.0,N/A,,Pass
3825,Imran Akter,12,O,khulna,9th,99.0,3.6,46,54,83,183.0,GRADUATE,YES,pass
4331,Lima Islam,13,M,dhaka,10,74.4,4.0,,91,66,157.0,illiterate,1,pass
2198,Shila Chowdhury,,other,Rajshahi,Nine,74.1,2.2,79,98,absent,177.0,higher secondary,yes,Pass
3968,Priya Ahmed,12,FEMALE,Chittagong,7th,83.5,2.2,82,48,55,185.0,primary,0,Fail
2229,Nusrat Talukder,17,Male,Khulna,9,80.2,3.8,75,31,92,198.0,Unknown,,PASS
8045,Nadia Akter,18,,SYLHET,06,101.2,2.4,79,57,82,218.0,higher secondary,Y,fail
6423,Fatema Talukder,11,Male,Dhaka,8th,66.4,1.7,79,92,99,270.0,illiterate,YES,FAIL
9138,Nusrat Talukder,12,other,chittagong,10th,74.9,1.3,46,80,38,164.0,PRIMARY,,F
3280,Hasan Das,13,FEMALE,Dhaka ,8th,89.7,0.0,65,64,97,226.0,GRADUATE,1,
8776,Ayesha Ahmed,18,other,Rajshahi ,Ten,90.3,0.0,36,71,54,161.0,N/A,0,F
7627,Anik Hossain,18,M,sylhet,10,97.7,3.0,45,75,73,193.0,N/A,n/a,pass
9632,Jannat Ahmed,14,M,dhaka,06,75.1,1.4,71,82,91,244.0,N/A,yes,P
6727,Bristi Das,15,Male,Rajshahi,9,71.8,4.4,83,88,62,233.0,Secondary,Y,
3860,Riya Sarker,15,F,sylhet,Seven,89.4,5.6,50,50,99,199.0,Graduate,n/a,FAIL
8809,Rahim Sarker,,male,Rangpur,Six,70.2,4.6,86,48,73,207.0,primary,NO,
STU-07042,Shila Sarker,18,female,Sylhet,7th,74.2,1.9,71,61,91,223.0,Higher Secondary,n/a,F
8543,Sabbir Hossain,15,,rajshahi,10,86.8,0.1,66,,79,145.0,primary,Y,Fail
3559,Sohan Rahman,18,Female,Ctg,06,70.4,2.8,44,30,51,125.0,PRIMARY,1,FAIL
1636,Ayesha Talukder,15,other,rangpur,Six,85.2,-0.4,98,74,35,207.0,higher secondary,0,pass
2062 ,Rahim Islam,11,O,rangpur,6th,81.2,4.1,59,51,256,366.0,Primary,Y,Fail
8043,Farhan Khan,11,other,khulna,6,93.9,2.3,,96,88,184.0,N/A,no,pass
4154,Anik Talukder,15,M,KHULNA ,10,92.0,3.4,30,72,61,163.0,PRIMARY,NO,PASS
3761,Arif Talukder,17,,Chittagong,Ten,75.7,1.8,,87,83,170.0,graduate,Yes,FAIL
7910,Sohan Khan,13,female,SYLHET,10th,76.1,3.5,75,95,43,213.0,Primary,Yes,Fail
2193,Mitu Akter,14,O,Sylhet,Ten,82.1,,81,64,98,243.0,Post Graduate,Y,PASS
1473,Riya Rahman,18,Other,Rangpur,9,80.0,4.8,41,73,44,158.0,Primary,No,fail
8836,Tamim Chowdhury,17,FEMALE,Rajshahi,10th,96.4,4.1,52,62,,114.0,Illiterate,Yes,P
1204,Fatema Hossain,13,FEMALE,sylhet,8th,75.7,3.1,73,77,81,231.0,higher secondary,,P
1455,Priya Das,13,male,  Dhaka,6th,58.0,2.9,32,91,56,179.0,secondary,,F
647,Tanvir Ahmed,13,female,Rajshahi,Ten,79.4,-0.0,87,61,89,237.0,unknown,Yes,Fail
9533,Rafi Talukder,,M,SYLHET,10th,77.8,2.6,,-35,62,27.0,graduate,no,fail
6883,Ayesha Talukder,12,Other,rangpur,10,88.0,2.4,88,32,39,159.0,Unknown,1,FAIL
9760,Karim Islam,16,Male,Mymensingh,8th,89.6,2.7,58,65,76,,secondary,yes,Pass
5665,Karim Akter,18,Female,mymensingh,Nine,87.9,-0.6,70,59,76,205.0,Higher Secondary,Yes,
3076,Sadia Akter,14,O,Rajshahi ,8,88.1,3.7,52,31,96,179.0,Higher Secondary,no,Fail
4562,Shila Chowdhury,17,O,Rajshahi ,8,85.6,1.1,51,94,61,206.0,Unknown,,Fail
3072,Sohan Sarker,16,,mymensingh,6,89.4,3.8,54,53,76,183.0,,yes,
5686,Momo Khan,16,MALE,Dacca,9,91.8,0.2,70,86,79,235.0,Illiterate,no,pass
3603,Rupa Akter,11,FEMALE,,6,92.1,2.2,58,37,46,141.0,Primary,n/a,FAIL
5105,Ayesha Hossain,17,MALE,Sylhet,Eight,75.2,3.8,63,52,36,151.0,illiterate,1,PASS
9618,Rakib Das,18,female,Rajshahi ,Eight,-36.6,4.2,59,52,54,165.0,Graduate,n/a,P
1580,Jannat Talukder,11,,chittagong,Nine,63.9,3.7,82,36,34,152.0,Post Graduate,No,FAIL
1305,Rafi Talukder,12,FEMALE,barisal,Seven,78.3,4.6,38,80,45,163.0,postgraduate,NO,P
9812,Zayed Khan,11,other,Sylhet,Eight,,,54,81,47,182.0,unknown,yes,Pass
5392,Lima Sarker,196,M,Chittagong,Nine,65.0,2.7,80,37,34,151.0,PRIMARY,No,FAIL
347,Rupa Das,18,Female,rangpur,Eight,84.3,3.4,99,73,74,246.0,secondary,YES,P
STU-04599,Tanvir Islam,11,female,Mymensign,8th,104.2,4.4,54,70,91,215.0,secondary,0,
5329,Hasan Ahmed,,Male,CHATTOGRAM,6th,107.1,0.7,53,99,49,201.0,Unknown,0,PASS
1644,Nusrat Khan,13,,rangpur,Six,101.3,4.5,38,77,,115.0,,1,P
2991,Sohan Das,17,F,Rangpur,6,81.8,2.9,48,44,99,191.0,GRADUATE,n/a,P
834,Rafi Rahman,17,Female,Dhaka,Nine,78.8,1.1,51,58,70,179.0,PRIMARY,yes,PASS
7911,Zayed Chowdhury,13,,Mymensingh,8,78.4,2.4,62,39,82,183.0,graduate,Yes,
6237,Riya Chowdhury,15,O,Mymensingh,6,93.3,2.5,48,98,51,197.0,GRADUATE,NO,fail
7882,Sabbir Chowdhury,16,male,Sylhet,9,98.3,4.3,,46,53,error,Illiterate,YES,F
8950,Karim Rahman,15,FEMALE,Barisal,7,101.9,2.8,92,62,53,207.0,GRADUATE,Yes,Fail
1165,Priya Chowdhury,16,Female,Khulna,6,83.5,0.3,55,30,85,170.0,Illiterate,0,pass
8589,Rafi Khan,11,F,Rangpur,Seven,92.5,1.2,77,47,89,213.0,GRADUATE,n/a,F
3596,Ayesha Das,13,FEMALE,Chattogram,9th,88.7,3.8,66,85,84,235.0,postgraduate,No,fail
1293,Sabbir Talukder,17,other,Barishal,7,68.8,3.6,50,72,55,177.0,Post Graduate,0,PASS
5522,Mim Rahman,14,other,rajshahi,9th,90.3,2.3,97,62,85,244.0,Secondary,1,Pass
4639,Farhan Ahmed,16,Other,chittagong,10,86.5,2.7,78,86,56,220.0,primary,Yes,F
1492,Tanvir Sarker,13,Male,Barisal,9th,89.8,1.5,75,57,55,187.0,Unknown,No,FAIL
8350,Momo Rahman,15,male,rangpur,Ten,93.8,2.6,93,53,57,203.0,Higher Secondary,Y,FAIL
8999,Hasan Islam,17,F,mymensingh,Nine,89.6,4.4,65,47,62,174.0,unknown,Y,Pass
8586 ,tanvir khan,12,O,dhaka,9,83.8,4.5,61,49,85,195.0,Unknown,n/a,fail
7678,Nusrat Rahman,15,MALE,Ctg,9,107.3,2.4,37,49,88,174.0,Post Graduate,no,F
3051,Rahim Chowdhury,16,F,Chattogram,Six,84.8,1.4,69,87,62,218.0,PRIMARY,,Pass
9778,Priya Khan,11,male,Rangpur,Nine,77.6,0.4,44,90,45,179.0,secondary,N,P
9460,Hasan Islam,11,O,rajshahi,06,78.2,2.6,77,60,52,189.0,N/A,0,
4662,Bristi Das,12,Female,Sylhet,8,97.8,3.3,91,82,43,error,primary,,Pass
264,Rafi Hossain,15,Male,Chattogram,Nine,86.8,5.1,45,65,59,169.0,Secondary,No,
9478,Rafi Ahmed,18,Other,mymensingh,8th,99.7,,80,75,62,,primary,no,
5421,Priya Islam,12,M,SYLHET,Seven,89.4,1.9,77,72,49,198.0,N/A,N,
382,Nusrat Akter,12,M,barisal,7,90.4,4.3,57,absent,92,149.0,,NO,FAIL
4500 ,Bristi Chowdhury,12,Male,rajshahi,8,76.0,2.6,91,53,89,233.0,Post Graduate,N,Pass
614,Priya Chowdhury,17,,chittagong,10th,68.0,2.3,40,93,37,170.0,Secondary,n/a,Fail
4135,Hasan Das,12,other,Rajshahi,Seven,79.2,2.3,92,82,87,261.0,Post Graduate,1,F
216,Rafi Hossain,16,other,KHULNA ,6th,83.4,1.2,79,32,93,204.0,N/A,Yes,PASS
8449,Mim Sarker,16,Female,khulna,7th,64.2,2.8,70,33,98,201.0,Primary,yes,Fail
9391,Bristi Talukder,15,Other,sylhet,Seven,92.5,1.7,81,68,50,199.0,secondary,YES,P
5199,Rakib Ahmed,15,Female,SYLHET,8,92.6,21.8,49,74,52,175.0,illiterate,yes,PASS
6075,Rafi Islam,12,F,Dhaka ,Seven,89.0,4.4,32,41,46,119.0,Post Graduate,1,PASS
7980,Nusrat Ahmed,17,FEMALE,rangpur,7,98.1,0.4,50,50,70,170.0,GRADUATE,0,FAIL
3427,Momo Chowdhury,12,male,chittagong,9th,74.7,3.3,31,91,45,167.0,higher secondary,0,Pass
2866,Mim Rahman,14,other,Mymensingh,Ten,116.0,3.0,44,47,79,170.0,primary,1,PASS
3387,Rakib Akter,15,Female,  Dhaka,Seven,77.3,4.0,56,66,45,167.0,postgraduate,0,Fail
1113,Nadia Talukder,14,Other,Rangpur,7,89.3,4.2,49,45,46,140.0,primary,yes,Pass
8720,Riya Talukder,11,MALE,KHULNA ,7,87.3,3.2,82,94,absent,176.0,GRADUATE,n/a,FAIL
7012,Mitu Sarker,16,,sylhet,9th,-43.0,4.2,80,78,38,196.0,Illiterate,no,Fail
3404,Fatema Rahman,,Male,DHAKA,7th,82.8,20.3,91,82,256,429.0,unknown,NO,PASS
8974,Mitu Rahman,12,female,Barishal,Eight,84.5,3.4,74,44,36,154.0,unknown,N,PASS
7822,Mitu Ahmed,18,FEMALE,chittagong,7,74.8,4.9,58,absent,61,119.0,N/A,,Pass
1694,Mim Islam,12,FEMALE,Rangpur,9th,82.7,3.1,86,65,43,194.0,N/A,yes,Pass
5714,Zayed Khan,16,M,KHULNA ,Six,103.8,3.8,96,92,40,228.0,GRADUATE,1,Pass
9647,Riya Rahman,16,Female,KHULNA ,Eight,73.8,2.7,92,99,38,229.0,Illiterate,YES,Fail
6284,Rakib Islam,13,Female,Dhaka,Eight,92.5,3.9,36,162,48,246.0,primary,0,F
3056,Tanvir Ahmed,16,MALE,barisal,Seven,70.1,2.4,86,51,45,,Post Graduate,NO,Fail
33,Anik Talukder,11,Female,rajshahi,Six,81.8,2.7,41,98,66,205.0,N/A,yes,Pass
5902,Rakib Ahmed,15,MALE,barisal,9th,83.9,0.7,37,38,47,,Graduate,1,Pass
115,Priya Rahman,15,M,sylhet,7,78.8,1.1,33,91,91,215.0,N/A,0,P
4812,Farhan Das,18,Male,chittagong,8,83.9,3.0,90,77,93,260.0,Higher Secondary,NO,Pass
1028,nusrat islam,17,Other,sylhet,8,78.0,1.8,51,35,55,141.0,Post Graduate,yes,Fail
6385 ,Priya Khan,fifteen,Other,Mymensingh,Ten,78.8,1.6,36,45,81,162.0,Post Graduate,n/a,fail
4917,Sadia Rahman,11,male,rajshahi,8,83.1,4.7,88,61,72,221.0,higher secondary,0,Pass
8981,Nadia Ahmed,16,female,CHATTOGRAM,Eight,77.6,3.9,70,97,66,233.0,Primary,NO,pass
8793,Sadia Talukder,13,F,SYLHET,06,94.7,4.9,92,46,88,,,Yes,PASS
STU-03272,Lima Rahman,12,MALE,Sylhet,Seven,75.9,1.4,44,58,69,171.0,secondary,yes,F
587,Shila Sarker,16,Male,rangpur,10th,76.9,4.1,74,57,50,181.0,Secondary,NO,PASS
1348,Nusrat Akter,15,male,SYLHET,6th,85.3,5.7,58,51,94,203.0,Illiterate,1,pass
7476,Mim Islam,12,,Khulna,7th,95.0,3.8,85,79,96,260.0,graduate,Y,Fail
1099,Fatema Akter,16,female,Barishal,Ten,75.7,1.6,89,50,87,226.0,postgraduate,NO,fail
5460,Nusrat Sarker,17,MALE,Dhaka,8,70.4,2.0,82,39,92,213.0,Primary,0,Pass
394,karim das,13,MALE,Barisal,06,,-4.3,63,84,30,177.0,Higher Secondary,n/a,PASS
8403,Riya Islam,15,FEMALE,sylhet,9,104.3,-0.4,95,72,50,217.0,N/A,,fail
8363,Rakib Das,18,,Rangpur,10th,79.0,2.2,53,94,47,194.0,Graduate,1,P
725,Sadia Rahman,14,Female,Barisal,Ten,79.6,1.0,30,73,68,171.0,N/A,Yes,pass
7151,Tanvir Ahmed,,female,Rajshahi,Eight,90.5,2.0,57,75,80,212.0,unknown,N,Fail
2446,Lima Rahman,13,female,rangpur,06,-13.8,2.3,94,98,96,288.0,higher secondary,no,pass
5948,Hasan Talukder,13,Female,,10,100.6,2.1,30,94,40,172.0,Higher Secondary,yes,Fail
3478,Shila Chowdhury,12,M,mymensingh,9,97.4,1.9,73,36,62,171.0,Unknown,Y,PASS
5619,Sadia Ahmed,11,F,Mymensign,Nine,77.4,5.8,36,88,62,186.0,Illiterate,,Pass
2329,Tamim Sarker,12,Other,khulna,8th,85.3,3.1,53,31,94,178.0,Post Graduate,,F
4314,Kabir Talukder,12,O,rangpur,10,78.5,1.0,54,53,58,165.0,secondary,0,
305,Rafi Rahman,15,male,Barishal,Nine,75.1,3.0,89,40,92,221.0,graduate,YES,Pass
1710,Riya Sarker,14,O,Dacca,9,93.2,3.2,96,86,83,error,Graduate,,
984,Shila Hossain,16,Other,rangpur,9,N/A,,78,72,34,184.0,Graduate,Y,FAIL
4286,Fatema Ahmed,12,other,Dhaka,Seven,89.5,0.5,80,,37,117.0,higher secondary,Yes,Pass
STU-09462,Rupa Sarker,14,female,Rajshahi ,Eight,89.9,1.7,43,50,43,error,Unknown,,fail
9158,Mitu Ahmed,17,F,Ctg,Eight,135.0,4.2,51,46,32,129.0,Illiterate,no,Pass
5718,Tanvir Islam,16,O,KHULNA ,06,86.6,2.9,87,69,33,189.0,GRADUATE,N,
554,Arif Rahman,15,O,khulna,Ten,90.5,2.6,34,,78,112.0,Primary,YES,FAIL
544,Anik Khan,12,other,chittagong,10th,90.0,3.7,88,92,75,255.0,N/A,Y,PASS
8353,Fatema Ahmed,16,other,Barishal,8th,-33.6,2.5,33,48,91,172.0,PRIMARY,N,P
3308,Anik Ahmed,15,FEMALE,sylhet,7th,89.5,4.0,33,95,62,190.0,Secondary,Yes,PASS
1409,Mim Ahmed,15,other,,10,67.0,3.5,90,80,39,209.0,unknown,0,P
5477,Priya Khan,11,Female,  Dhaka,Ten,77.9,1.3,47,89,74,210.0,PRIMARY,Y,Fail
8270,Imran Talukder,16,MALE,DHAKA,8,69.4,3.3,54,97,79,230.0,,0,Fail
1254,Sadia Das,18,MALE,Rangpur,6,82.3,3.3,98,86,-7,177.0,Graduate,1,PASS
STU-04787,Rakib Islam,,female,chittagong,9,107.6,5.3,38,68,31,137.0,secondary,n/a,Fail
9803,Imran Islam,13,male,Mymensign,Eight,80.8,2.1,90,94,34,218.0,PRIMARY,Yes,PASS
4946,Bristi Chowdhury,17,Male,Rangpur,Six,88.9,4.2,78,76,54,208.0,postgraduate,0,pass
999,Karim Islam,14,male,Rajshahi,9th,80.1,4.6,70,47,51,168.0,Illiterate,YES,fail
3129,Anik Akter,11,O,Rangpur,7th,78.1,3.0,95,67,62,224.0,GRADUATE,1,Fail
STU-02788,Nusrat Chowdhury,13,FEMALE,Sylhet,10,97.6,4.8,80,49,68,197.0,higher secondary,No,P
9136,Rafi Islam,13,O,Sylhet,Nine,97.0,2.2,46,33,62,141.0,Illiterate,0,
8394,Nusrat Chowdhury,11,O,barisal,Nine,75.9,1.5,35,33,32,100.0,N/A,no,PASS
4501,Sohan Akter,11,other,sylhet,9th,83.4,5.2,44,57,38,139.0,Secondary,YES,
5880,Sabbir Rahman,13,other,,Eight,86.3,2.6,,83,31,114.0,Higher Secondary,0,Fail
667,Karim Das,15,FEMALE,Rajshahi ,6th,79.7,3.3,52,63,55,170.0,postgraduate,n/a,
7841,Shila Rahman,15,,sylhet,8th,96.2,0.1,34,95,97,226.0,Primary,YES,P
2680,Fatema Das,,M,khulna,10,94.2,3.9,59,95,39,193.0,GRADUATE,No,Fail
1414,Imran Talukder,16,F,Chattogram,8,80.1,2.8,48,91,88,227.0,Secondary,,F
7813,Nadia Talukder,11,,Mymensingh,10th,67.3,5.3,61,95,54,210.0,Graduate,N,fail
529,Momo Ahmed,18,M,barisal,10th,93.0,6.2,67,51,55,173.0,unknown,No,P
9809,Sadia Sarker,11,F,Ctg,10th,80.4,3.5,89,83,53,,PRIMARY,no,PASS
9394,Priya Akter,14,,Chittagong,10,94.9,2.7,53,180,73,306.0,illiterate,,fail
8958,Sadia Hossain,11,O,Chittagong,Nine,79.8,2.9,97,88,79,264.0,illiterate,no,PASS
4444,Sabbir Das,15,Male,barisal,10,86.0,-2.0,54,87,69,210.0,Graduate,yes,PASS
2061,Zayed Rahman,16,female,Rajshahi,Seven,99.3,0.4,99,32,98,229.0,Secondary,0,fail
486,Arif Talukder,14,Male,Rajshahi,6,89.3,3.0,37,42,37,116.0,Illiterate,no,FAIL
3592 ,Shila Rahman,14,Other,khulna,7,-4.8,1.6,78,50,52,180.0,Illiterate,Yes,PASS
8667,Ayesha Chowdhury,18,Other,KHULNA ,9,68.7,3.7,96,99,71,266.0,Primary,no,
3852,Lima Akter,17,,Barishal,6th,72.0,3.6,80,79,74,233.0,higher secondary,N,fail
7263,kabir talukder,15,,  Dhaka,8th,N/A,1.3,60,76,73,209.0,Higher Secondary,N,pass
3858,Rakib Islam,17,M,Sylhet,Eight,100.9,2.3,67,32,31,130.0,Graduate,YES,P
712,Rafi Hossain,188,FEMALE,Rajshahi,Ten,74.3,5.9,65,53,56,174.0,primary,NO,
9304,Imran Talukder,16,MALE,Barisal,Nine,82.4,3.1,67,48,38,153.0,Post Graduate,No,pass
862,Sabbir Islam,17,male,Mymensign,Seven,93.7,4.0,55,81,36,172.0,Graduate,,pass
6779,Tamim Rahman,12,FEMALE,rajshahi,10,94.1,3.3,84,87,34,205.0,unknown,NO,fail
2782,Priya Islam,18,Female,Rajshahi ,Seven,99.3,2.5,60,46,87,193.0,graduate,NO,pass
4200,Momo Talukder,17,Other,sylhet,9th,86.2,,78,32,31,141.0,Unknown,0,Pass
3864,Hasan Talukder,15,other,rangpur,10th,86.8,3.0,79,42,64,185.0,Unknown,No,
2918,Rupa Chowdhury,17,Male,rangpur,10th,80.5,3.4,30,83,75,188.0,N/A,Y,Fail
9174,Fatema Khan,-14,MALE,barisal,8th,76.6,2.4,43,56,99,198.0,illiterate,1,Pass
9078,Hasan Hossain,16,F,Rangpur,Nine,74.0,5.8,31,35,74,140.0,PRIMARY,YES,Fail
9822,Nusrat Rahman,11,other,Rajshahi,9th,73.2,2.4,97,38,33,168.0,,No,
1549,Imran Ahmed,18,MALE,sylhet,8th,,0.4,88,98,62,248.0,Primary,N,Fail
STU-06299,Mitu Sarker,16,M,khulna,Eight,88.8,2.5,63,94,76,233.0,illiterate,No,Pass
1598,Rahim Talukder,,MALE,khulna,7th,,3.4,79,55,98,232.0,N/A,NO,Pass
7143,Tamim Khan,14,male,rangpur,6,83.6,3.0,87,68,87,242.0,Primary,Yes,Fail
9192,Sadia Sarker,281,other,rangpur,Seven,77.7,2.6,68,89,63,220.0,postgraduate,Y,
4255,Lima Das,15,male,SYLHET,Ten,81.7,3.4,52,73,99,224.0,PRIMARY,N,pass
8735,Jannat Talukder,16,FEMALE,Rajshahi ,Ten,88.2,1.5,66,70,72,208.0,illiterate,NO,PASS
1468,Tamim Rahman,fifteen,male,Barishal,06,84.6,1.1,66,35,55,156.0,GRADUATE,Y,Pass
338 ,Karim Das,14,,Khulna,Eight,92.7,4.3,74,62,46,182.0,Graduate,no,pass
3289,Rupa Ahmed,,FEMALE,  Dhaka,6th,75.9,4.8,94,89,39,222.0,unknown,,Fail
5574,Ayesha Talukder,15,other,Sylhet,10,88.3,2.0,69,61,66,196.0,Primary,,F
STU-07117,Hasan Chowdhury,15,F,Barisal,9th,86.3,4.3,44,75,94,,secondary,,Pass
7853,Bristi Khan,13,male,Chattogram,10th,89.4,4.2,63,87,96,246.0,graduate,Y,fail
1526,Rafi Ahmed,17,FEMALE,rajshahi,7th,98.8,4.3,76,34,88,198.0,GRADUATE,Yes,PASS
7536,Momo Khan,15,,rangpur,Eight,65.0,0.3,41,62,82,185.0,Primary,YES,FAIL
8684,Momo Ahmed,17,MALE,Rajshahi,Eight,96.1,3.8,81,82,43,206.0,postgraduate,NO,Fail
1124,Priya Rahman,13,,rangpur,6,77.3,3.1,88,78,92,258.0,primary,YES,PASS
9469,Bristi Chowdhury,14,O,sylhet,7th,83.9,3.9,66,81,35,182.0,graduate,N,P
227,Tanvir Hossain,16,male,Rajshahi ,Six,81.6,6.6,33,35,87,155.0,N/A,n/a,PASS
STU-06477,Rupa Khan,11,Male,Chittagong,7,97.6,0.2,40,56,37,133.0,secondary,,fail
1029,Ayesha Das,17,Male,mymensingh,9th,86.8,3.9,80,52,77,209.0,secondary,yes,
3670,Ayesha Sarker,15,Female,Dhaka,9,98.8,1.8,79,97,90,266.0,Graduate,N,F
3904,Nadia Islam,18,M,sylhet,Seven,73.5,2.9,78,80,79,237.0,Post Graduate,,
7751,Farhan Chowdhury,13,Male,barisal,8,79.8,-0.2,76,59,70,205.0,Graduate,1,pass
9368,Mim Sarker,17,Other,Rajshahi ,Ten,86.7,3.6,36,,48,84.0,Unknown,NO,Fail
556,Kabir Rahman,13,F,rangpur,9th,,4.5,70,34,71,175.0,higher secondary,0,PASS
2138,Bristi Das,11,MALE,mymensingh,8,74.3,3.5,30,41,85,156.0,N/A,Y,fail
7759,Sabbir Das,13,FEMALE,Khulna,8th,70.4,4.0,67,47,37,151.0,unknown,,
1341,Jannat Khan,18,Other,Dhaka ,6th,69.3,1.3,99,88,48,235.0,Unknown,No,
7202 ,Mim Chowdhury,11,M,DHAKA,9th,91.6,4.6,87,64,45,196.0,Higher Secondary,No,P
8610,,14,male,Dacca,Eight,72.1,3.0,76,41,79,196.0,PRIMARY,Yes,Pass
9826,Momo Talukder,16,Female,mymensingh,9,74.4,2.1,76,76,46,198.0,graduate,N,F
7017,Nusrat Akter,15,M,rajshahi,Eight,87.0,2.6,93,34,47,174.0,Illiterate,no,Fail
3687,Sohan Khan,17,Female,khulna,7,-13.0,6.5,92,,89,181.0,GRADUATE,YES,fail
7781,Shila Chowdhury,18,FEMALE,khulna,6,75.5,2.7,66,79,36,181.0,Post Graduate,no,Pass
2880,Nusrat Hossain,15,Other,SYLHET,8,91.6,4.6,37,50,77,164.0,Graduate,Y,FAIL
6442,Priya Ahmed,16,female,  Dhaka,7th,76.8,,63,58,97,218.0,Primary,Yes,F
7537,Farhan Chowdhury,14,Other,mymensingh,7,67.8,2.5,74,48,66,188.0,Post Graduate,Y,PASS
8237,Rupa Khan,,Female,Rajshahi ,8,79.9,2.4,37,59,43,139.0,graduate,N,F
8842,Rupa Akter,17,FEMALE,Rangpur,9th,92.6,6.5,86,88,48,222.0,PRIMARY,No,P
708,Farhan Ahmed,16,F,Barishal,Nine,68.4,2.2,54,39,89,182.0,Graduate,1,fail
9182,Arif Ahmed,16,,sylhet,Ten,95.7,0.7,43,37,44,124.0,primary,0,pass
9666,Sadia Islam,18,other,Rajshahi ,Ten,86.4,3.0,55,30,90,175.0,Higher Secondary,No,
490,Shila Islam,17,M,barisal,10th,80.3,3.4,56,96,42,194.0,Secondary,1,
3729,Rafi Chowdhury,15,male,barisal,Ten,77.9,5.5,66,92,288,446.0,Higher Secondary,no,pass
4416,Nadia Sarker,18,Other,CHATTOGRAM,8,79.5,5.1,68,45,89,202.0,primary,Yes,pass
3659,Priya Khan,15,M,Barisal,8,90.3,3.1,43,263,88,394.0,secondary,yes,FAIL
292,Sadia Talukder,12,male,mymensingh,10,80.7,2.2,49,39,54,142.0,Primary,NO,Fail
3833,Mim Rahman,17,,Sylhet,9,92.4,1.1,81,95,92,268.0,secondary,0,fail
1172,Nadia Ahmed,14,O,Chittagong,Nine,76.4,3.8,95,77,62,234.0,illiterate,yes,PASS
3277,Jannat Akter,12,other,SYLHET,6,71.0,0.5,51,50,44,145.0,,Y,FAIL
5552,Anik Khan,13,male,Chittagong,Six,86.0,0.6,69,59,88,216.0,Secondary,No,FAIL
2777,Rupa Rahman,16,M,dhaka,6,75.2,4.5,99,81,60,240.0,N/A,No,fail
9763,Kabir Akter,13,F,,7,75.9,4.1,77,,77,154.0,unknown,yes,pass
1656,Sohan Sarker,12,Female,Dacca,6th,79.4,0.9,38,97,68,203.0,unknown,yes,pass
5507,Sohan Hossain,11,,barisal,6,79.9,4.0,48,57,52,157.0,Post Graduate,No,PASS
2677,Nusrat Chowdhury,17,MALE,khulna,8th,103.6,5.1,35,82,54,171.0,Primary,No,P
8539,Rakib Khan,18,,Ctg,Eight,77.7,2.5,36,89,85,210.0,primary,0,pass
22,Rahim Islam,15,male,mymensingh,10,74.0,4.4,53,88,61,202.0,Secondary,no,P
4423,Ayesha Chowdhury,,Male,Mymensign,7,101.7,3.3,89,47,87,223.0,Graduate,0,pass
7352,Jannat Das,13,Other,dhaka,Six,107.0,1.1,270,90,68,428.0,higher secondary,0,fail
STU-00477,Mim Hossain,13,MALE,barisal,8,203.3,5.2,86,55,54,195.0,PRIMARY,no,Fail
7971,Priya Akter,18,MALE,mymensingh,06,80.2,6.7,61,40,32,133.0,Primary,NO,pass
9023,Bristi Chowdhury,18,FEMALE,rajshahi,9,80.7,2.7,98,95,52,245.0,graduate,yes,
7966,Lima Ahmed,11,M,SYLHET,6,84.0,4.0,92,62,98,252.0,secondary,yes,fail
2513,Karim Ahmed,18,,Barisal,Ten,87.8,1.1,-9,98,94,183.0,secondary,n/a,P
2066,Priya Sarker,13,O,Barisal,Nine,78.4,1.8,74,31,43,148.0,,1,fail
104,Rafi Khan,16,F,khulna,Seven,83.9,1.4,75,63,78,216.0,graduate,no,Pass
8221,Nusrat Islam,18,,rangpur,7,94.9,5.7,54,94,,148.0,GRADUATE,YES,P
9119,Sabbir Khan,18,F,Barisal,Nine,94.7,2.6,47,97,69,213.0,primary,Y,PASS
4632,Tanvir Ahmed,14,MALE,Barisal,9th,83.5,-2.3,77,83,45,205.0,N/A,No,pass
7893,Bristi Chowdhury,11,female,Mymensign,9th,80.6,0.4,75,68,76,219.0,postgraduate,no,
4635,Ayesha Talukder,16,male,SYLHET,7,85.1,5.0,42,35,35,112.0,postgraduate,NO,fail
524,Sohan Talukder,17,female,khulna,7th,86.6,3.8,83,36,43,162.0,primary,yes,fail
5089,Sabbir Hossain,14,O,mymensingh,8th,77.0,3.9,53,64,70,187.0,graduate,yes,FAIL
6348,Priya Das,13,,chittagong,8,-35.5,2.5,90,50,30,170.0,Secondary,YES,P
5927,Bristi Das,18,FEMALE,rajshahi,Nine,87.8,0.8,69,48,92,,Graduate,N,PASS
5703,Rafi Hossain,-4,other,Barishal,8th,97.9,1.5,34,89,94,217.0,postgraduate,Yes,Pass
8879,Anik Das,18,other,barisal,7th,80.0,26.2,59,45,31,135.0,PRIMARY,Yes,pass
4827,Momo Das,12,Male,KHULNA ,8,81.8,0.4,49,59,39,147.0,Illiterate,yes,P
67,Momo Chowdhury,13,other,CHATTOGRAM,8,78.8,2.5,58,65,50,173.0,illiterate,N,fail
8597,Arif Islam,18,other,Barishal,7th,82.4,4.8,48,82,64,200.0,primary,0,Pass
8741,Momo Hossain,13,Male,barisal,Six,88.1,3.7,,38,48,86.0,Unknown,n/a,fail
3046,Lima Khan,14,female,rangpur,10,97.9,1.8,30,78,64,172.0,N/A,YES,P
4336,Tanvir Rahman,18,Female,SYLHET,6th,102.1,0.6,61,47,97,205.0,Illiterate,NO,P
3900,Momo Akter,219,female,barisal,8,82.7,3.0,88,59,61,208.0,N/A,0,Pass
6397,Shila Rahman,16,male,Rajshahi ,Six,95.1,4.7,77,68,77,222.0,graduate,no,Pass
6245,Rupa Akter,15,,Rangpur,7th,82.6,4.0,31,57,56,144.0,Graduate,yes,pass
1940,Rakib Sarker,18,Female,rangpur,8,77.6,-4.6,,82,95,177.0,graduate,0,F
2667,Fatema Hossain,12,MALE,rajshahi,10,85.7,2.7,43,70,31,144.0,primary,No,FAIL
1397,Rahim Talukder,13,,KHULNA ,8th,91.7,2.2,63,62,55,180.0,primary,NO,
2869,Tanvir Chowdhury,17,O,barisal,Six,89.7,1.9,61,284,98,443.0,Unknown,No,P
752,Shila Akter,17,F,Barishal,7,90.3,4.9,68,38,50,156.0,Secondary,N,Fail
8626,Tamim Das,13,male,mymensingh,Eight,74.0,1.8,85,38,36,159.0,Higher Secondary,yes,FAIL
8781,Zayed Das,16,MALE,mymensingh,6th,88.4,3.1,63,82,47,error,GRADUATE,no,FAIL
4585,Sohan Talukder,15,Female,rangpur,10th,100.3,1.0,62,72,96,230.0,primary,N,Fail
4066,Hasan Sarker,12,,Mymensign,7,93.2,3.2,84,55,74,213.0,graduate,NO,fail
8088,Jannat Das,16,male,chittagong,6th,177.8,1.5,75,71,89,235.0,N/A,no,Pass
5113,,15,male,Rangpur,7,77.8,1.9,67,89,65,221.0,graduate,no,FAIL
2107,Sabbir Chowdhury,11,Female,Dhaka ,Six,83.4,2.7,92,295,94,481.0,Unknown,Yes,P
2234,Farhan Akter,12,Other,  Dhaka,9,79.0,1.9,51,96,77,224.0,,yes,pass
8310,Sadia Sarker,16,,khulna,06,76.9,5.0,78,97,absent,175.0,GRADUATE,No,fail
9685,Rahim Ahmed,11,other,Rajshahi,7th,82.7,3.1,32,92,41,165.0,Illiterate,Y,fail
9707,Sabbir Akter,15,male,khulna,7,96.8,3.0,62,59,66,187.0,unknown,Yes,Fail
9630,Rakib Khan,12,,Sylhet,7,82.1,3.8,33,86,38,157.0,N/A,No,pass
6416,Sohan Ahmed,11,Male,rangpur,7,81.1,-2.1,81,92,36,209.0,,0,F
2004 ,Rakib Islam,15,F,sylhet,06,70.5,1.6,,50,89,144.0,Secondary,no,FAIL
6347,Hasan Ahmed,12,Female,CHATTOGRAM,6,83.1,4.1,83,70,45,198.0,Unknown,Yes,FAIL
8407,Momo Ahmed,13,Other,Chattogram,9,104.0,,83,90,95,268.0,Post Graduate,no,PASS
3556,Karim Das,12,Male,Ctg,Ten,82.6,3.3,94,65,78,237.0,illiterate,Yes,Pass
703,Nusrat Rahman,18,Other,sylhet,9,96.4,3.3,75,68,60,203.0,Graduate,Y,F
8947,Karim Akter,14,,,10th,76.5,3.7,68,97,74,239.0,Primary,0,fail
5821,Hasan Akter,16,O,rangpur,7,76.2,1.5,73,91,48,212.0,Illiterate,Y,F
11,Rahim Ahmed,15,FEMALE,Mymensingh,Six,78.2,3.9,92,40,37,169.0,Unknown,,F
7602,Nadia Ahmed,14,Other,rangpur,8,79.5,5.1,74,89,85,248.0,unknown,N,PASS
2201,Tanvir Chowdhury,17,F,Barisal,9,84.7,3.5,63,35,78,176.0,PRIMARY,YES,PASS
2098,Zayed Chowdhury,283,Male,rangpur,9th,86.3,4.0,33,93,66,,Higher Secondary,1,Fail
5075,Tanvir Hossain,14,male,,Seven,85.0,2.1,40,99,58,197.0,Unknown,,F
2273,Nusrat Ahmed,11,male,barisal,8,69.8,2.5,97,85,96,278.0,,0,F
8452,Lima Das,18,Male,rangpur,06,99.6,3.0,88,94,89,271.0,,yes,Pass
775,Lima Hossain,14,male,CHATTOGRAM,10th,102.1,0.4,48,57,81,186.0,Higher Secondary,Y,
760,Anik Talukder,18,Male,Mymensingh,06,86.6,4.8,,58,32,90.0,Graduate,N,P
7176,Sohan Hossain,11,Male,chittagong,Eight,74.1,2.9,48,44,81,173.0,unknown,No,
5708,Sohan Talukder,18,F,chittagong,Eight,87.2,3.0,55,98,68,221.0,Illiterate,Y,P
5033,Anik Hossain,11,Other,Dhaka ,8,104.7,5.5,72,73,61,206.0,PRIMARY,NO,
6317,Momo Akter,,Other,Mymensingh,Six,76.9,2.6,77,57,65,199.0,,N,PASS
8929,Tamim Talukder,18,male,barisal,10,80.1,29.0,79,32,94,205.0,Unknown,1,fail
6172,Nusrat Sarker,15,FEMALE,Mymensingh,8,102.3,4.5,,51,87,138.0,Higher Secondary,0,pass
2966,Mim Islam,13,Male,Rajshahi ,6,76.2,3.4,37,84,35,156.0,secondary,YES,P
4207,Lima Talukder,16,FEMALE,Chittagong,10,82.1,4.0,87,50,50,187.0,illiterate,no,fail
1607,Imran Khan,,MALE,rangpur,Eight,80.0,4.8,88,74,56,218.0,,Yes,
4948,Jannat Das,15,FEMALE,Mymensign,6th,88.9,3.7,54,95,79,228.0,unknown,no,Fail
9032,Imran Talukder,17,O,Rajshahi ,06,117.6,4.0,73,30,79,182.0,postgraduate,NO,pass
7089,Shila Chowdhury,14,female,Barisal,10th,,1.1,61,47,44,152.0,unknown,N,pass
491,Kabir Talukder,15,female,rangpur,Eight,81.4,2.0,56,63,30,149.0,postgraduate,1,pass
1191,,15,MALE,dhaka,8,100.9,4.0,55,59,60,174.0,Graduate,1,fail
STU-04003,Lima Khan,13,,  Dhaka,Eight,82.4,-0.9,63,95,53,211.0,graduate,no,pass
1090,Tanvir Khan,17,,Khulna,Nine,80.0,1.5,92,97,48,244.0,Illiterate,no,Fail
4243,Priya Chowdhury,fifteen,Male,rangpur,8,69.8,2.7,72,71,98,241.0,unknown,NO,FAIL
1480,Sadia Chowdhury,17,male,Dhaka,06,88.5,3.7,98,44,76,218.0,,no,pass
5896,Karim Talukder,16,FEMALE,Khulna,7th,75.2,1.2,71,92,98,261.0,Higher Secondary,1,FAIL
3202,Lima Akter,11,F,Mymensign,Seven,101.2,2.7,49,92,96,237.0,postgraduate,0,F
6164,Ayesha Talukder,13,female,rajshahi,10th,86.8,3.0,58,40,52,150.0,illiterate,N,fail
6003,Imran Sarker,13,male,barisal,Ten,72.8,2.6,92,59,67,218.0,Primary,Yes,
9384,Ayesha Chowdhury,15,O,Dhaka ,Ten,88.2,1.5,31,86,63,180.0,Illiterate,yes,Pass
7144,Lima Hossain,17,FEMALE,barisal,7th,92.4,4.9,33,32,38,103.0,primary,no,
5395,Shila Ahmed,14,F,Dacca,9,64.1,3.0,82,75,86,243.0,N/A,no,P
2073,Mitu Hossain,13,O,rangpur,6,71.1,2.3,56,,51,107.0,higher secondary,0,Pass
6840,Rakib Ahmed,17,MALE,Mymensign,9,95.9,3.4,50,88,49,187.0,illiterate,YES,Fail
5663,Imran Hossain,14,,Dhaka ,7th,95.9,2.7,77,80,81,238.0,Post Graduate,N,Fail
72,Riya Sarker,11,FEMALE,,7,80.9,4.5,57,81,45,183.0,primary,Y,FAIL
8717,Lima Ahmed,17,other,Khulna,7,78.0,1.9,35,62,79,176.0,Primary,,Pass
6705,Priya Sarker,16,M,Ctg,7,69.2,1.1,32,91,42,165.0,higher secondary,yes,P
6127,Sadia Khan,18,F,Mymensingh,Six,80.1,2.4,80,59,64,203.0,Illiterate,YES,fail
5239,Rupa Khan,12,female,Rajshahi ,Six,84.7,4.2,46,37,71,145.0,graduate,YES,P
1853,Hasan Das,18,male,Rangpur,Nine,89.2,1.5,82,48,,130.0,Post Graduate,no,FAIL
2728,Sohan Ahmed,16,FEMALE,khulna,10,100.6,2.9,76,41,82,199.0,primary,no,F
6039,Sadia Chowdhury,14,F,Ctg,10th,73.4,2.2,60,93,44,197.0,Unknown,1,fail
3204,Jannat Rahman,14,Other,Sylhet,Ten,67.1,3.7,81,65,67,213.0,Secondary,YES,Pass
7667,Rahim Khan,17,female,mymensingh,9,71.7,1.2,-40,91,83,134.0,primary,yes,PASS
7184,Shila Islam,14,,rangpur,8,86.3,1.7,absent,76,-33,43.0,illiterate,0,FAIL
4281,Sabbir Das,13,male,chittagong,Nine,90.5,3.2,50,36,43,129.0,postgraduate,n/a,Pass
3849,Momo Das,15,FEMALE,  Dhaka,Eight,100.3,4.7,57,38,41,136.0,PRIMARY,,FAIL
7110,Mitu Islam,16,Female,,Seven,79.7,,61,38,46,145.0,Primary,,fail
825,Hasan Akter,14,Other,Rajshahi ,9th,92.7,1.8,89,99,91,279.0,PRIMARY,No,fail
387,Rakib Ahmed,15,other,Mymensign,Six,80.0,4.2,,64,40,104.0,PRIMARY,no,Fail
5816,Farhan Sarker,16,Female,Ctg,8th,95.8,2.1,70,30,33,133.0,primary,no,pass
348,Nadia Akter,14,Other,Dhaka,Eight,60.8,4.3,36,99,44,179.0,Secondary,0,P
3673,Imran Islam,,,Rajshahi,Six,89.4,,77,-35,44,86.0,Graduate,No,F
6153,Riya Khan,16,Other,Chittagong,6th,69.5,0.8,56,31,84,171.0,higher secondary,N,Pass
2808,Lima Chowdhury,176,Female,Khulna,6,79.9,5.1,44,60,35,139.0,higher secondary,Y,Fail
6866,Imran Hossain,14,female,Mymensign,Nine,84.6,4.8,53,94,50,197.0,Illiterate,n/a,FAIL
8537,Fatema Islam,16,F,Dhaka,Eight,71.0,4.2,41,93,67,201.0,N/A,N,PASS
8681,Ayesha Hossain,17,female,khulna,8th,98.8,2.9,30,50,86,166.0,unknown,NO,F
469,Arif Chowdhury,15,O,Rajshahi,9,-42.5,2.9,89,94,57,240.0,illiterate,Y,
1419,Kabir Khan,18,O,Rajshahi ,6th,103.2,4.0,64,62,47,173.0,postgraduate,No,fail
8387,Kabir Talukder,14,MALE,DHAKA,Eight,-42.3,4.5,95,54,97,246.0,unknown,,PASS
4633,Rahim Chowdhury,16,FEMALE,Rangpur,06,73.6,2.5,54,47,106,207.0,postgraduate,no,PASS
4846,Rupa Chowdhury,16,F,khulna,Ten,90.3,3.2,45,91,94,230.0,Higher Secondary,No,FAIL
342,Rahim Ahmed,13,F,Dhaka,Eight,95.3,2.7,93,66,78,237.0,Higher Secondary,Y,PASS
7778,Sadia Talukder,15,Male,rangpur,06,102.8,4.4,62,90,49,201.0,Secondary,0,F
1300,Kabir Hossain,15,O,Rajshahi ,06,83.8,3.1,90,52,59,201.0,graduate,Y,fail
8904,Sabbir Akter,17,Male,rangpur,9,,4.5,38,63,94,195.0,higher secondary,0,PASS
6092,Momo Sarker,15,MALE,SYLHET,10th,92.2,4.1,88,50,74,212.0,,Y,fail
2228,Arif Akter,14,male,rangpur,6,78.6,0.5,85,78,71,234.0,Post Graduate,0,FAIL
1620,Sohan Das,11,O,Mymensign,9th,85.8,1.4,71,32,32,135.0,N/A,YES,pass
5083,Imran Talukder,16,Other,Barisal,8th,80.1,4.2,94,-37,83,error,N/A,no,fail
7837,Tanvir Talukder,,F,  Dhaka,8,98.5,2.3,88,92,34,214.0,unknown,Y,
2491,Nadia Akter,13,Other,chittagong,Nine,87.6,3.6,35,94,,129.0,Primary,YES,Pass
686,Sadia Sarker,16,male,Khulna,6,89.9,2.5,71,83,45,199.0,illiterate,Y,Pass
3176,Ayesha Khan,,female,Sylhet,Seven,73.0,0.5,72,75,76,223.0,Graduate,n/a,Fail
7416,Lima Rahman,11,F,CHATTOGRAM,9,78.4,4.3,51,72,70,193.0,postgraduate,0,Pass
4142,Imran Khan,17,F,Sylhet,6,94.8,1.6,98,56,95,249.0,N/A,,P
1928,Zayed Chowdhury,15,M,Khulna,7,92.7,2.2,56,46,77,179.0,primary,n/a,Fail
9678,Imran Chowdhury,fifteen,male,Khulna,Eight,93.3,5.2,43,66,58,167.0,Illiterate,0,fail
720,Farhan Talukder,11,Other,Barisal,6th,91.7,5.9,75,,44,119.0,secondary,n/a,Fail
2834,Fatema Khan,12,M,Dacca,Nine,109.0,3.8,32,43,31,106.0,Primary,n/a,PASS
5180,Tanvir Akter,15,O,khulna,Nine,104.9,2.0,69,-10,63,122.0,GRADUATE,Y,
7636,Nusrat Das,15,MALE,Sylhet,10,81.0,3.5,44,,85,129.0,Unknown,YES,fail
6862,Lima Das,11,F,rajshahi,9,84.3,3.3,40,56,64,160.0,N/A,no,fail
4013,Sabbir Ahmed,12,MALE,CHATTOGRAM,06,92.7,3.5,69,98,91,258.0,illiterate,Yes,PASS
3181,Arif Islam,17,Male,Chattogram,06,75.7,1.2,84,95,43,222.0,primary,NO,F
8015,Sohan Sarker,18,Male,khulna,8,94.7,1.6,57,72,-5,124.0,graduate,YES,pass
1654,Arif Khan,18,MALE,Rangpur,9th,85.5,5.2,69,35,47,151.0,postgraduate,n/a,fail
750,Mitu Rahman,16,MALE,Dhaka ,6,107.7,2.4,65,47,82,194.0,,N,FAIL
689,Bristi Ahmed,17,F,Rangpur,8,89.7,2.6,75,92,41,208.0,Illiterate,NO,P
8783,,14,male,Chittagong,Nine,86.4,4.4,94,69,34,197.0,Graduate,N,PASS
2862,,13,male,rajshahi,10th,84.2,4.2,97,99,62,258.0,postgraduate,NO,Pass
8153,Imran Das,17,Female,rajshahi,10th,100.3,5.6,49,51,79,179.0,Graduate,no,Fail
7113,Ayesha Islam,15,other,Mymensign,7th,144.7,3.8,77,70,84,231.0,Unknown,yes,Fail
STU-03373,Hasan Rahman,12,male,  Dhaka,Six,86.9,0.8,50,99,76,225.0,Graduate,No,F
3097,Zayed Talukder,18,Other,Mymensign,06,84.6,3.5,82,53,80,215.0,postgraduate,NO,
1559,Lima Khan,18,MALE,Chattogram,10,77.8,2.0,68,44,82,194.0,N/A,n/a,
1082,Rahim Chowdhury,16,F,dhaka,6th,93.7,,71,57,236,364.0,PRIMARY,no,F
5017,Nusrat Khan,15,FEMALE,Rangpur,10th,99.1,1.0,69,85,92,246.0,,Yes,pass
3472,Riya Khan,15,MALE,chittagong,Nine,87.7,3.0,46,,47,93.0,Unknown,yes,Fail
9522,Hasan Sarker,13,male,Barishal,Ten,82.4,6.0,75,90,72,237.0,unknown,N,
1854 ,Hasan Akter,15,Male,Barishal,8,84.0,3.1,82,93,74,249.0,GRADUATE,N,pass
4958,Mitu Das,16,Other,khulna,Ten,85.6,1.3,51,62,66,179.0,N/A,1,Fail
5311,Farhan Islam,18,Other,rajshahi,10,97.9,3.4,70,92,98,260.0,PRIMARY,0,pass
6879,Nadia Akter,11,Male,rajshahi,Eight,,5.6,83,86,47,216.0,Secondary,yes,pass
4945,Riya Akter,13,Other,Chattogram,Eight,67.8,3.6,77,52,66,195.0,GRADUATE,no,pass
7304,Rupa Sarker,15,Male,Mymensingh,Nine,N/A,3.8,54,76,36,166.0,N/A,Yes,fail
4272,Priya Sarker,14,O,KHULNA ,Six,86.0,1.9,81,57,82,220.0,Graduate,yes,P
7137,Kabir Chowdhury,180,female,Rajshahi ,9,97.1,,46,87,78,211.0,Higher Secondary,,FAIL
9779,Rupa Khan,13,F,Rangpur,06,87.9,2.8,64,95,86,245.0,PRIMARY,Y,P
7415,Rafi Khan,18,,Ctg,Seven,70.4,5.6,89,83,92,264.0,illiterate,,pass
5613,Arif Chowdhury,13,,chittagong,9th,91.1,2.1,53,89,61,203.0,Unknown,n/a,Pass
9381,Hasan Ahmed,17,male,sylhet,Six,74.0,1.1,35,62,34,131.0,Higher Secondary,,FAIL
9132,Lima Ahmed,18,Male,Khulna,10th,79.7,1.8,83,99,80,262.0,Unknown,N,fail
9468,Shila Talukder,18,F,Chattogram,Seven,84.8,5.3,,42,63,105.0,Secondary,YES,P
9827,Mim Rahman,11,male,Barisal,7,83.6,3.7,58,31,40,129.0,higher secondary,N,F
5123,Fatema Khan,17,F,Barishal,06,77.7,3.8,95,46,76,217.0,Unknown,,Pass
2660,Kabir Chowdhury,17,Female,mymensingh,Seven,83.2,2.2,41,-29,46,,Unknown,YES,P
9631,Mitu Hossain,15,other,Rajshahi ,6th,81.2,-4.0,47,69,95,211.0,N/A,yes,Fail
5391,Rakib Das,15,M,mymensingh,Ten,85.5,4.4,absent,89,95,184.0,secondary,Y,PASS
2190,Shila Chowdhury,12,Male,khulna,9,69.4,2.7,64,-43,56,77.0,PRIMARY,N,FAIL
3990,Ayesha Talukder,12,male,CHATTOGRAM,8,77.4,3.6,30,88,57,175.0,graduate,Yes,FAIL
1532,Lima Akter,18,Female,Rajshahi,Ten,71.7,2.5,85,43,35,163.0,,YES,FAIL
383,Sabbir Chowdhury,11,O,CHATTOGRAM,8th,93.9,2.2,48,76,43,167.0,primary,N,P
2661,Mitu Islam,14,Other,Dhaka ,10,93.1,4.0,34,89,35,158.0,Higher Secondary,yes,PASS
5484,Jannat Sarker,16,male,Rajshahi,9th,81.0,2.4,59,77,98,234.0,Secondary,YES,FAIL
STU-00339,Tanvir Khan,16,O,Khulna,9th,97.2,3.9,44,99,76,219.0,unknown,Y,F
6818,Ayesha Hossain,16,Male,chittagong,8,89.7,3.6,91,94,80,265.0,higher secondary,1,Fail
STU-02348,Zayed Akter,15,O,rajshahi,10,80.4,2.5,81,98,40,219.0,Graduate,1,Fail
7782,Anik Khan,13,M,chittagong,6th,78.4,3.9,84,,38,122.0,higher secondary,Yes,F
1252,Arif Islam,15,FEMALE,Barisal,10th,83.5,3.8,,78,70,148.0,Post Graduate,yes,Pass
1893,Imran Sarker,15,other,sylhet,7,87.0,2.3,44,36,44,124.0,Illiterate,no,
4053,Priya Das,13,,chittagong,Seven,78.1,2.9,47,49,73,169.0,,Yes,PASS
3671,Anik Ahmed,14,M,DHAKA,7,86.9,2.2,34,57,39,130.0,GRADUATE,1,FAIL
569,Tamim Chowdhury,11,Other,khulna,6,89.2,4.3,32,58,61,151.0,Illiterate,N,FAIL
8318,Sadia Khan,15,FEMALE,Ctg,9,45.4,3.9,44,74,74,192.0,,No,P
3454,Priya Islam,16,M,Mymensign,9,80.5,0.9,63,79,71,213.0,Graduate,Yes,PASS
8502,Mitu Khan,13,Female,Mymensingh,9th,84.3,1.8,62,82,64,208.0,GRADUATE,NO,
8500,Sabbir Talukder,18,,dhaka,7,75.0,1.9,85,38,34,157.0,Graduate,no,Pass
437,Mitu Islam,13,female,Barishal,10th,90.9,-1.4,90,60,51,201.0,Secondary,Yes,P
1560,Zayed Chowdhury,18,Other,Barishal,Six,79.7,5.0,,99,95,,Post Graduate,YES,FAIL
8425,Fatema Rahman,18,M,Chattogram,10th,96.6,4.0,50,31,52,133.0,postgraduate,No,fail
656,Sadia Islam,15,Male,Rangpur,Seven,66.9,5.1,99,76,97,272.0,graduate,Y,F
555,Kabir Ahmed,12,Other,Khulna,Ten,76.0,1.8,90,38,35,163.0,Post Graduate,NO,FAIL
4877,Karim Rahman,14,O,Dacca,Seven,82.5,1.7,,81,93,174.0,Primary,n/a,fail
7757,Rakib Rahman,15,other,Rajshahi ,9th,89.0,1.0,47,43,84,174.0,unknown,NO,PASS
8256,Rupa Rahman,14,F,Dhaka,8th,81.2,3.5,46,33,85,164.0,higher secondary,,fail
2043,Sohan Rahman,11,male,Rajshahi ,9th,104.1,1.4,81,87,70,238.0,postgraduate,Yes,Pass
6629,Riya Khan,,F,Mymensingh,6,80.8,5.4,33,58,46,137.0,PRIMARY,Yes,fail
5294,Karim Talukder,14,Male,KHULNA ,10,97.4,3.7,87,84,32,203.0,graduate,0,P
8048,Karim Akter,17,F,Chattogram,6th,86.1,3.8,94,38,41,173.0,Higher Secondary,yes,fail
8526,Riya Hossain,12,Female,rangpur,Ten,99.4,2.2,90,37,83,210.0,Higher Secondary,N,pass
7721,Kabir Talukder,17,Female,Barishal,7,84.8,4.6,57,48,92,197.0,Higher Secondary,Yes,pass
6084,Jannat Khan,15,Female,sylhet,06,88.4,4.0,44,87,62,193.0,Higher Secondary,YES,PASS
4942,Priya Khan,15,Female,Rangpur,7th,100.5,1.9,39,70,82,error,Unknown,1,Pass
603,Nusrat Sarker,18,M,barisal,10,81.4,4.9,51,76,75,202.0,secondary,,P
6974,Mim Sarker,16,female,Barishal,9,91.5,2.0,40,82,38,160.0,illiterate,yes,Pass
612,Rafi Chowdhury,11,Other,Barishal,8,92.3,3.5,58,48,40,146.0,Graduate,No,Fail
9283,Sabbir Hossain,18,Female,Sylhet,Six,76.8,2.7,94,54,60,208.0,N/A,yes,F
2358,Imran Rahman,17,O,Rajshahi,9,86.8,1.8,98,36,,134.0,secondary,yes,PASS
4205,Rahim Islam,12,M,Barishal,Eight,88.0,3.7,92,92,39,223.0,,no,PASS
7336,Karim Hossain,,O,SYLHET,7,74.4,6.1,69,93,39,190.0,GRADUATE,yes,P
4327,Sabbir Ahmed,12,Male,rangpur,Six,73.6,-0.9,50,85,77,,secondary,n/a,PASS
STU-04040,Arif Khan,14,,Sylhet,Seven,79.6,5.5,80,92,30,202.0,GRADUATE,N,fail
7114,Hasan Sarker,15,,KHULNA ,7,99.8,29.8,68,31,94,193.0,,n/a,
2472,Riya Ahmed,11,,rajshahi,8th,80.8,3.2,92,59,45,196.0,Higher Secondary,no,Pass
1734,Nusrat Sarker,16,F,CHATTOGRAM,7th,88.1,0.8,72,88,75,235.0,Post Graduate,,F
9755,Sadia Islam,18,Male,Khulna,6th,80.0,0.6,85,45,66,196.0,postgraduate,,PASS
8058,Hasan Hossain,13,Other,Rangpur,9th,112.8,2.3,48,58,79,,graduate,1,
5399,Sadia Das,11,F,  Dhaka,Eight,79.4,0.7,,90,87,177.0,Post Graduate,N,fail
4925,Sohan Ahmed,18,,  Dhaka,7th,93.9,4.4,74,89,50,213.0,Graduate,yes,Pass
152,Nusrat Das,17,male,rajshahi,7th,82.0,1.9,84,32,61,177.0,graduate,Y,P
9250,Lima Chowdhury,13,,mymensingh,10,87.6,5.4,54,,51,105.0,higher secondary,NO,fail
4934,Priya Talukder,11,Female,Sylhet,10th,83.1,2.6,88,32,68,188.0,postgraduate,No,fail
8177,Ayesha Akter,15,other,Rangpur,10,85.0,3.5,41,32,82,155.0,unknown,yes,
5514,Anik Ahmed,16,F,Ctg,10,97.2,3.8,40,33,76,149.0,Illiterate,1,PASS
4266,Shila Sarker,18,female,Sylhet,7,93.8,3.7,52,54,55,161.0,Unknown,n/a,Fail
5962,Ayesha Hossain,,MALE,,6,89.0,2.6,80,93,42,215.0,Primary,No,pass
6181,,14,M,DHAKA,Nine,86.5,4.8,33,80,59,172.0,unknown,No,F
2074,Rahim Akter,12,Other,Rajshahi,Ten,-13.9,2.1,80,47,72,199.0,PRIMARY,0,pass
783,Lima Rahman,15,Other,chittagong,Nine,75.7,3.9,87,70,35,192.0,Secondary,1,pass
4494,Sadia Hossain,17,male,Sylhet,10,175.8,3.0,58,absent,81,139.0,Higher Secondary,Y,Pass
3054,Lima Hossain,14,female,Mymensign,Eight,77.8,5.7,80,65,63,208.0,PRIMARY,no,P
167,Jannat Hossain,11,Other,khulna,7th,66.6,1.1,75,93,31,199.0,PRIMARY,Y,fail
3790,Imran Khan,,MALE,khulna,Eight,86.0,24.8,83,58,39,180.0,graduate,Y,PASS
7074,Priya Chowdhury,11,other,barisal,Seven,94.1,1.3,44,44,82,170.0,,1,F
8659,Bristi Talukder,18,M,barisal,10th,102.1,4.4,88,54,56,198.0,PRIMARY,1,F
3459,Rakib Ahmed,14,FEMALE,Dhaka,10th,89.6,-2.7,52,92,,144.0,postgraduate,No,FAIL
9143,Karim Sarker,11,Female,Rangpur,10,105.6,2.9,60,94,90,244.0,Higher Secondary,Y,pass
6106,Anik Hossain,13,Other,mymensingh,Ten,88.6,2.7,47,67,58,172.0,,NO,PASS
5322,Momo Chowdhury,18,FEMALE,Mymensign,Eight,93.0,4.5,81,90,70,241.0,GRADUATE,NO,
5893,Sadia Ahmed,12,male,Mymensign,8th,102.2,0.6,37,48,59,144.0,GRADUATE,,Pass
2490,Rupa Akter,18,Other,Chattogram,8,84.5,1.9,93,85,41,219.0,unknown,,fail
5739,Rafi Khan,17,male,Rajshahi,6,89.4,0.7,31,61,33,125.0,GRADUATE,no,
8570,Arif Akter,16,male,barisal,10,89.3,2.8,237,60,90,387.0,PRIMARY,YES,F
143,Sadia Ahmed,17,Female,mymensingh,Six,83.4,2.4,81,86,55,222.0,secondary,yes,P
5337,Nusrat Das,14,,Chittagong,7th,85.3,2.8,-39,48,93,102.0,,yes,Pass
1987,Zayed Das,12,female,Khulna,9,83.7,-0.2,50,86,48,184.0,Secondary,Y,F
9487,Mitu Akter,15,male,Rajshahi,7,72.4,2.9,33,80,39,152.0,N/A,,
6549,Rahim Das,14,O,Barishal,Seven,95.8,3.5,68,30,34,132.0,Graduate,Yes,pass
2500,Jannat Khan,12,Male,chittagong,Seven,64.2,3.3,88,69,78,235.0,,Yes,PASS
9186,Rupa Das,12,Male,rangpur,10,77.6,3.1,66,62,-1,127.0,Graduate,1,FAIL
4060,Rakib Talukder,13,F,Rajshahi ,Seven,90.0,2.5,54,50,93,197.0,Graduate,N,F
3444,Mitu Akter,11,other,CHATTOGRAM,Seven,82.2,2.8,39,39,86,164.0,Secondary,NO,PASS
3982,Jannat Khan,14,MALE,Ctg,6,90.9,1.9,86,39,46,171.0,Secondary,YES,P
6558,Jannat Islam,15,other,Chittagong,10,82.6,2.1,99,64,73,236.0,unknown,N,
2694,Rakib Rahman,17,FEMALE,Rangpur,Nine,91.2,4.8,49,87,78,214.0,Post Graduate,Y,F
6320,Kabir Rahman,18,Male,Mymensingh,Eight,88.6,3.9,45,95,95,235.0,postgraduate,no,Fail
4334,Arif Talukder,17,Other,Rangpur,6th,105.4,2.4,44,45,72,161.0,Secondary,,F
990,Imran Ahmed,13,M,Rajshahi,9,90.5,1.1,74,55,94,223.0,N/A,n/a,FAIL
3423,Karim Rahman,16,MALE,Sylhet,9th,88.5,2.0,90,39,48,177.0,,Yes,Pass
9295,Tanvir Chowdhury,16,,Mymensingh,9,80.8,0.9,44,59,,103.0,illiterate,No,P
1759,Zayed Talukder,14,Male,Rangpur,06,84.6,2.6,42,47,50,139.0,GRADUATE,YES,
2370,Jannat Talukder,12,FEMALE,rangpur,8,82.4,1.2,98,268,77,443.0,unknown,,Fail
1022,Karim Talukder,13,M,dhaka,6th,96.5,-1.3,71,58,,129.0,primary,0,P
9095,Shila Akter,14,male,rajshahi,Six,89.8,25.0,55,49,74,178.0,Illiterate,0,PASS
7191,Rahim Rahman,15,female,Rajshahi ,Six,94.1,4.7,82,99,34,,secondary,Y,pass
867,Hasan Khan,15,MALE,rajshahi,6,-11.4,0.8,59,78,41,183.0,Graduate,Yes,
3021 ,Rupa Khan,,M,chittagong,Seven,87.0,3.1,84,87,-16,155.0,graduate,YES,P
9508,Momo Hossain,12,,chittagong,6th,86.1,4.4,56,76,43,175.0,graduate,n/a,P
9745,Rafi Das,16,,Chittagong,10th,100.2,3.6,40,89,88,217.0,illiterate,N,F
7545,Sabbir Hossain,12,FEMALE,barisal,Six,79.7,2.0,93,66,65,224.0,Illiterate,yes,
5416,Jannat Ahmed,17,M,Mymensign,8th,70.2,0.9,36,56,91,,Secondary,Y,FAIL
8949,Hasan Chowdhury,11,FEMALE,Barisal,Ten,86.8,1.6,93,78,49,220.0,Post Graduate,No,fail
1698,Tamim Rahman,18,M,rangpur,7,124.0,1.6,34,51,42,127.0,postgraduate,n/a,P
9285,Sabbir Talukder,17,Other,rangpur,10th,99.5,3.1,88,63,81,232.0,higher secondary,no,pass
6314,Priya Rahman,16,FEMALE,barisal,10th,79.9,3.8,36,37,92,165.0,PRIMARY,NO,PASS
7057,Nusrat Sarker,15,FEMALE,Mymensign,Seven,85.6,1.5,73,45,,118.0,higher secondary,n/a,FAIL
328,Riya Rahman,17,female,Rangpur,06,100.4,4.4,42,38,65,145.0,Higher Secondary,n/a,Fail
1446,Mim Talukder,17,M,rangpur,8th,64.7,1.1,59,71,40,170.0,Higher Secondary,n/a,
5897,Zayed Das,14,Male,SYLHET,6th,92.5,3.6,34,73,57,164.0,primary,yes,Pass
5679,Mim Hossain,16,,Mymensign,06,76.3,2.8,57,34,88,179.0,postgraduate,yes,P
804,Jannat Rahman,17,other,Dhaka ,06,78.0,4.3,35,53,47,135.0,Secondary,No,fail
8442,Imran Ahmed,16,,  Dhaka,6th,72.7,2.5,54,,66,119.0,Primary,Y,F
3109,Sabbir Das,fifteen,,Mymensign,9,88.7,4.0,250,58,74,382.0,,No,fail
5323 ,Jannat Khan,15,Other,mymensingh,06,71.7,0.5,68,44,41,153.0,secondary,no,FAIL
5300,Rakib Khan,17,Other,,6,95.4,3.8,71,-27,87,131.0,illiterate,N,fail
1805,anik chowdhury,18,female,,9th,80.9,1.4,62,48,63,173.0,Unknown,1,
6984,Mitu Hossain,14,FEMALE,mymensingh,Nine,83.7,4.5,85,88,36,209.0,postgraduate,NO,fail
2904,anik ahmed,15,female,rangpur,Seven,118.2,4.1,43,80,40,163.0,Primary,Yes,Pass
8491,Hasan Talukder,13,O,Khulna,9,82.7,4.0,76,61,41,178.0,,1,
8298,Farhan Sarker,18,MALE,sylhet,8th,82.6,5.5,33,40,88,161.0,graduate,YES,pass
8118,Imran Rahman,11,Female,Barisal,10,100.9,0.9,49,74,79,,secondary,no,FAIL
4162,Mim Islam,16,MALE,barisal,6,92.9,0.4,60,98,50,208.0,GRADUATE,Yes,Fail
6489,Ayesha Das,17,other,Khulna,7th,88.9,-4.8,85,95,74,254.0,illiterate,Y,P
6204,Nusrat Ahmed,11,,Mymensign,8,88.2,2.6,61,67,49,177.0,GRADUATE,Yes,Fail
8216,Imran Akter,15,,KHULNA ,10th,78.3,1.9,83,62,66,211.0,,n/a,FAIL
402 ,Bristi Talukder,18,F,rangpur,8th,67.0,0.6,90,41,90,221.0,Higher Secondary,Y,FAIL
5984,Nadia Sarker,18,,sylhet,7th,83.4,1.2,80,69,-16,133.0,N/A,1,pass
3414,Farhan Sarker,15,FEMALE,Chittagong,8th,97.9,3.6,41,86,74,201.0,Illiterate,0,
1347,Karim Islam,206,male,rangpur,Nine,85.2,3.6,51,84,86,221.0,secondary,No,Fail
2392,Mim Akter,17,Male,rangpur,6th,70.6,3.1,63,92,97,252.0,illiterate,NO,Fail
1268,Rahim Chowdhury,16,F,mymensingh,Ten,90.7,2.5,89,49,79,217.0,higher secondary,Yes,Pass
4902,Arif Hossain,15,Female,Rajshahi ,7,87.1,3.9,74,69,90,233.0,PRIMARY,Yes,F
1444,Sohan Sarker,13,MALE,Mymensign,9,84.3,4.5,88,93,53,234.0,higher secondary,yes,pass
STU-05056,Shila Sarker,17,,SYLHET,8th,87.3,0.8,48,68,-39,77.0,Higher Secondary,No,pass
1393,Kabir Ahmed,16,Male,rangpur,10,78.8,4.2,94,54,86,234.0,primary,,FAIL
186,Nadia Chowdhury,13,FEMALE,Ctg,10,66.4,2.6,97,47,91,235.0,primary,no,FAIL
8230,Fatema Rahman,15,F,CHATTOGRAM,6th,78.9,4.0,81,30,82,193.0,N/A,No,
5848,Rafi Ahmed,18,O,rangpur,9th,85.7,4.8,31,37,48,116.0,Illiterate,Y,fail
2086,Mim Ahmed,18,O,Rajshahi,06,90.4,4.8,-10,95,37,122.0,N/A,YES,FAIL
8703,Farhan Chowdhury,18,FEMALE,Dacca,8,79.8,,59,97,51,207.0,postgraduate,Y,pass
97,Mitu Talukder,16,,CHATTOGRAM,7,101.1,4.9,80,92,81,253.0,N/A,N,P
9064,Zayed Chowdhury,13,M,Rajshahi ,9th,83.5,3.0,-7,35,70,98.0,Unknown,n/a,PASS
2011,Rupa Sarker,17,Male,sylhet,Seven,84.4,2.9,56,73,64,193.0,unknown,Y,Fail
2120,Sabbir Talukder,12,other,sylhet,7th,-34.3,3.8,68,48,60,176.0,higher secondary,yes,fail
9149,Arif Ahmed,14,,Khulna,7,96.2,0.9,61,35,94,190.0,N/A,No,fail
7024 ,Rakib Sarker,16,female,rajshahi,10th,71.6,3.8,30,,48,78.0,GRADUATE,no,FAIL
7943,Nusrat Khan,11,F,Mymensingh,9th,89.5,2.6,59,96,72,227.0,Secondary,n/a,pass
8824,Rahim Talukder,15,MALE,mymensingh,Eight,67.1,5.4,99,53,65,217.0,unknown,no,Pass
2 ,Nadia Khan,13,female,Chittagong,Eight,80.3,3.8,93,89,50,232.0,Unknown,1,fail
4766,Tanvir Talukder,16,Female,Rangpur,06,90.5,1.4,93,38,52,183.0,postgraduate,0,pass
1753,Karim Chowdhury,17,Male,Mymensingh,9,77.0,1.6,81,57,-16,122.0,secondary,,pass
470,Hasan Akter,18,M,Rangpur,8th,86.2,5.3,87,56,82,225.0,Illiterate,,Fail
7838,Karim Talukder,12,Female,Mymensingh,10,90.7,2.8,41,66,71,,N/A,N,Pass
4673,Mim Sarker,18,FEMALE,Dhaka,7th,103.2,3.6,73,45,77,195.0,secondary,NO,Fail
1660,Mim Islam,11,FEMALE,Rajshahi,Ten,83.6,4.2,76,77,42,195.0,Secondary,YES,F
3763,Sohan Das,12,female,DHAKA,Nine,99.5,2.8,95,50,89,234.0,primary,0,Fail
3239,Fatema Sarker,18,Other,SYLHET,Nine,88.9,1.6,66,74,43,183.0,Higher Secondary,YES,PASS
7522,Fatema Das,13,F,Barishal,9th,86.2,2.2,64,37,90,191.0,Graduate,Y,Pass
3826,Zayed Das,18,Female,Barishal,7th,84.7,1.8,70,62,71,203.0,primary,No,P
1477,Tanvir Akter,14,Male,rajshahi,8th,83.8,4.4,70,33,,103.0,Higher Secondary,NO,fail
261,Tamim Chowdhury,17,MALE,Barisal,8th,90.9,4.3,72,50,52,,Unknown,N,pass
3159,Momo Ahmed,14,F,Rangpur,9th,88.9,2.8,82,38,33,153.0,GRADUATE,no,PASS
4026 ,Bristi Islam,14,FEMALE,Khulna,Nine,110.2,2.0,59,55,78,202.0,Illiterate,No,PASS
8140,Jannat Das,17,MALE,rangpur,6,82.4,3.6,117,32,48,197.0,Post Graduate,YES,PASS
6801,Bristi Chowdhury,13,Other,rajshahi,7,81.6,2.6,45,56,74,,GRADUATE,N,FAIL
1378,Nadia Ahmed,,Female,Dhaka,8th,82.2,3.4,91,53,68,212.0,unknown,0,Fail
6636,Kabir Sarker,16,FEMALE,Mymensingh,Ten,76.8,6.2,82,36,36,154.0,higher secondary,No,P
3042,Imran Das,14,M,SYLHET,7,80.6,4.2,36,82,46,164.0,illiterate,YES,
5720,Tamim Das,11,MALE,rajshahi,9,86.5,0.8,75,69,88,232.0,secondary,Y,PASS
8201,Momo Talukder,12,male,Ctg,7th,78.9,3.2,38,182,86,306.0,graduate,0,FAIL
7307,Sohan Akter,17,MALE,Sylhet,6,64.2,1.3,35,81,54,170.0,Post Graduate,Yes,
1222,Rakib Ahmed,13,female,mymensingh,Seven,97.9,1.9,67,,47,114.0,,no,PASS
7934,Hasan Chowdhury,15,other,Mymensingh,Six,105.3,1.7,75,60,40,175.0,Unknown,n/a,
STU-08710,Rupa Sarker,18,Other,rangpur,9,98.0,1.5,82,91,67,240.0,postgraduate,NO,Pass
536,Tamim Rahman,15,F,Rangpur,8,82.7,2.9,97,36,,133.0,Unknown,0,PASS
219,Rakib Ahmed,15,O,SYLHET,Nine,83.8,1.2,93,67,61,221.0,Higher Secondary,YES,Pass
6519,Lima Hossain,17,Female,mymensingh,6,84.5,5.6,33,33,,66.0,primary,n/a,PASS
2213,Zayed Sarker,13,M,Barisal,7th,74.0,2.1,44,72,47,163.0,illiterate,NO,fail
6278,Shila Hossain,13,female,rangpur,6,75.1,4.8,45,36,40,121.0,unknown,N,FAIL
4058,Shila Ahmed,15,Female,Rajshahi,Ten,114.4,2.0,43,68,96,207.0,unknown,1,Pass
8618,Momo Islam,11,F,Khulna,6th,81.7,2.7,65,32,88,185.0,graduate,1,
944,Hasan Ahmed,14,Male,Dhaka,Seven,81.6,2.5,60,52,77,189.0,graduate,YES,Pass
6410,Tamim Khan,16,Female,khulna,7th,81.5,4.9,75,96,94,265.0,GRADUATE,1,Fail
4503,Jannat Islam,17,,Mymensign,7,90.6,4.4,,74,98,172.0,higher secondary,,
242 ,Rakib Chowdhury,16,male,DHAKA,9,93.5,4.8,66,78,73,217.0,PRIMARY,YES,P
5886,Sohan Ahmed,15,male,rangpur,6th,79.5,4.1,-44,52,59,67.0,N/A,Y,F
1927,Kabir Ahmed,16,male,Chittagong,7,77.9,4.1,57,45,83,185.0,graduate,no,Fail
7174,Tamim Das,15,other,Mymensign,8,73.4,22.7,,97,64,161.0,primary,1,pass
2604,Mim Khan,12,FEMALE,Mymensign,Seven,83.0,4.4,35,62,44,141.0,secondary,1,FAIL
527,Ayesha Chowdhury,12,Female,SYLHET,7th,82.7,1.6,98,70,78,246.0,primary,N,
3786,Rahim Islam,17,female,khulna,6,78.7,5.5,56,40,68,164.0,Unknown,N,P
5749,Jannat Talukder,18,Other,Chattogram,10th,103.4,3.7,84,-24,82,142.0,Illiterate,Y,FAIL
1160,Tamim Khan,18,O,sylhet,Nine,98.0,2.3,53,,65,118.0,Unknown,0,P
8644,Shila Talukder,12,Female,Chattogram,Nine,92.6,1.0,39,96,45,180.0,higher secondary,No,P
9226,Lima Islam,14,MALE,rangpur,10,101.8,3.1,36,91,87,214.0,secondary,1,F
6608,Mim Akter,12,Male,barisal,7th,77.8,2.4,53,86,45,184.0,graduate,0,FAIL
2961,Sadia Rahman,17,FEMALE,Ctg,Eight,88.8,5.6,31,43,39,113.0,Secondary,no,FAIL
2253,Lima Chowdhury,15,Other,khulna,10th,78.3,2.6,94,77,39,202.0,N/A,Yes,P
2089,Sadia Ahmed,11,O,Khulna,Nine,73.0,2.8,93,78,,171.0,PRIMARY,YES,
6642,Rafi Ahmed,18,Other,Rajshahi,6th,91.8,3.0,42,,214,256.0,GRADUATE,no,F
6233,Sohan Sarker,15,F,Barishal,8th,83.2,4.4,48,39,73,160.0,Unknown,Yes,F
6228,Rupa Ahmed,-18,Male,rajshahi,Six,,2.3,59,76,51,186.0,PRIMARY,1,Pass
4526,Hasan Talukder,12,male,Khulna,10th,80.7,1.4,99,43,69,211.0,Unknown,no,fail
4294,Rafi Chowdhury,13,O,Chittagong,10th,80.3,1.4,53,79,66,202.0,Graduate,Yes,fail
6163,Tamim Khan,18,Other,Ctg,7,80.1,2.0,62,65,53,error,Secondary,N,F
2326,Karim Rahman,15,Male,KHULNA ,Ten,90.9,1.9,57,57,54,168.0,,Yes,Pass
8882,Sohan Ahmed,14,Other,Rajshahi,8,88.2,23.0,95,33,58,186.0,GRADUATE,n/a,F
9046 ,Imran Rahman,18,FEMALE,CHATTOGRAM,Eight,78.4,1.9,49,37,44,130.0,secondary,N,Fail
7432,Imran Akter,12,female,dhaka,Eight,93.3,6.6,78,50,48,176.0,higher secondary,No,Fail
6904,Zayed Chowdhury,16,Male,dhaka,7,82.4,2.9,80,97,86,263.0,Unknown,Y,Pass
9118,imran hossain,14,Female,Rangpur,9,75.5,4.2,91,60,66,217.0,primary,Y,F
1479,Rahim Islam,12,,Chattogram,Eight,80.2,1.7,78,46,92,216.0,Secondary,no,P
4435,Mitu Hossain,14,O,Barishal,7th,100.7,1.0,84,44,81,209.0,illiterate,,Fail
6171,Fatema Hossain,16,MALE,CHATTOGRAM,Eight,-16.2,4.2,37,97,59,193.0,Post Graduate,N,pass
3989,Zayed Akter,16,male,rangpur,Nine,96.1,5.0,38,65,66,169.0,graduate,N,P
6108,Hasan Hossain,,Female,khulna,7,76.1,1.7,79,51,88,218.0,Secondary,Y,pass
6771,Imran Akter,14,Male,,8th,88.5,1.9,35,66,65,166.0,Illiterate,yes,PASS
9801,Rafi Rahman,17,Other,khulna,Nine,77.9,2.8,59,77,54,190.0,GRADUATE,1,F
4350,Jannat Khan,15,Other,barisal,10th,91.9,4.2,47,54,87,188.0,postgraduate,,F
7318,Fatema Hossain,18,Other,rajshahi,8,96.4,3.1,,61,,61.0,,n/a,
321,Anik Akter,16,,Ctg,06,89.9,4.1,36,52,51,139.0,Unknown,No,P
6145,Rakib Hossain,fifteen,FEMALE,SYLHET,Eight,75.5,1.0,63,91,90,244.0,,yes,FAIL
8066,Shila Khan,11,other,Rajshahi ,Nine,84.1,6.8,31,93,98,222.0,Graduate,n/a,FAIL
5043,Ayesha Akter,15,other,barisal,6,79.3,6.1,56,31,83,170.0,,0,P
4216,Jannat Islam,15,O,Chittagong,Nine,77.1,2.7,64,59,,123.0,secondary,1,F
6552,Imran Sarker,16,female,rangpur,Nine,66.9,4.1,71,79,86,236.0,primary,1,fail
1085,Rafi Das,15,F,DHAKA,Six,91.4,4.4,68,91,82,241.0,graduate,Y,Pass
7991,Sabbir Talukder,,F,Khulna,10th,73.6,0.6,89,71,34,194.0,graduate,No,FAIL
7429,Shila Talukder,16,F,KHULNA ,6,82.8,4.2,84,80,94,258.0,graduate,n/a,fail
3653,Rakib Akter,11,O,SYLHET,8th,136.1,-2.5,72,75,86,233.0,secondary,NO,FAIL
1192,Shila Islam,12,Female,Rangpur,06,85.8,0.1,178,97,46,321.0,Primary,,F
3828,Tanvir Das,18,F,Barishal,10th,92.6,3.9,82,76,81,239.0,Graduate,n/a,pass
621,Hasan Ahmed,11,Male,  Dhaka,8,80.9,4.2,92,113,61,,postgraduate,yes,PASS
2099,Imran Das,17,,rangpur,Eight,93.1,2.9,37,69,34,140.0,Primary,No,P
4847,Rahim Islam,14,MALE,Ctg,Seven,85.0,4.6,70,73,44,187.0,graduate,NO,F
7090,Jannat Ahmed,14,FEMALE,CHATTOGRAM,Eight,71.1,4.2,96,95,79,,N/A,No,pass
8483,Lima Khan,16,Female,rajshahi,8th,77.2,4.5,37,83,43,163.0,Post Graduate,No,F
2804,Jannat Hossain,18,,Rajshahi ,8th,89.4,-1.4,84,87,93,264.0,unknown,0,Fail
5894,Tanvir Islam,11,female,Chittagong,8th,99.1,1.8,30,32,63,125.0,unknown,YES,Fail
1865,Rupa Hossain,12,Female,Mymensign,Nine,76.0,2.7,38,55,54,147.0,postgraduate,,fail
9582,Hasan Sarker,15,male,barisal,Six,88.7,3.7,96,77,85,258.0,higher secondary,no,PASS
6055,Rakib Sarker,16,,Khulna,Seven,81.8,0.5,41,46,65,152.0,Graduate,,F
2296,Kabir Khan,15,other,Ctg,Ten,72.9,3.6,93,95,63,251.0,unknown,No,pass
1960,Imran Das,11,Male,barisal,Nine,96.7,2.6,66,87,34,187.0,unknown,Y,F
5874,Kabir Islam,15,Other,Chittagong,8th,79.4,4.0,66,97,77,240.0,primary,Yes,Fail
8086,Ayesha Akter,17,other,dhaka,7th,77.9,2.9,40,196,63,299.0,PRIMARY,,FAIL
578,Farhan Hossain,14,Other,Mymensingh,9,89.6,5.2,74,91,68,233.0,Secondary,,P
9748,Jannat Chowdhury,-1,O,Barishal,6th,78.7,4.4,44,95,82,221.0,higher secondary,Y,F
5764,Sadia Hossain,13,F,rangpur,6th,85.7,4.7,64,40,67,171.0,Illiterate,N,Pass
1396,Fatema Sarker,14,FEMALE,dhaka,9,65.1,1.1,50,85,95,230.0,Unknown,1,PASS
8229,Ayesha Chowdhury,14,M,DHAKA,6,91.1,3.1,57,55,50,162.0,Higher Secondary,yes,F
6280,Mim Chowdhury,11,MALE,Ctg,Seven,96.5,1.5,95,82,57,234.0,Unknown,1,fail
2755,Sadia Das,16,M,Rangpur,10,94.4,2.6,86,56,88,230.0,illiterate,n/a,F
1806,Shila Ahmed,16,FEMALE,Barisal,10,96.2,3.3,85,86,80,251.0,unknown,Y,P
2855,Riya Talukder,17,O,khulna,8,69.6,4.7,63,62,97,222.0,Secondary,,F
9288,Ayesha Ahmed,12,O,barisal,Ten,94.1,2.7,83,96,59,238.0,,No,Fail
3913,Mitu Das,16,,SYLHET,8,100.9,4.5,73,90,71,234.0,higher secondary,No,pass
4367,Ayesha Das,17,O,dhaka,8,73.5,1.2,99,62,94,,Post Graduate,Y,P
171,Farhan Das,,Female,Mymensign,Ten,79.2,3.2,91,55,95,241.0,Higher Secondary,no,Pass
2042,Tamim Ahmed,15,MALE,barisal,7,79.9,2.9,52,88,30,170.0,Secondary,NO,fail
4441,Karim Talukder,13,male,Mymensingh,10th,91.7,,56,66,51,173.0,,yes,
1234,Hasan Talukder,15,FEMALE,  Dhaka,6,96.9,5.3,44,39,70,153.0,secondary,0,FAIL
STU-05912,Kabir Rahman,15,Other,KHULNA ,8th,142.2,2.9,87,49,92,228.0,Secondary,n/a,P
8756,Shila Talukder,13,MALE,  Dhaka,Nine,86.0,4.2,89,39,96,224.0,N/A,0,Pass
9131,Nusrat Talukder,17,O,Chattogram,Ten,93.8,4.0,90,60,57,207.0,unknown,0,Pass
5170,Anik Ahmed,18,Other,dhaka,10th,83.6,4.3,39,61,94,194.0,Secondary,no,Pass
7388,Jannat Akter,16,Other,Barishal,8,77.9,2.8,49,41,51,141.0,GRADUATE,n/a,fail
6819,Bristi Ahmed,16,Male,mymensingh,Eight,83.7,4.6,92,40,77,209.0,Post Graduate,,pass
9297,Fatema Das,12,other,Mymensingh,Eight,78.1,,71,95,92,258.0,N/A,1,fail
9068,Jannat Rahman,12,Male,Mymensign,8th,132.4,2.5,54,44,59,157.0,postgraduate,0,fail
3820,Sadia Talukder,15,,Dhaka ,8th,98.9,1.9,88,67,54,209.0,secondary,1,
8732,Rakib Ahmed,17,MALE,barisal,Six,90.4,3.3,32,82,88,202.0,Post Graduate,Yes,Pass
5593,Kabir Ahmed,14,,Dhaka ,7th,75.4,3.8,45,95,84,224.0,,0,
2068,Hasan Ahmed,fifteen,Other,khulna,10,84.3,2.6,96,absent,62,158.0,,1,pass
1276,Tanvir Hossain,264,female,Barisal,Nine,105.1,4.2,64,33,55,152.0,Higher Secondary,n/a,pass
8895,Jannat Islam,13,Male,dhaka,7th,93.7,2.5,31,57,99,187.0,N/A,n/a,FAIL
9701,Kabir Rahman,13,female,Mymensingh,8th,,3.1,75,41,41,157.0,Graduate,yes,PASS
3119,Ayesha Hossain,13,O,Chattogram,Six,74.3,5.1,86,66,93,245.0,illiterate,no,pass
4396,Jannat Ahmed,13,Other,Dacca,Eight,92.0,1.2,73,62,50,185.0,graduate,Y,fail
2950,Arif Khan,15,,KHULNA ,6th,97.4,2.4,42,46,-33,error,Unknown,,F
9846,Imran Islam,16,F,dhaka,Ten,71.2,1.7,86,68,,154.0,Primary,0,fail
1891,Tamim Khan,16,Other,  Dhaka,10,94.7,3.4,90,69,85,244.0,Higher Secondary,,P
678,Priya Hossain,17,O,KHULNA ,10,86.5,4.9,33,52,-32,error,Primary,yes,
3098,Rakib Hossain,11,MALE,Dhaka,10,70.7,2.9,79,65,,144.0,N/A,YES,
6267,Bristi Chowdhury,14,O,Mymensign,6th,81.0,1.3,84,56,59,199.0,Illiterate,0,F
7765,Zayed Sarker,13,Male,Chittagong,Seven,69.1,2.4,95,40,78,213.0,unknown,,Pass
6398,Farhan Khan,11,F,Rangpur,6th,62.7,3.7,58,97,89,244.0,GRADUATE,N,FAIL
7752,Mim Ahmed,12,Female,Barishal,6,74.1,3.2,51,44,46,141.0,GRADUATE,,P
8377,Imran Rahman,13,MALE,Rangpur,6th,101.1,3.0,absent,-35,56,21.0,higher secondary,n/a,Pass
6830 ,Rafi Rahman,11,female,Rajshahi ,Six,84.5,2.7,48,79,51,178.0,,NO,fail
7940,Fatema Chowdhury,16,other,Khulna,7,85.8,5.9,92,84,61,252.0,GRADUATE,1,pass
1297,Hasan Talukder,17,male,,7,90.2,4.3,62,58,98,218.0,Graduate,No,
7629,Hasan Ahmed,16,Male,SYLHET,Eight,,4.2,97,88,47,232.0,Primary,No,F
4392,Karim Hossain,12,other,Mymensingh,Seven,74.5,3.5,72,56,59,187.0,higher secondary,YES,pass
5167,Nusrat Rahman,15,F,rajshahi,06,,1.7,36,78,44,158.0,illiterate,Yes,Fail
4150,Farhan Chowdhury,12,MALE,Sylhet,Eight,88.1,,76,38,36,150.0,Graduate,n/a,P
9587,Mitu Rahman,18,,dhaka,9,87.9,1.2,51,30,82,163.0,primary,No,fail
3401,Rahim Rahman,14,Male,khulna,7,82.5,4.8,76,54,35,165.0,Primary,YES,PASS
2935,Zayed Ahmed,,Male,SYLHET,Ten,83.2,2.9,56,64,67,187.0,postgraduate,no,Fail
2240,Bristi Chowdhury,12,Female,khulna,Six,95.9,3.7,81,38,93,212.0,PRIMARY,Yes,pass
3901,Jannat Akter,13,O,SYLHET,Ten,82.4,5.2,89,74,38,201.0,Unknown,0,Fail
5649,Kabir Ahmed,18,Other,mymensingh,8,65.5,29.9,49,91,42,,primary,0,Fail
8170,Jannat Talukder,15,M,Rangpur,10th,83.9,5.4,88,90,78,256.0,unknown,1,Pass
STU-03343,Imran Rahman,18,FEMALE,barisal,7th,84.9,4.2,64,83,143,290.0,primary,Y,FAIL
6103,Tanvir Khan,13,Other,  Dhaka,Nine,79.1,1.1,97,71,33,201.0,Secondary,,P
302,Farhan Akter,14,Male,barisal,Nine,89.7,-2.4,92,91,36,219.0,,n/a,FAIL
366,Karim Khan,13,F,chittagong,Eight,95.0,2.1,48,61,38,147.0,,1,P
7920,Kabir Sarker,15,female,Dacca,Ten,99.2,3.0,67,72,234,373.0,Primary,NO,fail
4199,Rupa Ahmed,16,Male,SYLHET,8,96.5,2.8,75,57,53,185.0,illiterate,no,pass
6436,Mim Rahman,17,male,rangpur,Nine,95.6,5.8,85,37,65,187.0,Secondary,Y,fail
6889,Rupa Sarker,17,,Sylhet,Ten,82.6,0.9,91,84,45,220.0,unknown,Yes,
1046,Sabbir Rahman,14,Male,rangpur,Ten,77.5,3.3,64,34,51,149.0,N/A,no,Pass
2796,Ayesha Ahmed,12,O,Khulna,9th,-25.6,6.1,64,53,59,176.0,Illiterate,yes,
5144,Jannat Rahman,18,Female,rajshahi,10th,N/A,4.8,74,88,94,256.0,N/A,no,Fail
6828,Bristi Hossain,15,Other,rangpur,10th,99.8,3.6,37,57,95,189.0,Post Graduate,n/a,
3695,Farhan Talukder,252,male,Khulna,10th,87.4,4.7,98,75,54,227.0,GRADUATE,1,PASS
7431,Mitu Das,18,other,Ctg,06,92.9,4.0,38,,72,110.0,illiterate,Yes,pass
858,Nadia Rahman,11,Female,Rangpur,Eight,111.8,3.1,76,38,56,170.0,Post Graduate,No,pass
4406,Nadia Das,,FEMALE,mymensingh,6,,1.3,89,84,64,237.0,illiterate,NO,Pass
3006,Anik Sarker,15,Male,rajshahi,10th,75.9,,35,95,71,201.0,higher secondary,1,Pass
1216 ,Farhan Das,15,F,Rajshahi ,Eight,72.8,2.8,77,90,44,211.0,postgraduate,Yes,Fail
5584,Rahim Chowdhury,14,male,CHATTOGRAM,8th,62.4,1.9,79,63,34,176.0,Unknown,No,F
8373,Zayed Khan,11,O,Barishal,Seven,82.0,3.3,99,37,64,200.0,,1,Pass
3255,Tanvir Akter,16,M,Barishal,Nine,76.2,4.4,81,,68,149.0,unknown,Y,P
4471,Rafi Chowdhury,12,,sylhet,Seven,,2.8,92,69,60,221.0,Post Graduate,,Fail
5310,Fatema Rahman,13,MALE,rajshahi,Nine,92.7,4.0,81,88,67,236.0,PRIMARY,n/a,F
STU-00545,Nusrat Rahman,13,M,Mymensingh,Six,99.2,4.0,37,80,35,152.0,Unknown,no,FAIL
5448,Sadia Rahman,13,Other,Mymensign,Nine,87.7,5.7,,98,54,152.0,,N,PASS
4388,Arif Rahman,13,Female,Rajshahi,Six,72.2,4.3,87,79,39,205.0,Primary,Yes,FAIL
8578,Sadia Islam,13,FEMALE,rangpur,6,91.9,2.6,83,96,31,210.0,Secondary,N,Pass
3689,Jannat Rahman,13,male,Mymensingh,7,99.5,4.9,69,35,41,145.0,higher secondary,1,P
4486,Nusrat Hossain,16,M,rajshahi,10,84.5,26.9,82,92,31,205.0,Post Graduate,0,PASS
2870,Hasan Das,11,Male,Mymensign,Eight,97.7,1.9,57,79,30,166.0,Secondary,n/a,F
4947,Rupa Chowdhury,13,Other,  Dhaka,Nine,95.8,4.0,73,53,89,215.0,Graduate,1,fail
7884,Mitu Akter,18,male,Rajshahi ,06,64.8,0.3,,75,62,137.0,illiterate,,pass
1871,Nusrat Das,13,F,rangpur,9th,78.3,4.3,34,65,48,147.0,primary,,Fail
5957,Hasan Khan,16,male,dhaka,06,66.1,2.6,96,79,41,216.0,illiterate,NO,pass
9772,Nusrat Sarker,fifteen,O,barisal,7,91.7,2.6,85,35,49,169.0,PRIMARY,No,Pass
5259,Shila Ahmed,13,F,CHATTOGRAM,7th,65.5,5.8,73,93,69,235.0,GRADUATE,0,Fail
3232,Nadia Ahmed,,Female,Rajshahi ,6th,89.0,1.1,79,96,70,245.0,Illiterate,N,PASS
6261,Lima Islam,16,M,Chittagong,8th,82.2,4.8,53,51,44,148.0,postgraduate,Y,fail
5016,Anik Sarker,17,Other,DHAKA,8,88.3,3.2,85,33,51,169.0,Primary,YES,Fail
8751,Momo Rahman,18,female,SYLHET,Seven,86.2,6.5,96,55,42,193.0,Primary,no,Pass
6359,Tamim Hossain,16,O,Chattogram,10th,90.2,,64,51,34,149.0,Post Graduate,NO,Fail
7161,Sohan Hossain,15,F,dhaka,7th,96.6,2.6,94,42,47,186.0,primary,Y,Pass
7031,Sohan Chowdhury,14,F,Mymensign,10th,87.5,4.0,41,73,95,209.0,PRIMARY,1,
4507,Lima Rahman,13,Male,DHAKA,6th,91.5,3.7,87,77,34,198.0,unknown,no,
9841,Hasan Talukder,17,MALE,chittagong,7,104.5,1.7,99,76,82,257.0,primary,,
5142,Fatema Khan,12,,rajshahi,8,86.2,2.9,95,84,87,266.0,Primary,YES,Pass
1895,Rupa Rahman,17,male,Barishal,6,73.7,3.2,96,-3,47,140.0,primary,yes,P
1185,Arif Das,18,M,SYLHET,Six,72.6,1.3,98,99,59,256.0,GRADUATE,no,pass
STU-03408,Nusrat Das,18,M,Barisal,7th,80.5,4.4,40,97,97,234.0,GRADUATE,Yes,
3005,Nadia Chowdhury,18,O,Rangpur,Nine,102.8,2.4,34,78,34,146.0,illiterate,0,Pass
1899,Kabir Talukder,11,O,Barisal,9th,76.0,2.9,36,48,73,157.0,Illiterate,N,PASS
833,Farhan Chowdhury,16,MALE,rangpur,9th,77.2,1.9,76,92,86,254.0,unknown,YES,Fail
6324,Sadia Sarker,15,female,Sylhet,7,89.9,3.6,95,51,68,214.0,higher secondary,1,fail
5900,Imran Chowdhury,12,F,Rangpur,06,182.9,3.2,33,70,85,188.0,Secondary,yes,fail
691,Rakib Islam,12,male,rangpur,Eight,83.9,1.7,76,59,52,187.0,unknown,Y,Pass
9072,Ayesha Sarker,18,,  Dhaka,Nine,97.2,3.6,50,76,89,215.0,,yes,
6615,Zayed Rahman,16,other,Rangpur,8th,86.0,2.0,78,55,78,211.0,postgraduate,n/a,P
6849,Karim Islam,15,male,Mymensign,Six,65.4,3.1,210,44,40,294.0,Primary,Y,FAIL
6456,Bristi Rahman,16,Female,barisal,6th,95.0,4.3,68,60,52,180.0,graduate,No,F
3777,Karim Chowdhury,12,other,  Dhaka,Seven,92.5,2.5,65,80,-44,101.0,Graduate,1,PASS
1513,Bristi Talukder,18,female,Dhaka ,06,80.0,5.6,95,30,87,212.0,postgraduate,YES,PASS
6363,Ayesha Khan,13,MALE,mymensingh,10,107.3,3.8,84,73,57,214.0,Illiterate,n/a,Pass
7771,Karim Chowdhury,14,F,KHULNA ,Eight,87.9,-1.0,76,34,34,144.0,Higher Secondary,YES,
3087,Farhan Khan,13,other,Mymensign,7,100.0,4.7,70,31,86,187.0,Graduate,0,PASS
9403,Rakib Islam,15,Male,Khulna,Seven,82.6,24.9,78,81,95,254.0,Higher Secondary,,pass
3883,Mim Das,13,Other,Rangpur,Seven,93.4,6.7,89,97,86,272.0,unknown,1,
1076,Riya Akter,12,,Rajshahi ,Nine,81.2,0.2,72,35,96,203.0,Primary,No,P
9839,Sadia Islam,14,MALE,Rajshahi,10,89.8,2.8,96,40,-42,94.0,primary,NO,pass
7587,Nadia Akter,17,FEMALE,Rajshahi,Ten,102.0,1.9,,78,52,130.0,Post Graduate,NO,P
2203,Rupa Das,13,male,CHATTOGRAM,6,78.0,5.8,46,74,87,207.0,secondary,,PASS
6454,Arif Talukder,12,other,sylhet,Ten,89.2,4.6,88,67,45,200.0,postgraduate,n/a,pass
6536,Arif Islam,12,male,Mymensingh,Seven,81.3,4.3,35,59,52,146.0,Primary,n/a,pass
2112,mim talukder,13,M,DHAKA,Nine,,0.9,68,33,93,183.0,PRIMARY,0,PASS
4866,Shila Ahmed,16,MALE,KHULNA ,6th,84.0,1.6,31,68,52,151.0,unknown,yes,fail
8564,Shila Akter,14,female,rajshahi,Eight,85.4,6.9,53,68,93,214.0,unknown,Y,P
6469,Hasan Chowdhury,18,MALE,rangpur,Six,75.4,4.5,52,61,62,175.0,Illiterate,Y,fail
9509,Rahim Hossain,12,MALE,Sylhet,7,83.3,2.8,41,46,54,141.0,Secondary,YES,fail
9687,Anik Hossain,18,M,Rangpur,9th,,1.0,78,89,91,258.0,postgraduate,N,Pass
7063,Sabbir Rahman,15,FEMALE,mymensingh,8th,91.7,4.6,98,90,71,259.0,Graduate,0,
2603,Rahim Khan,13,M,khulna,Seven,93.4,-0.8,82,49,37,168.0,graduate,Y,PASS
1947,Nadia Sarker,16,MALE,Mymensign,Seven,83.0,3.3,58,33,90,181.0,Unknown,0,F
4651,Anik Hossain,12,female,Mymensign,6,80.9,2.9,31,61,65,157.0,higher secondary,Y,FAIL
7379,Rakib Ahmed,17,Female,Khulna,Ten,94.9,2.3,80,34,41,155.0,postgraduate,yes,
3986,Rakib Talukder,12,F,Barisal,Nine,95.3,0.6,63,89,32,184.0,primary,,pass
753,Jannat Hossain,14,F,Rajshahi,7,79.1,4.3,91,44,31,166.0,PRIMARY,1,Pass
7212,Anik Ahmed,18,O,Rajshahi ,Ten,111.5,1.8,44,70,81,195.0,postgraduate,YES,Fail
1362,Momo Akter,17,,  Dhaka,9th,72.2,4.1,89,69,66,224.0,graduate,No,Fail
7899,Tanvir Islam,16,MALE,DHAKA,Nine,84.6,24.2,68,72,85,225.0,Post Graduate,No,fail
2683,Jannat Das,16,male,Khulna,9,82.5,3.9,88,60,40,188.0,primary,YES,FAIL
5138,Tamim Sarker,11,Male,sylhet,Nine,79.0,0.8,67,37,63,167.0,Primary,0,P
3285,Sabbir Das,16,Female,rangpur,Seven,85.1,,33,73,,106.0,N/A,Yes,Fail
1836 ,Lima Akter,11,O,Rangpur,9th,78.7,3.8,79,30,86,195.0,graduate,yes,
9323,Tanvir Chowdhury,fifteen,O,Mymensign,7,83.1,3.7,70,88,33,191.0,illiterate,N,fail
364,Fatema Sarker,14,Male,SYLHET,Six,88.8,1.3,32,56,69,157.0,unknown,Y,PASS
5253,Tanvir Akter,13,FEMALE,Barishal,8th,90.0,4.4,46,35,44,125.0,PRIMARY,N,pass
2765,Sabbir Talukder,16,male,dhaka,9,,5.0,63,47,48,158.0,Primary,no,PASS
1136,Mim Talukder,15,FEMALE,Rangpur,10th,85.0,4.7,95,48,97,240.0,Graduate,no,F
3213,Riya Islam,16,male,Barishal,Ten,89.4,3.2,,97,72,169.0,Post Graduate,,fail
6916,Shila Sarker,15,F,Sylhet,7,91.7,0.7,,98,89,187.0,higher secondary,no,
7508,Karim Islam,15,FEMALE,Chattogram,9,84.5,1.8,76,35,98,209.0,Graduate,yes,
3808,Priya Das,11,male,khulna,Seven,105.3,4.0,78,81,92,251.0,Primary,NO,pass
6524,Arif Rahman,11,F,rangpur,10,76.4,3.2,51,64,71,186.0,Illiterate,Y,F
1680,Mitu Chowdhury,12,Female,rangpur,Six,91.6,0.1,55,35,45,135.0,Graduate,Y,Pass
4647,Lima Hossain,15,FEMALE,Chittagong,6th,80.7,2.7,32,50,82,164.0,postgraduate,yes,P
3590,sadia akter,13,,Rajshahi,06,73.0,5.5,31,45,43,119.0,illiterate,0,Pass
2357,Riya Das,12,FEMALE,,Six,81.8,3.0,82,46,35,163.0,primary,Yes,pass
9697,Hasan Sarker,13,Other,Barishal,Seven,92.3,5.6,65,39,51,155.0,GRADUATE,YES,FAIL
8261,Ayesha Ahmed,16,Other,rangpur,Nine,88.2,4.2,67,48,51,166.0,primary,Yes,PASS
1623,Tamim Sarker,fifteen,,DHAKA,Seven,87.0,0.4,74,34,85,193.0,Graduate,yes,pass
6617,Momo Khan,14,Other,SYLHET,9th,77.5,1.6,72,37,92,201.0,unknown,1,FAIL
6868,Imran Hossain,15,O,Mymensign,Seven,84.4,3.3,31,31,47,109.0,Unknown,No,pass
9620,Rakib Chowdhury,18,,chittagong,06,95.6,0.4,66,88,39,193.0,PRIMARY,,FAIL
4335,Farhan Hossain,17,MALE,sylhet,Ten,94.5,3.6,32,30,60,122.0,graduate,Y,
4098,Farhan Khan,15,F,sylhet,7th,83.2,5.8,36,67,74,177.0,PRIMARY,No,
3015,Anik Akter,14,O,Mymensign,10th,84.0,2.9,51,65,87,203.0,N/A,0,
4811,Shila Khan,12,,Chittagong,06,96.5,2.6,91,66,70,227.0,Primary,0,PASS
9021,Sadia Talukder,12,F,sylhet,7th,94.5,2.8,59,80,32,171.0,Secondary,YES,pass
4939 ,Lima Islam,14,M,SYLHET,7th,68.5,3.3,94,44,79,217.0,primary,YES,P
6592,Sadia Hossain,15,MALE,Rajshahi ,9,71.7,3.5,68,63,34,165.0,illiterate,YES,pass
2069,Rahim Khan,16,MALE,chittagong,06,94.5,2.0,59,95,36,190.0,N/A,No,Fail
4390,Rupa Das,13,M,Khulna,9th,91.1,1.6,84,60,59,203.0,Higher Secondary,n/a,F
880,Ayesha Ahmed,12,F,KHULNA ,10th,88.7,2.1,35,37,80,152.0,primary,N,F
8654,Rakib Khan,16,male,Rajshahi ,7th,87.6,4.0,54,-35,94,113.0,unknown,yes,Pass
6910,Mitu Islam,18,M,sylhet,7th,104.9,0.7,42,86,32,160.0,unknown,,
9492,Kabir Ahmed,16,Female,SYLHET,Eight,88.6,4.0,65,39,76,180.0,primary,NO,
5906,Rakib Akter,17,Other,  Dhaka,8,79.2,1.8,47,53,,100.0,Illiterate,,fail
3798,Imran Chowdhury,16,Other,Rangpur,Seven,71.1,-0.3,,92,66,158.0,PRIMARY,NO,Pass
4960,Nusrat Chowdhury,16,FEMALE,  Dhaka,7,91.3,3.8,39,77,71,187.0,,n/a,FAIL
759,Anik Akter,15,other,CHATTOGRAM,Ten,89.3,3.6,98,71,82,251.0,Graduate,1,PASS
3122,Ayesha Sarker,16,MALE,barisal,7th,76.9,4.8,72,88,59,219.0,higher secondary,N,FAIL
6352,Priya Ahmed,14,Male,barisal,7,86.0,3.1,,52,67,119.0,Primary,,pass
2403,Imran Ahmed,11,female,sylhet,7,196.9,3.6,89,98,88,275.0,N/A,1,pass
7096,Imran Hossain,18,MALE,Sylhet,9th,102.3,3.8,51,71,62,184.0,illiterate,n/a,pass
2060,Arif Akter,,female,CHATTOGRAM,7th,78.1,2.3,49,56,37,142.0,secondary,1,Pass
9758,Riya Rahman,13,Female,Dhaka ,9,82.8,2.1,39,56,66,161.0,Illiterate,Y,FAIL
4479,Karim Das,12,male,rangpur,8,86.7,3.6,30,92,36,158.0,Post Graduate,NO,pass
9388 ,Arif Chowdhury,12,Female,Khulna,Nine,76.6,4.3,95,35,31,161.0,postgraduate,n/a,Fail
2578,Sohan Akter,14,O,Rangpur,Nine,87.7,1.5,47,85,52,184.0,,NO,Pass
1912,Zayed Chowdhury,216,F,rangpur,8th,83.0,3.1,77,133,96,306.0,PRIMARY,NO,FAIL
6742,Nusrat Khan,15,MALE,Khulna,Nine,89.2,4.9,51,94,89,234.0,Higher Secondary,Yes,F
8187,Tanvir Hossain,14,Female,khulna,10th,63.3,1.9,58,95,,153.0,Higher Secondary,Y,F
1021,Mim Talukder,17,FEMALE,SYLHET,Ten,,4.6,56,69,55,,N/A,No,FAIL
1074,Priya Chowdhury,17,M,rangpur,8th,91.5,1.8,44,77,50,171.0,Secondary,yes,FAIL
5850,Shila Khan,fifteen,,SYLHET,6th,78.1,,59,50,49,158.0,Graduate,YES,
STU-05256,Jannat Talukder,16,O,Rajshahi,9,89.5,1.8,95,77,89,261.0,,1,F
59,Fatema Talukder,15,female,SYLHET,10th,71.7,5.8,55,45,80,180.0,illiterate,NO,F
5423,Bristi Ahmed,18,M,Barishal,Ten,102.1,2.0,34,55,88,177.0,Primary,n/a,
9225,Priya Chowdhury,11,F,dhaka,6,94.3,1.9,46,59,33,138.0,N/A,yes,F
2295,Riya Das,11,other,rangpur,6th,80.2,5.4,73,46,88,207.0,N/A,yes,pass
8345,Jannat Das,fifteen,,khulna,Ten,74.9,3.2,41,78,47,166.0,Post Graduate,NO,Fail
8217,Jannat Ahmed,15,FEMALE,rangpur,9th,83.8,3.7,73,94,35,202.0,GRADUATE,Y,pass
5335,Anik Talukder,17,,rajshahi,Nine,84.0,3.2,30,60,51,141.0,secondary,no,Pass
8936,Imran Akter,11,,,7,96.9,3.0,82,75,73,230.0,primary,NO,FAIL
7297,Sadia Chowdhury,15,Male,Barisal,Seven,76.7,3.7,73,absent,69,142.0,primary,0,P
2399,Tanvir Das,15,MALE,Chattogram,7,77.5,4.3,38,52,40,130.0,N/A,N,Fail
7600,Hasan Ahmed,11,O,Ctg,7th,,2.4,88,-9,78,157.0,illiterate,n/a,fail
6790,Rakib Chowdhury,14,MALE,Chattogram,8,83.4,4.0,99,94,66,259.0,illiterate,Yes,F
7558,Nadia Khan,17,F,Mymensign,7,87.0,1.7,45,,32,77.0,Unknown,n/a,P
3134,Riya Akter,12,other,Dhaka,Seven,83.4,5.6,79,46,,125.0,Graduate,No,F
1069,Fatema Sarker,17,Other,Barisal,9,74.3,,58,55,31,,postgraduate,N,pass
2530,Rafi Hossain,17,male,Rajshahi ,Nine,83.7,3.3,98,,94,192.0,Unknown,1,P
1774,Karim Islam,11,Female,rangpur,7th,84.6,4.2,78,50,30,158.0,primary,N,Fail
1478,Kabir Ahmed,16,Female,SYLHET,9th,75.5,3.8,98,38,57,193.0,postgraduate,no,PASS
1514,Bristi Chowdhury,15,MALE,Mymensign,Nine,84.6,5.4,35,79,49,,Illiterate,yes,pass
6293,Rahim Talukder,15,male,Dacca,10th,72.7,3.0,97,43,38,178.0,N/A,N,fail
6708,Rahim Islam,13,other,rajshahi,Nine,88.6,2.1,42,81,285,408.0,illiterate,yes,fail
3286,Hasan Islam,18,other,Ctg,8th,73.8,2.3,31,65,99,195.0,Graduate,N,Pass
4452,Rafi Rahman,17,Other,Khulna,9,84.4,2.4,,98,37,135.0,higher secondary,,Pass
3069,Sohan Akter,11,Male,khulna,9th,91.1,-1.0,85,64,54,203.0,higher secondary,no,Pass
5361,Kabir Chowdhury,18,male,CHATTOGRAM,Seven,69.5,1.3,52,,82,,illiterate,yes,FAIL
5165,Shila Khan,-15,Female,Sylhet,9th,67.4,1.6,48,49,51,148.0,Higher Secondary,Yes,F
9497,Farhan Ahmed,18,Female,Rajshahi,6,73.3,1.4,79,37,30,146.0,higher secondary,Y,pass
6292,Sohan Hossain,18,other,rajshahi,Seven,72.5,1.6,85,51,85,221.0,secondary,,fail
8915,Arif Rahman,11,Other,Ctg,10,65.3,3.9,86,76,97,259.0,,YES,
9501,Arif Ahmed,14,Female,,9,69.6,3.6,54,33,81,168.0,illiterate,Yes,FAIL
4613,Lima Hossain,18,female,Khulna,06,95.3,0.7,82,93,64,239.0,Primary,n/a,
9689,Nadia Talukder,14,O,Rangpur,8th,231.5,3.8,-19,90,53,124.0,higher secondary,Y,Pass
3290,Shila Akter,15,O,DHAKA,8,81.1,1.5,38,42,52,132.0,higher secondary,Yes,
1800,Tamim Khan,16,Female,Rangpur,7th,94.0,2.9,43,53,88,184.0,Graduate,NO,FAIL
8966,Mim Chowdhury,15,,Chittagong,Eight,81.9,3.9,44,84,67,195.0,Graduate,No,FAIL
7879,Bristi Ahmed,18,,Ctg,7,101.5,5.3,31,53,96,180.0,Secondary,yes,FAIL
8762,Shila Rahman,18,male,rajshahi,7,99.0,2.5,44,68,67,179.0,,Yes,P
2010,Rupa Chowdhury,18,O,KHULNA ,9th,92.0,2.4,49,38,58,145.0,GRADUATE,No,F
2501,Bristi Sarker,11,other,SYLHET,Ten,87.9,3.6,42,83,42,167.0,higher secondary,N,Fail
9649,Rupa Sarker,12,other,rangpur,9th,82.6,3.9,58,73,97,228.0,secondary,0,Pass
STU-07243,Jannat Das,13,,Chattogram,10th,98.3,-1.1,88,51,38,177.0,Primary,no,F
2192,Bristi Islam,11,O,Barishal,8th,95.4,7.3,69,75,99,243.0,illiterate,YES,Fail
915,Imran Sarker,17,F,mymensingh,06,84.4,3.5,84,78,86,248.0,primary,YES,Fail
4289,Nadia Talukder,15,Male,rangpur,8,,5.1,37,84,71,192.0,Unknown,NO,P
3796,Lima Rahman,12,male,rajshahi,6,77.9,2.0,84,45,73,202.0,PRIMARY,n/a,F
3722,Rupa Ahmed,17,other,mymensingh,7,86.7,-3.0,,66,36,102.0,unknown,yes,pass
1337,Rupa Rahman,16,Other,Mymensign,9,97.2,3.2,82,89,75,246.0,GRADUATE,0,fail
7561,Hasan Ahmed,17,Other,Mymensingh,Eight,93.3,2.1,31,37,92,160.0,graduate,Yes,
4086,Lima Sarker,14,Other,Mymensingh,8,76.6,22.0,72,69,73,214.0,Post Graduate,YES,fail
5135,Karim Sarker,17,male,Dacca,6th,82.8,1.9,84,67,62,213.0,graduate,,fail
6275,Tamim Ahmed,17,male,rangpur,9,74.5,2.9,83,65,73,221.0,illiterate,No,P
6056,Bristi Das,18,female,Chittagong,7th,,1.2,38,84,93,215.0,postgraduate,YES,FAIL
7092,Rupa Khan,15,MALE,DHAKA,7th,90.9,2.7,79,35,97,211.0,illiterate,yes,fail
7201,Mitu Das,14,F,rangpur,9,85.2,6.5,32,55,70,157.0,primary,N,
8212,Arif Das,14,female,KHULNA ,9th,86.0,2.8,66,absent,30,99.0,higher secondary,0,F
5314,Sohan Hossain,12,Other,Mymensign,8th,83.7,2.4,,77,75,,PRIMARY,YES,fail
2682,Arif Khan,11,MALE,mymensingh,10,62.2,3.7,68,37,54,159.0,higher secondary,Yes,
5615 ,Nadia Chowdhury,14,other,KHULNA ,Nine,72.4,3.0,51,69,91,211.0,Illiterate,yes,PASS
2506,Imran Talukder,165,Other,Sylhet,Nine,85.1,2.4,44,73,38,155.0,higher secondary,Yes,FAIL
1304,Rafi Rahman,15,other,mymensingh,6,96.8,3.6,71,41,94,206.0,graduate,Y,pass
4723,Shila Khan,18,O,Mymensign,9th,78.0,2.3,60,49,39,,Higher Secondary,1,P
3806,Kabir Ahmed,15,MALE,Barisal,8th,79.8,4.9,91,98,92,281.0,postgraduate,N,Fail
1174,Sadia Rahman,15,FEMALE,Ctg,7,100.8,2.4,86,98,51,235.0,Graduate,NO,pass
1433,Lima Sarker,15,O,Barishal,Ten,83.8,4.4,49,79,65,193.0,postgraduate,YES,FAIL
1100,Arif Sarker,15,Other,mymensingh,9th,87.5,2.2,42,94,49,185.0,Secondary,YES,PASS
9511,Ayesha Das,12,male,Ctg,7,75.6,3.2,79,-45,76,110.0,Primary,1,pass
1909,Sadia Hossain,14,M,rajshahi,Nine,92.4,4.6,36,43,75,154.0,secondary,YES,F
7108,Tamim Sarker,11,MALE,,Seven,90.0,4.7,54,52,59,165.0,higher secondary,1,Pass
3023 ,Momo Hossain,12,other,rajshahi,Nine,76.3,2.8,39,75,48,162.0,GRADUATE,yes,P
9377,Tanvir Hossain,16,male,rangpur,10,84.7,4.9,49,37,59,145.0,unknown,No,PASS
9277,Nadia Sarker,243,other,Sylhet,10,-8.4,4.4,,81,40,121.0,graduate,Yes,FAIL
9782,Shila Das,14,other,Mymensingh,06,67.3,2.0,65,40,267,372.0,Post Graduate,0,PASS
1406,Anik Islam,15,female,Dacca,9,84.6,2.8,59,74,90,223.0,Higher Secondary,0,P
6007,Sadia Talukder,16,Other,Mymensingh,10th,88.1,1.4,58,35,87,180.0,PRIMARY,Y,Fail
6295,Priya Hossain,14,F,Barisal,10th,94.7,2.7,46,94,83,223.0,Primary,no,
9420,Zayed Sarker,11,F,Mymensign,10,66.3,2.9,56,64,91,211.0,illiterate,YES,Pass
8592,Rakib Ahmed,15,FEMALE,SYLHET,9,82.4,3.8,72,93,36,201.0,unknown,No,Fail
4518,Rafi Akter,13,other,Rajshahi ,10,97.1,27.9,76,50,61,187.0,secondary,Yes,P
2814,Sohan Sarker,17,Female,mymensingh,8th,103.2,3.0,72,46,53,171.0,illiterate,0,fail
310,Rupa Chowdhury,-17,male,Ctg,7,78.6,,74,98,61,233.0,postgraduate,YES,
5509,Nadia Talukder,15,Other,DHAKA,Nine,89.8,3.0,89,90,55,234.0,N/A,No,FAIL
4091,Farhan Khan,13,male,rangpur,7th,90.9,,58,76,92,226.0,PRIMARY,n/a,P
776,Tanvir Talukder,fifteen,other,mymensingh,6,88.1,4.2,69,67,83,219.0,illiterate,N,F
4581,Fatema Hossain,15,,Dhaka ,9,100.7,2.7,59,83,87,229.0,Higher Secondary,YES,P
5671,Shila Islam,17,female,Ctg,8,87.0,3.0,65,42,85,192.0,Secondary,n/a,Fail
368,Imran Ahmed,16,female,Rangpur,6,74.4,3.6,88,56,-25,119.0,postgraduate,Y,pass
STU-00571,Zayed Hossain,16,male,rangpur,9,82.6,5.1,48,95,70,213.0,illiterate,Yes,fail
4100,Imran Talukder,16,M,Mymensign,10,81.3,6.2,84,38,98,220.0,Post Graduate,Y,F
4746,Ayesha Rahman,16,M,barisal,8th,107.4,2.8,86,72,81,239.0,secondary,YES,P
9634,Momo Islam,13,female,sylhet,8,69.0,4.0,36,51,69,156.0,Graduate,NO,
7612,Farhan Das,11,MALE,Dhaka ,8,72.4,21.2,69,47,78,194.0,higher secondary,No,FAIL
4538,Rahim Das,13,O,Barisal,06,86.7,2.4,45,54,86,185.0,N/A,,F
1594,Bristi Talukder,16,other,mymensingh,10,81.0,2.2,60,89,66,215.0,PRIMARY,Yes,fail
2264,Kabir Khan,-5,male,chittagong,Nine,93.8,6.1,98,73,67,238.0,Primary,No,fail
9734,Kabir Hossain,11,female,barisal,7th,85.6,4.4,99,52,57,208.0,Unknown,1,fail
8914,Tanvir Talukder,240,Male,mymensingh,8th,79.4,3.6,80,56,38,174.0,,,P
1542,Anik Hossain,11,Other,Sylhet,9,94.8,5.6,-22,78,97,153.0,Primary,Yes,pass
9753,Sohan Rahman,13,Male,KHULNA ,06,100.0,2.1,75,85,55,215.0,unknown,No,
8679,Nusrat Rahman,15,MALE,KHULNA ,10,90.9,0.4,55,53,87,195.0,PRIMARY,,fail
9798,Zayed Akter,16,Other,SYLHET,10,-28.8,3.4,,81,66,147.0,higher secondary,NO,
9589,Rafi Ahmed,15,Male,DHAKA,8th,95.1,4.7,93,43,54,190.0,PRIMARY,N,PASS
4645,Fatema Hossain,16,Female,rangpur,8,88.2,3.3,60,32,44,136.0,N/A,1,
9471,Riya Akter,17,MALE,barisal,Eight,99.6,3.8,31,78,77,186.0,GRADUATE,YES,fail
5366,Shila Sarker,17,M,Rajshahi ,Seven,73.4,2.6,95,73,57,225.0,Primary,Yes,fail
1841,Mitu Hossain,17,Other,Barisal,8th,84.4,3.1,72,36,92,200.0,Illiterate,n/a,
8311,Shila Ahmed,12,,  Dhaka,10,82.9,2.7,82,64,50,196.0,higher secondary,YES,Fail
6128,Zayed Khan,11,O,rangpur,Nine,82.3,2.2,44,78,37,159.0,PRIMARY,No,P
5042,Anik Das,14,M,mymensingh,9,76.2,3.7,87,33,79,199.0,Graduate,no,fail
5786,Imran Rahman,17,,DHAKA,7th,86.7,3.0,65,95,40,200.0,illiterate,YES,FAIL
9643,Rahim Ahmed,16,male,Barishal,8th,85.0,3.1,34,39,54,127.0,Primary,NO,pass
73,Fatema Ahmed,15,O,Rajshahi ,9,87.0,1.8,81,82,52,215.0,PRIMARY,N,
7071,rupa chowdhury,13,F,Sylhet,8th,91.1,3.2,78,91,68,237.0,Primary,,Fail
4830 ,Arif Sarker,14,Female,Chattogram,Eight,74.6,1.8,43,31,33,107.0,illiterate,NO,Pass
8919,Priya Talukder,14,O,Barisal,Seven,81.7,3.6,65,30,32,127.0,Primary,NO,PASS
5091,Hasan Chowdhury,14,F,  Dhaka,Seven,91.3,1.4,35,290,,325.0,primary,N,pass
4859 ,Jannat Khan,13,F,Khulna,10th,86.1,1.7,38,75,85,198.0,primary,NO,pass
7864,Fatema Das,12,FEMALE,sylhet,8th,77.3,2.3,52,94,174,320.0,N/A,0,P
6234,Anik Ahmed,12,Male,rangpur,10th,87.0,3.0,84,42,49,175.0,Post Graduate,no,PASS
2836,Anik Akter,11,female,khulna,6th,92.0,3.7,86,75,77,238.0,Illiterate,,FAIL
4270,Sohan Khan,13,MALE,khulna,8,99.1,3.6,73,88,,161.0,unknown,n/a,pass
6162,Tamim Das,12,male,CHATTOGRAM,6th,83.0,2.0,59,97,73,229.0,illiterate,Yes,pass
6953,Riya Talukder,15,M,khulna,7,88.6,2.3,48,66,90,204.0,Post Graduate,no,Fail
5831,Shila Rahman,17,MALE,rajshahi,10th,75.1,3.4,72,38,69,179.0,postgraduate,YES,P
9477,Lima Chowdhury,18,M,SYLHET,Nine,93.7,2.1,64,91,75,,primary,NO,pass
3737,Rafi Ahmed,14,O,DHAKA,Six,82.7,4.2,81,63,91,235.0,Unknown,NO,pass
8971,Rafi Khan,18,female,Sylhet,Seven,85.5,2.7,50,95,,145.0,Post Graduate,,PASS
6949,Ayesha Khan,18,,SYLHET,Seven,81.5,3.2,45,44,87,176.0,Primary,YES,fail
2512,Zayed Rahman,18,male,dhaka,6th,75.7,1.5,36,79,75,190.0,Unknown,No,
7055,Imran Chowdhury,17,Male,khulna,Eight,97.3,4.7,44,90,35,169.0,Primary,Yes,fail
7284,Mitu Rahman,15,other,KHULNA ,Six,94.0,3.2,41,91,32,164.0,unknown,no,F
7272,Karim Ahmed,12,male,rajshahi,06,87.9,3.6,90,62,98,250.0,illiterate,0,F
STU-01781,Imran Sarker,15,M,SYLHET,Seven,80.1,0.8,61,50,47,158.0,illiterate,NO,Fail
6448,Fatema Chowdhury,17,Male,Sylhet,Ten,96.0,2.4,66,41,94,201.0,Secondary,Yes,PASS
1776,Karim Rahman,15,Male,Sylhet,8,80.5,3.3,60,35,40,127.0,Graduate,YES,P
1535,Ayesha Khan,16,Female,,9,84.4,3.4,35,92,67,194.0,Illiterate,N,F
4935,Jannat Das,13,Male,  Dhaka,8th,85.9,5.1,70,83,70,223.0,postgraduate,yes,F
3106,Shila Khan,16,other,DHAKA,7th,96.1,1.6,42,74,-41,75.0,PRIMARY,NO,
3766,Bristi Sarker,11,Male,Mymensingh,9th,79.9,5.3,67,76,64,207.0,N/A,Y,PASS
3335,Sohan Akter,11,M,rangpur,10,93.8,3.7,46,33,90,169.0,PRIMARY,YES,PASS
3597,Rupa Hossain,11,MALE,  Dhaka,8,85.3,2.4,76,67,68,211.0,Graduate,Yes,fail
4961,Sabbir Islam,12,Male,  Dhaka,7th,85.0,2.6,69,91,35,195.0,N/A,n/a,PASS
3331,Anik Hossain,18,,rajshahi,7th,71.1,3.5,58,59,32,149.0,Primary,no,F
8077,Rahim Chowdhury,16,FEMALE,CHATTOGRAM,10th,102.7,1.3,39,40,32,111.0,Secondary,0,
8604,Anik Sarker,16,F,Khulna,9th,81.0,2.7,88,36,78,202.0,N/A,0,Fail
4913,Tamim Islam,12,Other,Khulna,7th,64.4,-4.8,89,48,53,190.0,Unknown,Yes,PASS
7773,Lima Chowdhury,18,FEMALE,sylhet,6,86.5,4.5,90,49,37,176.0,unknown,yes,fail
6000,Mim Rahman,13,MALE,sylhet,Six,77.6,3.5,95,94,-40,error,Secondary,n/a,FAIL
4395,Rupa Talukder,13,Male,DHAKA,Six,85.8,1.5,74,32,46,152.0,illiterate,0,fail
4468,Anik Chowdhury,12,male,Chittagong,9th,,2.6,37,86,57,180.0,N/A,Y,P
STU-05996,Rakib Khan,17,Other,Rajshahi,7,75.4,1.6,49,76,53,178.0,Unknown,yes,P
5390,Shila Islam,14,male,rangpur,7th,103.1,3.4,34,73,94,201.0,illiterate,,pass
4363,Shila Sarker,18,MALE,Dhaka ,9,83.9,1.0,57,38,74,169.0,secondary,Y,
3963,Jannat Ahmed,12,MALE,Dacca,Nine,71.5,2.3,98,92,76,266.0,Post Graduate,,F
4257,Nusrat Akter,17,Other,Dhaka,9,81.7,2.4,62,86,81,229.0,Higher Secondary,No,P
1785,Anik Khan,18,M,sylhet,8,102.5,4.1,69,54,54,177.0,secondary,no,P
9034,Momo Chowdhury,12,O,Mymensingh,7,87.0,4.1,86,72,57,215.0,postgraduate,N,Fail
7206,Imran Ahmed,11,Male,Chittagong,Eight,81.0,1.8,71,58,50,error,secondary,Y,PASS
1030,Arif Hossain,17,M,DHAKA,Nine,N/A,2.7,84,38,81,203.0,Higher Secondary,0,
520,Nadia Das,17,other,Dacca,9th,97.1,3.4,80,41,82,203.0,Unknown,n/a,FAIL
9305,Bristi Das,16,Other,Rajshahi ,7th,109.0,6.8,49,59,47,,Higher Secondary,n/a,
2447,Sohan Talukder,11,Other,Chittagong,7,74.9,2.7,47,45,31,123.0,secondary,N,F
7211,Tamim Das,17,male,sylhet,7,96.3,3.6,60,absent,62,122.0,Secondary,yes,
5320,Hasan Das,17,other,Barishal,6,82.9,2.4,77,95,52,224.0,primary,Y,Fail
1915,Mim Chowdhury,11,male,sylhet,8th,73.8,-0.2,35,94,63,192.0,primary,,FAIL
8624,Rakib Das,14,female,sylhet,Nine,87.0,1.8,59,89,39,187.0,PRIMARY,Y,
239,Tanvir Sarker,12,,Rajshahi,Nine,102.2,5.3,65,74,52,191.0,postgraduate,0,Pass
7556,Riya Talukder,16,O,Sylhet,9th,78.9,3.3,81,93,32,206.0,,yes,pass
1610,Bristi Rahman,13,male,rangpur,Seven,73.7,3.1,34,89,99,222.0,Higher Secondary,yes,P
8291,Mim Sarker,13,F,mymensingh,8th,80.6,3.5,61,64,35,160.0,Secondary,no,P
7020,Ayesha Talukder,12,Other,Barisal,9,76.0,4.0,43,78,66,187.0,graduate,YES,Pass
9059,Sohan Sarker,17,Female,rangpur,8,95.1,3.3,74,53,84,211.0,Primary,0,FAIL
396,Fatema Rahman,14,male,khulna,Ten,93.1,3.3,94,86,69,249.0,Post Graduate,,F
4191,Sadia Rahman,18,M,khulna,10th,83.7,4.3,99,61,72,232.0,PRIMARY,1,fail
8065,Zayed Akter,14,F,Barisal,10,73.5,-1.3,66,54,91,211.0,Graduate,NO,FAIL
5936,Arif Akter,13,F,rangpur,Ten,103.6,2.7,42,79,82,,higher secondary,N,FAIL
5882,Arif Das,11,MALE,sylhet,7th,85.1,2.8,87,95,82,264.0,Primary,0,Pass
1984,Farhan Khan,17,female,Barisal,8th,66.3,2.5,54,34,97,185.0,Post Graduate,YES,Fail
1937,Rahim Sarker,14,Male,barisal,10,74.4,3.9,83,77,59,219.0,illiterate,N,Fail
3365,Mim Talukder,16,male,mymensingh,7th,91.0,1.3,66,67,44,177.0,N/A,YES,Fail
9037,Mitu Hossain,15,Other,Sylhet,Nine,86.9,,80,94,54,228.0,,Yes,
2619,Fatema Khan,11,Female,Mymensign,8,92.6,1.8,54,57,-49,62.0,graduate,Yes,Pass
6649,Tanvir Hossain,17,MALE,CHATTOGRAM,9,110.2,0.3,32,66,47,145.0,primary,0,PASS
1034,Lima Akter,15,M,,8,80.5,3.0,77,53,51,181.0,Primary,n/a,P
4181,Rafi Khan,13,female,dhaka,8th,93.6,4.0,69,59,54,182.0,postgraduate,0,F
7687,Rupa Akter,13,,Mymensign,10,86.5,2.0,75,54,66,195.0,GRADUATE,no,Pass
8664,Anik Ahmed,18,MALE,SYLHET,10th,82.9,-3.7,78,84,51,213.0,secondary,n/a,fail
4389,Mitu Khan,18,Female,Khulna,6,85.7,1.7,90,52,35,177.0,,0,F
5049,Sadia Ahmed,13,male,SYLHET,Six,96.9,,54,65,89,208.0,Higher Secondary,no,fail
605,Sadia Rahman,17,Female,rangpur,Nine,89.1,3.7,231,57,85,373.0,PRIMARY,Yes,FAIL
8514,Bristi Sarker,11,other,KHULNA ,Eight,92.3,2.7,32,69,33,134.0,primary,,PASS
4978,Riya Ahmed,18,Other,Sylhet,Seven,86.5,,52,72,97,221.0,,N,FAIL
3269,Farhan Islam,12,male,Khulna,9,86.7,3.8,57,47,84,188.0,secondary,n/a,FAIL
2805,Anik Islam,16,male,Khulna,9,72.3,1.4,76,60,47,183.0,graduate,no,
1432,Priya Hossain,13,M,Barishal,9,94.0,0.4,40,90,71,201.0,Higher Secondary,0,F
7998,Hasan Ahmed,14,other,Mymensign,10,86.2,2.8,43,38,72,153.0,Primary,No,fail
2710,Lima Rahman,17,other,Dhaka ,Nine,87.9,5.0,76,56,80,212.0,higher secondary,N,fail
3651 ,Rahim Ahmed,18,Female,Rangpur,9th,78.5,2.3,77,34,90,201.0,PRIMARY,No,PASS
7384,Rafi Chowdhury,18,female,rangpur,10,N/A,,46,69,30,145.0,Primary,0,fail
9461,Ayesha Ahmed,17,M,Sylhet,7,75.2,1.7,67,57,50,174.0,Post Graduate,n/a,
4903,Sabbir Hossain,14,O,Rajshahi ,9,81.0,4.6,43,30,76,149.0,secondary,1,fail
4209,Nadia Rahman,17,other,khulna,9th,86.8,3.0,92,81,39,212.0,Illiterate,,P
2366,Tamim Hossain,14,M,DHAKA,Nine,106.7,2.8,76,61,59,196.0,N/A,yes,FAIL
1322 ,Mim Ahmed,16,Other,mymensingh,10,75.6,2.2,61,67,51,179.0,unknown,1,P
6168,Sabbir Rahman,15,Male,Mymensingh,7,70.5,3.8,37,43,53,133.0,primary,N,F
2577,Kabir Talukder,18,female,mymensingh,6,95.6,3.3,47,97,77,221.0,Primary,N,P
STU-05044,Jannat Chowdhury,17,FEMALE,Rangpur,Seven,84.4,3.0,77,78,30,185.0,primary,N,
9263 ,Ayesha Akter,14,female,sylhet,8th,90.0,3.2,43,96,79,218.0,Unknown,1,P
5684,Rakib Rahman,14,Female,Rajshahi ,8,68.8,2.4,42,87,78,207.0,Higher Secondary,1,P
6915,Jannat Islam,11,male,Khulna,9,96.3,1.9,55,33,87,175.0,secondary,no,P
5274,Riya Islam,12,Male,SYLHET,Eight,90.1,1.9,80,70,96,246.0,unknown,N,F
2642,Lima Rahman,11,M,KHULNA ,8,79.2,2.0,33,49,57,139.0,Illiterate,N,P
9832,Bristi Akter,17,Other,Barisal,06,80.5,5.2,92,50,86,228.0,Illiterate,No,
6689,Kabir Talukder,11,,Rajshahi,10,86.1,4.5,78,90,89,257.0,higher secondary,YES,Fail
8766,Tanvir Sarker,15,MALE,Rajshahi ,Eight,92.6,1.8,83,41,64,188.0,graduate,n/a,pass
4727,Nusrat Islam,12,Other,DHAKA,Nine,73.2,2.2,81,72,96,249.0,unknown,1,Fail
3755,Momo Talukder,12,F,Ctg,6,87.6,3.9,85,66,78,229.0,,no,pass
5667,priya islam,13,FEMALE,  Dhaka,10th,95.6,4.4,69,46,,115.0,primary,yes,Fail
7357,Karim Rahman,13,M,rajshahi,7,93.9,3.9,43,48,55,146.0,Unknown,n/a,
8727,Riya Ahmed,11,Female,Dacca,7,73.9,2.2,33,77,absent,110.0,primary,0,Pass
8525,Tanvir Das,13,F,rajshahi,9,72.6,3.0,85,72,82,239.0,Unknown,NO,Pass
3433,Kabir Talukder,18,other,Rajshahi ,Eight,74.1,5.7,90,40,95,236.0,Graduate,N,PASS
7688,Karim Das,17,Female,Rangpur,10th,95.7,4.9,81,32,57,170.0,Graduate,n/a,P
9434,Karim Chowdhury,14,other,,6,88.1,3.0,63,45,43,151.0,primary,,F
2684,Tamim Ahmed,16,Other,sylhet,7th,84.8,3.5,42,88,96,226.0,secondary,Yes,Pass
3381,Nusrat Hossain,17,F,barisal,7th,75.0,1.2,60,83,84,227.0,GRADUATE,NO,FAIL
5711,Sohan Ahmed,12,female,chittagong,7th,85.9,4.5,45,43,68,error,Post Graduate,YES,Pass
7326,Momo Talukder,15,Other,Chattogram,06,,4.1,57,59,74,190.0,primary,Yes,fail
STU-04319,Lima Hossain,12,FEMALE,Mymensign,7th,78.1,,77,37,35,149.0,higher secondary,no,FAIL
4074,Nusrat Khan,,Female,Chittagong,10,81.5,1.4,43,44,35,122.0,,,PASS
9195,Priya Sarker,16,female,Chattogram,10th,87.1,5.1,55,72,90,217.0,graduate,,F
6253,Rafi Islam,14,other,Ctg,Eight,81.5,1.9,81,68,41,190.0,Higher Secondary,Yes,PASS
STU-08804,Kabir Chowdhury,12,FEMALE,rangpur,7,97.4,3.3,39,69,81,189.0,unknown,YES,Fail
7091,Rafi Akter,15,MALE,dhaka,10th,71.3,4.5,54,92,57,203.0,Post Graduate,No,PASS
3933,Rakib Ahmed,18,male,sylhet,Ten,82.0,1.8,-21,83,83,145.0,illiterate,,pass
1743,Nusrat Rahman,11,other,Mymensign,9,71.6,4.6,61,56,81,198.0,higher secondary,n/a,
8726,Tanvir Islam,17,male,chittagong,Nine,90.8,7.0,32,54,63,149.0,Post Graduate,N,fail
203,Jannat Khan,12,other,KHULNA ,8,79.6,4.0,68,60,31,159.0,Secondary,Yes,P
7457,Priya Khan,17,male,Sylhet,Eight,108.6,1.0,64,78,96,238.0,Secondary,n/a,pass
1878,Sabbir Sarker,14,Male,Sylhet,10th,80.9,2.5,86,48,70,204.0,unknown,NO,PASS
8707,Farhan Das,11,F,Rajshahi,Ten,81.7,4.9,60,42,88,190.0,PRIMARY,NO,pass
6186,Momo Das,14,Male,Khulna,7,72.3,3.9,42,61,63,166.0,Higher Secondary,Yes,FAIL
9432,Hasan Talukder,13,O,  Dhaka,Ten,79.8,2.3,41,93,50,184.0,postgraduate,N,Pass
6259,Tamim Talukder,14,Female,rajshahi,9,85.5,4.1,94,89,96,279.0,Unknown,YES,fail
8916,Nadia Chowdhury,13,Other,mymensingh,9th,80.4,4.3,76,44,,120.0,higher secondary,N,pass
1924,Imran Ahmed,16,M,Mymensign,7,96.1,4.3,91,77,33,201.0,Secondary,,Fail
9266,Jannat Sarker,18,F,  Dhaka,Six,77.7,1.7,34,47,47,128.0,Secondary,Yes,Pass
2842,Sohan Sarker,15,FEMALE,Rajshahi,10th,83.7,1.0,53,67,86,206.0,secondary,yes,F
4384,Rupa Akter,17,O,Barisal,Nine,80.0,1.6,58,63,36,157.0,PRIMARY,yes,Pass
8327,Rupa Das,14,Other,barisal,8th,74.8,4.2,84,85,33,202.0,graduate,no,
1925 ,Arif Khan,15,Female,CHATTOGRAM,9,73.2,3.7,76,34,79,189.0,secondary,,fail
8853,Shila Hossain,17,O,rangpur,10th,161.2,3.4,94,63,90,247.0,Illiterate,Y,Fail
4210,Tanvir Das,16,other,mymensingh,9,93.4,28.1,77,45,75,197.0,graduate,0,FAIL
6466,Rupa Chowdhury,12,Female,Mymensingh,7th,83.9,1.1,50,97,93,240.0,postgraduate,NO,
9346,Priya Rahman,18,Male,dhaka,7,84.1,5.4,86,74,94,254.0,,no,F
28,Ayesha Das,14,female,KHULNA ,Six,84.5,3.3,,88,99,187.0,Illiterate,n/a,P
8047,Riya Ahmed,14,Male,Barisal,6,98.0,0.6,70,77,57,204.0,secondary,,Pass
8508,Fatema Ahmed,17,M,Rajshahi,06,74.9,4.1,41,82,73,196.0,,yes,Fail
5206,Karim Rahman,,FEMALE,mymensingh,7,78.3,1.9,67,42,78,187.0,postgraduate,n/a,Pass
7913,Mitu Talukder,14,Female,Rajshahi ,9,93.8,2.7,94,55,76,225.0,Primary,n/a,P
7276,Bristi Akter,11,F,Sylhet,8th,88.9,2.7,72,82,56,210.0,postgraduate,NO,pass
3569,Hasan Sarker,15,other,Chittagong,10,95.6,1.3,41,70,85,196.0,PRIMARY,,PASS
7255,Sadia Talukder,14,,Mymensign,9,90.0,2.7,92,65,45,202.0,primary,yes,PASS
5321,Shila Talukder,15,Male,sylhet,Eight,58.9,1.0,97,72,41,210.0,Higher Secondary,Yes,Pass
7897,Hasan Akter,18,Female,Mymensingh,Ten,90.8,1.9,96,86,48,230.0,illiterate,no,fail
3432,Ayesha Akter,13,MALE,Khulna,7,82.8,2.2,57,85,66,208.0,Illiterate,N,fail
7878,Rakib Akter,18,Female,Sylhet,9,100.3,3.9,35,93,75,203.0,Unknown,1,
8251,Farhan Islam,15,MALE,Sylhet,06,89.9,3.3,31,55,98,184.0,Post Graduate,YES,P
6493,Anik Hossain,15,Male,Mymensign,Seven,78.5,3.2,44,89,83,216.0,secondary,Y,Pass
2177,Shila Hossain,,F,Chittagong,10,154.9,-0.6,51,99,90,240.0,graduate,Yes,
4622,Sabbir Islam,11,F,,9,79.3,3.2,74,36,94,204.0,Secondary,YES,F
2522,Bristi Chowdhury,18,F,Mymensingh,6,68.9,5.5,85,-15,97,167.0,Post Graduate,,
5570,Rafi Khan,12,F,Barishal,Eight,71.3,7.0,70,98,59,227.0,PRIMARY,1,Fail
9626,Nusrat Khan,14,,KHULNA ,9,80.4,2.2,84,79,58,221.0,unknown,0,FAIL
3880,Bristi Das,13,female,rajshahi,6th,90.8,4.5,87,30,72,207.0,Graduate,N,
4603,Rahim Khan,14,F,Mymensingh,8th,95.3,4.4,37,89,94,220.0,Higher Secondary,YES,Fail
3552 ,Jannat Hossain,12,Male,barisal,6th,93.0,4.6,90,72,73,235.0,Higher Secondary,N,F
4978,Riya Ahmed,18,Other,Sylhet,Seven,86.5,,52,72,97,221.0,,N,FAIL
9677,Rakib Akter,12,Other,Rajshahi ,8th,87.5,2.0,96,261,58,415.0,graduate,NO,FAIL
1224,Rupa Akter,16,M,rajshahi,10th,92.6,,41,91,47,179.0,secondary,Yes,PASS
2445,Mim Khan,11,F,Barisal,7,101.1,3.7,42,38,92,172.0,postgraduate,,pass
STU-07605,Sohan Islam,13,M,Rangpur,8,88.9,2.3,50,69,90,209.0,Graduate,no,Pass
2564,Priya Akter,,O,,8th,89.0,5.4,91,72,61,224.0,Graduate,0,P
3313,Momo Akter,18,FEMALE,Sylhet,7th,90.0,3.7,60,41,86,187.0,Higher Secondary,no,P
8232,Imran Chowdhury,18,Other,Rajshahi,6th,78.2,3.6,65,98,34,197.0,Illiterate,1,Fail
5792,Tamim Khan,15,M,sylhet,6th,74.9,2.5,56,36,94,186.0,Primary,Y,
9407,Tanvir Islam,11,FEMALE,Chattogram,10th,89.0,2.7,55,79,56,190.0,illiterate,no,Fail
7036,Anik Ahmed,15,Female,Chittagong,Eight,,3.4,42,82,68,,PRIMARY,Y,pass
3068,Farhan Akter,15,male,Sylhet,9,92.2,3.3,35,49,69,153.0,Secondary,Yes,fail
1627,Mitu Rahman,14,F,Barishal,8th,,3.8,63,92,77,232.0,graduate,YES,FAIL
1265,Riya Rahman,16,other,Rangpur,10,85.8,3.9,41,98,35,174.0,primary,NO,P
3970,Arif Islam,13,other,  Dhaka,7,87.0,2.4,41,69,77,187.0,Unknown,Yes,FAIL
1965,Momo Akter,13,Male,Khulna,9,84.9,2.6,89,70,94,253.0,Primary,yes,Fail
8282,Mitu Islam,14,,Sylhet,Seven,73.4,2.5,99,60,38,197.0,illiterate,N,
878,Ayesha Akter,16,Other,barisal,Nine,84.2,5.1,absent,71,42,113.0,unknown,no,fail
9309,Mim Talukder,17,other,sylhet,Six,74.9,-0.0,93,94,57,244.0,Unknown,NO,Pass
9825,Tanvir Akter,17,Other,Sylhet,Six,,3.9,67,65,61,193.0,Secondary,1,Pass
5736,Mim Sarker,12,,sylhet,8th,,3.6,91,38,75,204.0,Primary,0,F
3479,Priya Ahmed,fifteen,F,rajshahi,10th,81.5,3.3,79,30,48,157.0,Illiterate,N,
4110,Jannat Akter,14,MALE,sylhet,10th,98.2,2.7,33,63,61,157.0,,No,P
482,Ayesha Khan,15,F,Mymensign,10,91.5,3.3,91,75,42,208.0,graduate,1,pass
9455,Hasan Chowdhury,12,M,Chittagong,Eight,81.0,5.7,35,39,58,132.0,Post Graduate,1,P
9162,Momo Talukder,13,MALE,SYLHET,9th,79.1,1.2,91,36,73,200.0,graduate,,Fail
7890,Nusrat Islam,,M,Sylhet,8,86.3,4.6,282,50,88,420.0,Illiterate,Yes,PASS
7314,Jannat Ahmed,12,,Rajshahi,Nine,86.7,2.0,47,31,54,132.0,unknown,Yes,
9106,Zayed Chowdhury,13,male,Rangpur,Ten,75.7,-2.9,99,68,45,212.0,Secondary,no,Pass
6521,Lima Khan,11,,Khulna,Seven,70.3,2.3,58,85,35,178.0,postgraduate,NO,
2553,Rupa Khan,12,female,Rajshahi ,7,90.8,3.7,45,57,33,135.0,illiterate,NO,Pass
8520,Bristi Hossain,14,M,Mymensign,Nine,79.6,3.0,43,91,36,170.0,PRIMARY,YES,PASS
9579,Priya Ahmed,13,Other,,10,76.2,2.1,56,76,75,207.0,Illiterate,,Pass
4954,Sabbir Islam,13,M,barisal,7th,101.1,4.2,,60,33,93.0,Secondary,Yes,fail
6648,Farhan Islam,16,Female,Dacca,10,81.7,4.2,absent,69,82,151.0,Secondary,yes,fail
3130,Tanvir Das,13,FEMALE,Dhaka,10th,97.1,2.5,74,51,97,222.0,N/A,yes,PASS
4143,Farhan Rahman,13,Other,DHAKA,Nine,85.3,5.9,53,80,50,183.0,postgraduate,YES,
2919,Tamim Hossain,11,F,mymensingh,06,94.1,1.0,37,61,59,157.0,GRADUATE,YES,FAIL
3872,hasan das,12,FEMALE,khulna,Ten,83.8,1.5,36,54,52,142.0,,1,fail
4042,Hasan Chowdhury,14,other,mymensingh,Seven,98.3,1.3,41,38,96,175.0,graduate,N,pass
STU-02315,Anik Hossain,15,FEMALE,SYLHET,9,98.5,2.3,50,44,96,190.0,higher secondary,n/a,Pass
STU-09750,Nusrat Talukder,13,Other,SYLHET,7,83.4,23.6,61,68,120,244.0,N/A,,P
STU-06482,Rupa Das,14,Other,chittagong,10,83.7,0.4,46,49,71,166.0,graduate,yes,FAIL
4996,Rakib Akter,18,M,KHULNA ,Nine,76.6,0.9,90,42,85,error,PRIMARY,No,pass
5119,Riya Islam,13,,Rangpur,7th,92.3,,74,40,68,182.0,postgraduate,YES,fail
4329,Bristi Talukder,18,other,  Dhaka,8th,56.2,1.9,78,92,64,234.0,higher secondary,No,PASS
942,Priya Rahman,14,,Ctg,7,62.4,1.6,80,64,34,178.0,postgraduate,n/a,FAIL
9644,Nusrat Talukder,11,M,Rajshahi ,8,85.7,4.8,89,62,38,189.0,Primary,Yes,PASS
9714,Lima Akter,17,Female,Khulna,9th,73.2,1.4,76,39,70,185.0,Primary,,Pass
1405,Bristi Rahman,11,male,Barisal,8th,78.3,2.2,54,47,52,153.0,primary,Y,pass
6926,Kabir Chowdhury,18,M,Rajshahi,7th,-24.7,2.6,91,48,64,203.0,Primary,,FAIL
3238,Kabir Chowdhury,17,other,Chattogram,6th,78.6,3.0,39,66,,105.0,Graduate,n/a,FAIL
7398,Hasan Sarker,14,FEMALE,rangpur,8th,89.4,2.2,38,34,56,128.0,higher secondary,NO,fail
9253,Nadia Islam,13,MALE,Mymensingh,10th,95.3,3.9,85,83,66,234.0,primary,Yes,pass
9053,Hasan Islam,,Male,rangpur,10th,84.4,2.5,41,89,83,213.0,Primary,No,Pass
8352,Anik Sarker,14,Female,rajshahi,9,81.0,2.1,,54,50,104.0,postgraduate,no,Pass
1810,Lima Chowdhury,13,M,Ctg,Ten,88.1,1.5,74,51,52,177.0,Illiterate,No,
6318,Kabir Khan,17,F,KHULNA ,Nine,86.2,1.2,99,-22,34,111.0,higher secondary,YES,F
205,Farhan Akter,13,F,Barishal,10,85.2,3.1,89,93,64,246.0,Unknown,no,Fail
3510,Mitu Sarker,187,FEMALE,KHULNA ,Six,76.8,-0.4,79,-11,48,116.0,postgraduate,,Fail
1163,Lima Talukder,15,F,barisal,Seven,60.9,4.1,71,57,58,186.0,PRIMARY,Y,FAIL
6775,Mim Das,170,O,Ctg,Ten,72.2,5.4,34,76,72,182.0,graduate,YES,
87,Farhan Sarker,16,O,chittagong,Nine,102.3,0.8,58,42,75,175.0,unknown,Yes,Pass
5966,Tamim Chowdhury,13,Male,Rangpur,7,94.2,3.0,56,77,279,412.0,secondary,NO,pass
8409,Jannat Sarker,15,female,SYLHET,8,69.5,0.8,47,93,-15,125.0,GRADUATE,0,
2208,Anik Akter,17,Male,Sylhet,10,91.1,1.9,79,81,99,259.0,higher secondary,no,Pass
3047,Sadia Ahmed,12,female,Mymensign,8,97.6,3.4,76,72,49,197.0,higher secondary,1,Fail
7748,Ayesha Das,13,Female,Khulna,8th,,1.8,95,75,33,203.0,unknown,NO,P
4718,Sohan Talukder,17,MALE,Rajshahi ,Nine,94.7,-1.1,80,59,,139.0,Secondary,No,
5910 ,Mitu Sarker,15,female,barisal,7th,81.5,3.2,98,85,95,278.0,Illiterate,n/a,Fail
8255,Jannat Das,13,,dhaka,9th,99.8,1.3,87,79,93,259.0,graduate,Yes,FAIL
8675,Sohan Das,13,FEMALE,barisal,Eight,78.9,3.1,31,,86,117.0,Post Graduate,Y,Fail
3981,Shila Islam,13,female,KHULNA ,7,78.0,3.0,39,46,69,154.0,graduate,NO,Pass
8977,Lima Khan,18,FEMALE,Dacca,10,88.3,3.1,32,83,50,165.0,PRIMARY,yes,P
3976,Mim Rahman,,male,Chattogram,10,85.7,3.3,38,43,32,113.0,postgraduate,YES,F
7680,Karim Sarker,12,Female,Mymensingh,10,65.0,1.8,42,39,88,169.0,Higher Secondary,No,PASS
STU-09043,Nusrat Chowdhury,12,Other,Barisal,Nine,75.8,4.2,76,86,46,,illiterate,N,
1000,Tamim Islam,12,Female,Mymensign,8,96.8,4.7,76,68,58,202.0,Secondary,Yes,F
3173,Tamim Islam,15,FEMALE,Mymensign,9,85.2,4.8,75,,96,171.0,secondary,1,FAIL
9165,Nusrat Chowdhury,,male,KHULNA ,7th,73.7,2.2,44,54,45,143.0,primary,0,pass
5185,Karim Das,18,other,Barisal,7th,80.7,4.7,75,55,82,212.0,Higher Secondary,NO,FAIL
996,Rafi Das,11,Other,khulna,9,71.7,3.8,49,65,61,175.0,Higher Secondary,n/a,pass
2402,Rahim Rahman,12,O,Barishal,8,97.7,2.5,71,91,87,249.0,primary,NO,P
9591,Farhan Akter,18,Other,rajshahi,Eight,73.8,3.6,79,70,30,179.0,Graduate,,PASS
8944,Lima Akter,16,female,Rajshahi ,Ten,85.3,1.7,84,79,50,213.0,GRADUATE,yes,pass
1045,Jannat Sarker,11,,Ctg,7th,86.5,5.0,34,42,48,124.0,Primary,N,F
3822,Shila Ahmed,18,FEMALE,chittagong,6th,71.2,0.6,89,86,87,262.0,PRIMARY,n/a,F
2008,Riya Akter,12,female,DHAKA,Eight,85.2,0.6,50,54,73,177.0,postgraduate,n/a,fail
5289,Imran Rahman,14,MALE,rajshahi,6th,86.0,1.6,97,99,42,238.0,Secondary,n/a,PASS
8658,Karim Rahman,18,Male,Mymensingh,Eight,78.4,3.1,85,98,93,276.0,Secondary,NO,fail
4660,Rafi Chowdhury,16,F,DHAKA,Ten,76.4,0.5,69,32,30,131.0,Post Graduate,1,
8701,Farhan Islam,17,F,khulna,6th,99.6,5.3,34,42,47,123.0,Illiterate,N,F
3467,Ayesha Sarker,12,O,mymensingh,7,88.1,1.8,64,43,98,205.0,postgraduate,no,fail
7215,Bristi Islam,11,male,Barisal,6,81.3,3.2,48,78,68,,Illiterate,No,FAIL
8737,Rafi Sarker,12,,Rangpur,Eight,92.1,1.1,36,70,-1,105.0,higher secondary,yes,Fail
4482,Rupa Hossain,11,,rajshahi,06,96.3,5.0,86,36,55,177.0,secondary,NO,Fail
7493,Jannat Das,14,F,Rajshahi,06,76.8,3.1,65,,48,113.0,Graduate,,fail
4619,Rafi Ahmed,11,FEMALE,Mymensingh,6th,100.9,1.4,62,37,54,153.0,postgraduate,NO,P
STU-00592,Zayed Akter,18,Female,Rajshahi ,8th,89.7,0.7,67,77,56,200.0,secondary,Y,PASS
8857,Mitu Sarker,15,FEMALE,rajshahi,10,92.3,4.2,58,65,64,187.0,Graduate,no,PASS
2226,Sabbir Rahman,18,O,Rangpur,Nine,75.0,1.5,76,54,73,203.0,postgraduate,yes,FAIL
519,Sabbir Das,14,O,barisal,8th,,2.4,86,36,85,207.0,higher secondary,No,
7871,Hasan Khan,13,Other,barisal,8,87.5,3.6,33,,77,110.0,illiterate,1,pass
5685,Imran Sarker,16,male,barisal,6,94.5,3.4,,67,55,122.0,PRIMARY,1,pass
4692,Tanvir Talukder,11,MALE,khulna,10th,77.8,4.0,44,94,52,,Unknown,N,fail
3105,Rakib Talukder,18,female,Rangpur,8th,82.1,3.6,67,64,95,226.0,Higher Secondary,NO,fail
8317,Kabir Khan,12,Other,Dhaka,Ten,80.4,3.6,49,57,56,162.0,Secondary,No,
4063,Farhan Ahmed,11,F,Mymensingh,10,85.4,5.0,36,60,85,181.0,unknown,,F
6604,Momo Akter,12,FEMALE,khulna,7th,-18.1,4.6,44,63,32,error,Secondary,NO,
5983,Nusrat Talukder,13,Female,Ctg,8,97.7,1.5,47,62,44,,N/A,Y,pass
1651,Priya Talukder,11,M,mymensingh,Seven,83.6,2.2,51,47,76,174.0,GRADUATE,,FAIL
6057,Tanvir Ahmed,17,Other,DHAKA,9,80.8,3.2,39,33,59,131.0,secondary,YES,Pass
1817,Jannat Sarker,15,Male,Chattogram,7th,,3.4,47,81,58,error,GRADUATE,yes,P
4852,Rupa Rahman,13,,sylhet,6th,80.7,2.4,68,36,65,169.0,graduate,yes,P
6899,Anik Das,18,Other,Rajshahi,Ten,73.6,3.8,97,36,83,216.0,Illiterate,no,Pass
2635,Arif Sarker,17,Female,Barishal,10th,80.7,-0.7,79,47,79,205.0,secondary,0,pass
1328,Shila Rahman,18,F,DHAKA,Seven,91.8,1.9,78,81,31,190.0,GRADUATE,NO,FAIL
4736,Rupa Akter,16,F,Dhaka,7,89.4,5.8,39,84,51,174.0,,yes,PASS
1054 ,Sohan Talukder,13,other,KHULNA ,8,85.5,4.0,49,59,48,156.0,Illiterate,yes,PASS
44,Jannat Talukder,15,Female,Rajshahi ,6,88.4,3.1,92,61,62,215.0,postgraduate,no,PASS
8,Mim Chowdhury,18,Other,Rajshahi ,Eight,80.5,5.3,83,33,,116.0,Graduate,Yes,pass
7907,Hasan Khan,11,MALE,rajshahi,Eight,79.2,1.8,51,37,95,183.0,illiterate,n/a,P
5591,Sadia Hossain,15,Other,KHULNA ,7,87.9,4.9,34,79,39,152.0,postgraduate,YES,PASS
472,Nusrat Akter,11,M,Dacca,6,76.5,4.1,86,41,45,172.0,N/A,No,P
2323,Farhan Khan,15,MALE,SYLHET,7th,82.0,4.5,50,79,35,164.0,postgraduate,N,fail
8092,Jannat Chowdhury,15,MALE,khulna,9,82.3,3.8,90,32,30,152.0,graduate,0,Fail
7644,Riya Khan,165,Other,Ctg,8th,79.5,4.7,66,52,42,160.0,postgraduate,yes,Pass
4405,Riya Das,11,female,dhaka,8,112.6,2.8,88,59,86,233.0,illiterate,n/a,
465,Sabbir Ahmed,16,,Dhaka ,7th,76.9,3.2,42,86,78,206.0,Unknown,YES,FAIL
4564,Tanvir Talukder,12,O,barisal,9,91.8,2.7,34,41,76,151.0,illiterate,yes,Fail
1692,Jannat Rahman,18,M,dhaka,6,112.1,3.8,30,34,92,156.0,PRIMARY,1,PASS
2231,Momo Hossain,13,M,KHULNA ,Ten,89.5,2.7,49,83,54,186.0,higher secondary,0,Pass
7580,sabbir khan,11,O,chittagong,8,,2.0,44,72,41,157.0,Primary,no,fail
1381,Nusrat Talukder,17,,barisal,7th,98.9,3.9,56,37,61,154.0,Primary,Yes,Fail
8258,Jannat Talukder,18,Female,chittagong,10th,94.4,2.7,99,62,65,226.0,GRADUATE,,FAIL
1349,Sabbir Akter,15,O,Ctg,10,73.3,1.1,75,64,74,213.0,Higher Secondary,0,
2481,Mitu Islam,12,other,Rajshahi,Eight,81.2,3.7,96,69,34,199.0,Post Graduate,YES,F
5529,Sohan Das,18,Other,chittagong,6th,90.8,4.1,34,41,81,156.0,PRIMARY,yes,Fail
2150,Imran Sarker,15,Other,Barisal,10,83.3,1.9,59,66,82,207.0,Primary,N,Pass
2097,Imran Hossain,11,MALE,KHULNA ,06,96.0,3.7,70,52,34,156.0,Post Graduate,NO,P
6189,Mitu Talukder,15,FEMALE,Dacca,Nine,103.6,-0.0,87,93,60,240.0,Higher Secondary,NO,FAIL
5092,Hasan Rahman,13,Male,Barisal,10,79.0,2.9,35,144,37,216.0,postgraduate,N,FAIL
6468,Tanvir Islam,17,female,Rajshahi,9th,72.3,1.4,31,73,64,168.0,N/A,NO,F
8459,Lima Ahmed,17,other,,06,94.8,3.5,55,74,35,164.0,secondary,,P
7234,Rakib Sarker,17,female,Dhaka,9th,80.0,6.3,65,71,-42,94.0,primary,NO,fail
STU-06206,Karim Ahmed,12,male,khulna,8th,87.8,4.9,39,94,94,227.0,Unknown,n/a,
8529,Mim Chowdhury,13,,Rajshahi,Seven,64.0,3.8,87,52,37,176.0,illiterate,0,FAIL
4226,Nadia Hossain,11,other,sylhet,7th,69.1,4.0,61,41,70,172.0,Illiterate,n/a,P
4137,Momo Sarker,11,O,  Dhaka,9,84.6,,165,39,66,270.0,Unknown,,FAIL
850,Mim Khan,18,other,Chattogram,8th,86.4,4.0,61,44,91,196.0,N/A,Yes,fail
1822,Riya Islam,14,M,Chattogram,8,85.3,4.1,70,38,38,146.0,Unknown,,Pass
418,Karim Ahmed,18,M,Rangpur,Seven,72.7,2.1,94,60,33,187.0,PRIMARY,NO,FAIL
3719,Kabir Rahman,16,F,  Dhaka,10,76.2,4.5,93,70,83,246.0,Illiterate,0,FAIL
8677,Imran Ahmed,12,FEMALE,Barisal,Seven,85.9,2.0,50,81,44,175.0,PRIMARY,YES,fail
8795,Tamim Islam,15,MALE,chittagong,8th,85.8,3.5,89,55,,144.0,unknown,Y,F
4174,Lima Hossain,17,FEMALE,SYLHET,Eight,74.6,4.1,38,96,36,170.0,unknown,No,Fail
1923,Mitu Ahmed,17,Other,Khulna,Six,102.6,4.3,37,258,87,382.0,unknown,No,FAIL
8976,Sohan Chowdhury,14,female,Sylhet,Nine,87.2,2.7,81,78,78,,higher secondary,0,P
9631,Mitu Hossain,15,other,Rajshahi ,6th,81.2,-4.0,47,69,95,211.0,N/A,yes,Fail
5490 ,Tanvir Khan,14,male,dhaka,9,101.3,2.0,75,77,95,247.0,,yes,
STU-03762,Sabbir Akter,12,other,Dhaka,Ten,71.9,-0.7,91,60,90,241.0,Primary,no,P
2103,Momo Ahmed,18,F,mymensingh,Nine,84.2,5.2,37,89,69,195.0,secondary,1,FAIL
8817,Sabbir Das,14,,Ctg,Ten,66.9,5.1,59,86,62,207.0,Illiterate,No,Pass
4156,Rakib Sarker,17,other,mymensingh,7th,62.2,4.5,58,59,63,180.0,Unknown,0,P
2233,Arif Rahman,13,O,Mymensign,Eight,84.9,3.4,38,96,49,183.0,graduate,N,Pass
9448,Arif Rahman,12,MALE,khulna,8,92.3,1.9,58,76,86,220.0,postgraduate,N,
9623,Sabbir Chowdhury,15,male,SYLHET,Eight,78.8,3.5,62,57,37,156.0,Primary,0,P
6302,Fatema Chowdhury,14,M,mymensingh,7,74.9,2.2,32,37,41,110.0,Illiterate,NO,
4932,Hasan Ahmed,16,MALE,Rajshahi,8,97.8,1.6,40,47,74,161.0,PRIMARY,no,P
30,Rafi Khan,12,Female,mymensingh,Ten,69.5,3.1,81,62,69,212.0,Illiterate,No,Pass
1824,Shila Hossain,291,M,Barisal,Ten,71.3,2.7,50,85,75,210.0,Unknown,0,FAIL
6921,Nusrat Khan,16,male,Rangpur,10,79.1,5.0,49,38,68,155.0,postgraduate,0,Fail
3698,Mim Das,13,Female,Mymensign,9th,73.2,3.7,85,35,61,181.0,postgraduate,0,Pass
9467,Bristi Rahman,17,Other,rangpur,Six,89.5,3.6,98,34,,118.0,higher secondary,n/a,pass
3685,Tamim Ahmed,18,MALE,Dhaka,8th,88.2,1.5,69,52,36,157.0,Illiterate,N,
3345,Imran Ahmed,18,Male,Barishal,Eight,79.5,1.5,33,56,71,160.0,,1,PASS
5969,Shila Talukder,16,F,khulna,8,80.5,5.3,98,60,59,217.0,PRIMARY,YES,F
7994,Fatema Sarker,12,Other,,9,,2.1,67,50,41,173.0,GRADUATE,Yes,P
8672,Riya Talukder,11,F,Rangpur,Seven,83.6,4.3,95,84,,179.0,secondary,0,
9075,Sadia Das,13,F,sylhet,Nine,92.5,3.1,36,46,38,120.0,Secondary,no,FAIL
8785,Tanvir Islam,13,female,Sylhet,9th,N/A,2.2,93,62,46,201.0,Higher Secondary,NO,P
6512,Bristi Chowdhury,12,O,sylhet,6,87.8,2.5,95,55,77,227.0,N/A,NO,PASS
3281,Rafi Khan,17,male,Dhaka ,10,91.3,4.0,56,98,68,222.0,higher secondary,0,fail
6390,Mim Akter,-3,M,Rajshahi ,10th,89.5,1.3,71,41,30,142.0,Primary,0,fail
2948,,12,FEMALE,Rajshahi,10,69.3,4.8,57,73,67,197.0,Graduate,no,FAIL
3168,Arif Das,11,,Chattogram,10,91.7,3.7,65,62,54,181.0,secondary,No,fail
8290,Rakib Akter,253,male,Mymensingh,10,76.8,2.3,93,61,,154.0,Post Graduate,Yes,
7005,Tamim Talukder,12,female,Sylhet,9th,67.7,3.7,-6,32,33,59.0,illiterate,0,P
2413,Farhan Talukder,18,Male,Barisal,6th,75.0,3.5,73,58,97,228.0,Post Graduate,n/a,FAIL
6309,Rafi Das,18,Male,mymensingh,10,87.4,1.9,,88,73,161.0,Unknown,no,P
2246,Karim Chowdhury,298,female,sylhet,Six,95.4,2.6,87,89,79,255.0,N/A,1,P
STU-07585,Imran Sarker,12,Other,khulna,6,80.2,4.3,76,52,83,211.0,primary,YES,F
4607,Imran Akter,11,FEMALE,chittagong,10,145.1,5.8,82,46,86,214.0,Primary,no,
448,Rupa Sarker,13,,Chittagong,7th,98.6,1.0,60,84,52,196.0,Secondary,0,FAIL
5773,Tamim Talukder,13,O,Mymensign,Nine,90.5,3.3,39,77,93,209.0,secondary,Yes,F
5994,imran islam,17,Male,Chattogram,Seven,62.5,1.4,49,99,46,194.0,,0,Fail
6965,Hasan Hossain,14,male,rangpur,7th,-44.4,3.6,30,79,65,186.0,Primary,1,FAIL
15,Priya Khan,16,MALE,SYLHET,6,89.7,4.1,absent,56,38,94.0,Higher Secondary,n/a,F
4394,Rakib Hossain,16,F,Chattogram,7,95.2,,92,33,45,170.0,higher secondary,NO,Pass
1207,Tamim Khan,14,M,rangpur,10th,84.9,5.4,87,43,44,174.0,Post Graduate,YES,PASS
5664,Sadia Rahman,14,,Mymensingh,9th,82.1,1.0,83,70,71,224.0,N/A,Yes,P
5505,Fatema Khan,16,MALE,Barishal,10th,86.4,-1.6,45,68,30,143.0,graduate,Y,F
3795,Rahim Talukder,18,other,chittagong,7th,72.3,2.6,53,42,39,134.0,N/A,YES,F
6227,Karim Chowdhury,15,,Dacca,Seven,77.6,6.1,56,54,91,201.0,Unknown,NO,P
8171,Mim Ahmed,14,F,Barishal,8th,87.6,5.0,69,99,68,236.0,higher secondary,N,P
9567,Lima Islam,fifteen,other,CHATTOGRAM,9th,79.7,0.7,45,93,84,222.0,Unknown,yes,Pass
STU-02343,Imran Ahmed,14,F,Rajshahi,9th,67.6,2.3,37,82,43,162.0,primary,N,PASS
287,,12,male,Ctg,10th,73.4,0.7,31,94,96,221.0,N/A,NO,PASS
3844,Rahim Das,15,M,KHULNA ,Six,84.4,4.8,39,96,38,173.0,Secondary,NO,pass
4219,Arif Ahmed,13,other,Sylhet,8th,80.8,2.4,55,63,38,156.0,higher secondary,Yes,F
2313,Rupa Islam,18,F,Rajshahi,9th,82.7,2.5,92,75,48,215.0,postgraduate,yes,Fail
5751,Priya Chowdhury,17,MALE,barisal,9,79.3,1.9,66,59,91,,unknown,YES,Fail
7271,Tamim Akter,18,M,Mymensingh,Nine,83.0,1.8,72,37,70,,Primary,0,pass
4020,Mitu Das,14,O,mymensingh,8,70.6,0.6,93,78,71,242.0,primary,YES,PASS
2053,Sohan Ahmed,12,,mymensingh,7th,76.1,2.9,61,81,49,191.0,primary,1,P
8544,Farhan Hossain,15,FEMALE,Ctg,Nine,93.4,1.8,36,86,65,187.0,Unknown,YES,F
6661,Farhan Talukder,16,M,Mymensingh,Six,82.4,1.7,63,63,69,195.0,Higher Secondary,0,pass
5005,Lima Rahman,14,Female,Barisal,8,90.8,5.3,37,34,95,166.0,Illiterate,0,P
STU-04447,Rahim Islam,15,MALE,mymensingh,6,88.9,1.4,39,62,91,192.0,graduate,N,Fail
9428,Jannat Ahmed,17,F,Mymensign,9th,89.8,3.8,81,44,80,205.0,unknown,Yes,F
166,Nusrat Islam,16,O,Barishal,06,75.9,4.3,82,39,,121.0,higher secondary,No,P
8509,Zayed Sarker,16,M,sylhet,10th,92.4,1.3,88,88,63,239.0,illiterate,1,Pass
6392,Mim Sarker,17,female,Rangpur,8th,100.7,-0.1,53,92,57,202.0,Graduate,1,F
1340,Hasan Islam,18,O,mymensingh,Six,83.4,1.7,84,80,89,253.0,higher secondary,Y,Pass
7044,Sadia Chowdhury,11,Other,Mymensingh,Ten,84.0,1.7,61,93,55,209.0,PRIMARY,NO,PASS
1139,Nusrat Hossain,11,F,KHULNA ,10th,83.2,0.0,94,81,96,271.0,Illiterate,NO,PASS
6303,Rakib Chowdhury,13,female,Rajshahi,7th,,1.7,62,47,87,,unknown,no,pass
7754,Riya Khan,15,O,Rangpur,Eight,91.0,2.4,93,57,184,334.0,higher secondary,YES,fail
8979 ,Shila Islam,13,MALE,Rangpur,7,69.7,1.6,55,75,82,212.0,graduate,0,FAIL
2189,Arif Ahmed,14,,Rajshahi,9th,74.0,2.0,53,61,48,162.0,Primary,No,P
3974,Mim Islam,11,Other,chittagong,7th,76.9,4.5,81,97,48,226.0,N/A,N,FAIL
5229,Momo Ahmed,13,O,Chattogram,8,78.6,3.0,43,81,99,223.0,primary,Yes,PASS
300,Rupa Sarker,16,M,Dacca,Ten,77.3,2.2,45,33,33,111.0,secondary,0,F
9795,Fatema Akter,15,Male,Khulna,Seven,80.9,4.2,32,,56,88.0,postgraduate,N,P
6542,Lima Hossain,18,F,KHULNA ,10,86.8,3.9,91,81,80,,higher secondary,Yes,Fail
1616,sabbir khan,14,,Dhaka,Six,79.0,4.1,77,68,69,214.0,unknown,N,FAIL
5328,Lima Das,11,Other,Rajshahi ,06,96.1,2.1,39,57,43,137.0,illiterate,YES,pass
8934,Rafi Talukder,15,Female,Dhaka,Nine,75.1,6.5,42,79,31,152.0,postgraduate,yes,pass
5660,Momo Islam,17,Other,Rajshahi ,6th,87.0,6.8,36,41,43,120.0,Illiterate,Yes,F
3082,Sohan Rahman,17,Other,Mymensingh,9,89.3,1.2,41,50,58,149.0,Primary,1,F
3143,Fatema Hossain,15,MALE,Rajshahi,7th,93.8,3.0,-13,66,43,96.0,primary,n/a,P
6067,Riya Rahman,11,F,khulna,Eight,95.0,6.1,98,73,70,241.0,illiterate,0,Pass
1428,Fatema Akter,197,MALE,Mymensingh,9,97.7,3.7,85,60,88,233.0,Illiterate,no,Fail
5244,Kabir Hossain,14,Male,rangpur,Eight,94.0,4.6,50,64,96,210.0,primary,n/a,Pass
5625,Rahim Akter,12,Other,KHULNA ,06,86.1,3.9,40,76,89,error,postgraduate,0,Pass
4149,Riya Talukder,17,male,khulna,Nine,91.1,2.2,92,98,35,225.0,postgraduate,n/a,Pass
847,Farhan Rahman,17,O,Chattogram,9th,92.2,,60,72,36,168.0,,no,Pass
3035,Fatema Das,15,other,Barisal,8th,91.3,3.6,59,97,65,221.0,secondary,,Pass
9473,Sabbir Hossain,12,F,Sylhet,06,86.0,2.4,52,,56,108.0,Primary,NO,pass
32,Nusrat Chowdhury,17,female,rangpur,Nine,103.7,3.6,36,45,89,170.0,Higher Secondary,Y,P
8691,Shila Talukder,18,Male,Dhaka ,6th,,1.3,35,84,81,200.0,Secondary,no,P
812,Jannat Akter,18,MALE,chittagong,9th,90.3,4.3,91,43,92,226.0,Secondary,YES,P
9090,Momo Rahman,18,Female,Rajshahi ,7th,93.1,3.5,65,35,95,195.0,Secondary,0,fail
1485,Riya Talukder,15,Male,Dhaka ,Six,97.0,3.0,81,89,63,233.0,Unknown,Yes,
3460,Nadia Hossain,13,female,KHULNA ,Eight,95.4,1.9,49,85,74,208.0,unknown,N,pass
5856,Nusrat Chowdhury,16,other,barisal,8th,61.9,4.1,79,65,74,218.0,Higher Secondary,,pass
2145,Zayed Talukder,13,Female,DHAKA,Ten,70.8,1.8,44,79,51,174.0,secondary,1,FAIL
9518,Zayed Khan,15,other,Dhaka ,10,89.4,6.4,75,53,31,159.0,Primary,N,
6453,Tamim Islam,18,F,DHAKA,8,87.5,2.9,47,41,67,155.0,unknown,Yes,PASS
3192,Nadia Das,13,Female,Dhaka,8th,68.8,4.5,39,59,64,162.0,Higher Secondary,NO,PASS
8609,Anik Ahmed,14,FEMALE,dhaka,9,80.2,6.4,77,40,59,176.0,secondary,n/a,FAIL
STU-07811,Rakib Rahman,15,MALE,Mymensign,9,71.8,,82,76,74,232.0,Illiterate,YES,PASS
331,Mim Islam,14,male,Barisal,6,100.6,1.1,39,53,55,147.0,higher secondary,Y,Fail
STU-03511,Rafi Chowdhury,16,O,rangpur,06,97.7,3.5,88,80,44,212.0,secondary,Y,FAIL
9692,Mim Sarker,15,MALE,Dhaka,06,81.1,-1.6,52,57,42,151.0,postgraduate,n/a,FAIL
5612,Hasan Islam,12,Female,CHATTOGRAM,8,80.4,3.3,50,74,49,173.0,GRADUATE,YES,FAIL
6875,Tamim Das,13,Other,Khulna,6th,82.8,3.8,76,81,-20,137.0,secondary,yes,
1199,Farhan Akter,16,MALE,Khulna,06,106.2,2.7,70,96,58,224.0,Illiterate,N,fail
5208,Momo Hossain,17,Male,Sylhet,9,88.5,1.6,98,68,61,227.0,Higher Secondary,N,Pass
4424,Riya Rahman,,F,KHULNA ,Eight,73.6,1.0,98,61,80,239.0,Secondary,1,F
3952,Priya Islam,13,FEMALE,Chattogram,8th,69.0,3.4,76,53,177,306.0,Primary,1,fail
1089,Zayed Hossain,13,female,khulna,Nine,73.6,3.5,54,54,48,156.0,Primary,n/a,FAIL
9014,Tamim Ahmed,12,O,Khulna,6,98.7,3.7,47,38,95,180.0,N/A,,Pass
2516,Zayed Talukder,15,,SYLHET,Eight,79.6,1.4,92,58,77,227.0,illiterate,Y,Fail
8196,Jannat Ahmed,12,F,Khulna,Six,68.8,2.1,54,67,30,151.0,Unknown,no,
3725,Sabbir Islam,15,female,Barisal,9th,85.2,3.5,62,35,54,151.0,higher secondary,No,F
4041,Kabir Talukder,13,Female,rajshahi,9,64.0,-0.2,55,-22,52,85.0,Illiterate,yes,Pass
7924,Nusrat Chowdhury,17,Male,CHATTOGRAM,8,74.8,3.1,54,55,76,185.0,graduate,No,Fail
2460,Hasan Akter,18,Other,rajshahi,8th,92.2,3.2,78,59,70,207.0,higher secondary,yes,P
550,Momo Talukder,16,O,Dhaka,10,84.7,2.8,67,58,34,159.0,Higher Secondary,,Pass
9223,Arif Chowdhury,13,male,Chittagong,Eight,79.0,2.2,65,32,90,187.0,higher secondary,No,Pass
5582,Rakib Akter,18,other,rangpur,9,85.3,4.4,44,84,51,179.0,Primary,YES,P
2301,Rupa Rahman,11,,barisal,7,76.9,2.9,98,70,80,248.0,illiterate,N,PASS
4361,Zayed Islam,12,Other,rajshahi,8th,91.2,3.6,33,37,71,141.0,unknown,N,Pass
3096,Ayesha Hossain,11,,Chattogram,7th,78.5,1.0,93,66,77,236.0,Primary,Yes,F
9357,Nusrat Islam,15,,khulna,06,67.1,2.3,85,72,50,207.0,Illiterate,yes,P
8093,Sabbir Rahman,14,FEMALE,sylhet,9th,80.1,1.9,87,60,37,184.0,higher secondary,,P
919,Rafi Hossain,18,Female,Khulna,Seven,66.4,3.2,66,48,59,173.0,Secondary,N,F
5161,Mim Das,16,FEMALE,mymensingh,9,102.9,5.5,34,83,99,216.0,Graduate,YES,P
8900,Farhan Talukder,16,male,Barisal,7th,83.6,1.8,78,85,60,223.0,PRIMARY,0,FAIL
2602,Farhan Khan,17,female,KHULNA ,Ten,89.9,2.9,45,58,61,164.0,Higher Secondary,NO,PASS
3634,Mitu Ahmed,16,FEMALE,Barisal,7,103.5,5.2,71,84,64,219.0,postgraduate,,F
5098,Tanvir Sarker,11,M,Barisal,6th,96.6,1.9,43,46,76,165.0,GRADUATE,no,pass
4631,Rahim Khan,13,,khulna,Ten,92.0,3.1,48,94,84,226.0,postgraduate,Y,Pass
9794,Rupa Das,14,MALE,mymensingh,7th,84.3,1.2,67,86,32,185.0,Post Graduate,n/a,F
4171,Tamim Rahman,17,,barisal,8th,80.3,3.8,85,32,42,159.0,Illiterate,0,fail
1889,Imran Rahman,12,Female,khulna,06,103.4,4.3,51,72,65,188.0,Higher Secondary,no,pass
8871,Rakib Rahman,12,other,Rajshahi ,Ten,73.7,2.6,47,57,57,161.0,Secondary,Yes,fail
5806,Rakib Ahmed,14,M,rajshahi,6th,94.9,2.0,90,46,-47,89.0,Higher Secondary,N,P
4862,Jannat Islam,11,Male,Rajshahi,8,81.7,0.4,70,87,97,254.0,unknown,no,F
6121,Kabir Ahmed,14,female,Dhaka,7th,82.7,1.3,291,98,85,474.0,higher secondary,Yes,P
8214,mim das,17,male,,8th,97.6,1.3,99,50,65,214.0,Unknown,yes,fail
STU-01205,Lima Akter,14,Other,Sylhet,10,86.4,4.6,33,77,55,165.0,postgraduate,,Pass
6525,Imran Das,18,male,rangpur,7th,99.2,4.5,73,72,96,241.0,illiterate,0,Fail
2674,Zayed Sarker,13,MALE,Chattogram,Ten,96.5,0.8,85,74,89,248.0,illiterate,1,Fail
5626,Anik Khan,14,F,rangpur,8th,78.5,-0.4,71,42,-37,76.0,N/A,0,Fail
7358,Lima Hossain,13,FEMALE,mymensingh,10,95.3,3.5,39,66,46,151.0,Secondary,N,P
6632,Kabir Rahman,18,MALE,SYLHET,8,77.5,1.5,,62,64,126.0,Unknown,no,pass
3248,Tanvir Khan,18,M,Mymensingh,06,-43.4,,43,34,95,172.0,unknown,N,PASS
STU-09583,Momo Akter,17,F,Rajshahi,Eight,87.8,1.4,31,51,90,172.0,illiterate,1,FAIL
4391 ,Farhan Ahmed,13,Male,Ctg,7th,99.7,4.5,96,67,53,216.0,unknown,NO,
6074,Tanvir Khan,14,Other,,8th,90.2,2.9,97,93,47,237.0,N/A,yes,FAIL
8521,Nadia Akter,15,MALE,Mymensign,9th,77.3,2.5,99,91,72,262.0,Higher Secondary,,
811,Ayesha Chowdhury,12,MALE,Ctg,8th,137.5,0.2,88,77,absent,165.0,unknown,Yes,Fail
6786,Zayed Islam,16,male,barisal,7th,86.3,3.3,41,53,85,179.0,,,PASS
1602,Momo Akter,17,M,Barisal,Six,85.7,0.7,75,62,50,187.0,N/A,yes,pass
1369,Riya Islam,14,male,khulna,8th,68.0,1.7,84,73,94,251.0,unknown,Yes,fail
1521,Tanvir Islam,15,FEMALE,KHULNA ,9,87.0,3.8,61,50,39,150.0,secondary,,FAIL
9669,Rahim Talukder,18,female,  Dhaka,10th,91.4,1.9,30,83,41,154.0,primary,n/a,FAIL
1206,Nadia Sarker,16,FEMALE,mymensingh,7th,86.6,6.2,87,48,87,222.0,postgraduate,Yes,pass
7239,Farhan Rahman,14,female,rangpur,8th,69.9,2.4,76,37,50,163.0,Illiterate,Yes,PASS
2333,Sohan Sarker,15,Female,mymensingh,9th,100.1,1.5,95,64,70,229.0,Unknown,0,P
4035,Nadia Ahmed,18,F,Mymensingh,9,102.0,1.3,86,74,42,202.0,Primary,yes,F
STU-03850,Lima Akter,12,other,chittagong,Nine,80.1,0.2,87,80,61,error,GRADUATE,No,P
4227,Jannat Khan,12,Male,Mymensign,9th,-26.2,0.2,34,74,31,139.0,N/A,,fail
860,Ayesha Das,12,Female,Mymensign,7,92.3,0.9,82,32,95,209.0,graduate,n/a,pass
2034,Rakib Chowdhury,16,male,rajshahi,8,91.1,4.0,68,55,36,159.0,illiterate,,P
1316,Farhan Islam,14,O,Ctg,9th,77.4,5.1,51,38,38,127.0,Illiterate,,PASS
7123,Fatema Sarker,18,female,Rajshahi,6th,90.6,2.6,39,-8,,31.0,GRADUATE,No,Fail
4720,Anik Islam,14,Other,Barishal,8,76.6,4.6,94,81,72,247.0,Higher Secondary,no,FAIL
7639,Shila Khan,17,male,Chattogram,Eight,86.9,3.1,92,69,70,231.0,PRIMARY,n/a,fail
4785,Zayed Das,17,male,Mymensign,8th,82.9,4.2,52,40,45,137.0,Higher Secondary,1,pass
56,Rakib Akter,14,Female,Barisal,9,76.4,4.3,91,52,38,181.0,primary,0,
1367,Nadia Chowdhury,17,Male,  Dhaka,Seven,68.9,1.6,91,56,64,211.0,graduate,yes,F
7294,Nusrat Das,11,FEMALE,Mymensign,7,84.4,0.7,74,60,92,226.0,Unknown,N,Fail
3925,Anik Akter,11,Female,Mymensingh,Eight,90.4,2.4,59,72,55,186.0,illiterate,YES,Pass
7505,Fatema Das,16,male,chittagong,Seven,88.7,1.6,68,58,60,186.0,Higher Secondary,n/a,
2507,Farhan Ahmed,11,O,SYLHET,06,59.4,2.6,62,35,60,157.0,unknown,1,P
7200,Ayesha Ahmed,14,male,barisal,9,87.8,5.5,78,98,63,239.0,Primary,yes,pass
5876,Tanvir Khan,16,,Mymensingh,Seven,82.5,0.3,45,43,64,152.0,unknown,NO,FAIL
7459,Lima Chowdhury,18,,Ctg,8th,90.2,3.9,52,32,59,143.0,secondary,yes,pass
1574,Momo Talukder,12,MALE,Khulna,8,,5.2,55,84,77,216.0,illiterate,Y,F
4889,Nusrat Akter,16,Male,Barisal,8,73.7,5.2,56,97,58,211.0,Higher Secondary,No,fail
STU-00309,Zayed Ahmed,18,MALE,Sylhet,06,84.1,4.4,63,37,88,189.0,Secondary,Yes,
6508,Sadia Ahmed,17,Other,Mymensingh,Ten,96.7,2.0,40,31,75,146.0,Unknown,,P
580,Nusrat Chowdhury,13,MALE,Rajshahi ,7,80.6,2.3,35,58,87,180.0,secondary,N,Fail
1706,Priya Islam,18,FEMALE,Rangpur,Seven,76.4,5.1,60,68,92,220.0,PRIMARY,,PASS
7277 ,Hasan Ahmed,17,female,chittagong,Seven,76.3,3.8,86,30,40,error,primary,NO,Pass
6652,Momo Sarker,14,Other,Barisal,8,84.2,2.0,68,64,98,230.0,secondary,n/a,PASS
5108,Nusrat Das,11,F,Dacca,Ten,78.6,0.8,,64,84,148.0,Graduate,n/a,fail
8722,Lima Akter,,,Mymensingh,Nine,83.6,5.0,98,65,50,213.0,postgraduate,0,Pass
2995,Sohan Hossain,11,Female,Khulna,6th,80.7,0.2,83,62,38,183.0,illiterate,yes,P
7179,Hasan Akter,16,other,Rajshahi,10th,66.9,3.4,97,51,58,206.0,secondary,1,pass
5131,Arif Khan,16,female,khulna,9,87.1,2.4,75,36,58,169.0,Illiterate,Y,Pass
5901,Shila Akter,17,O,DHAKA,8th,96.1,1.4,51,77,33,161.0,secondary,no,P
697,Tanvir Akter,16,other,KHULNA ,9,72.4,1.4,48,67,99,214.0,postgraduate,Y,F
6478,Sadia Hossain,15,MALE,Barisal,10,84.7,2.2,34,91,61,186.0,secondary,no,pass
6956,Sadia Hossain,17,female,Mymensingh,6,,4.3,32,36,45,113.0,Graduate,Y,Fail
6333,Shila Islam,12,male,barisal,7th,80.0,2.0,37,74,63,174.0,Graduate,,F
8780,Mim Hossain,18,Male,barisal,Nine,87.9,2.0,60,68,96,224.0,Post Graduate,Yes,pass
7064,Sohan Ahmed,12,M,Sylhet,Seven,87.3,1.5,83,37,42,162.0,higher secondary,no,P
5804,Riya Akter,16,FEMALE,Rajshahi ,6th,87.9,2.1,44,77,91,error,GRADUATE,YES,PASS
958,Rahim Rahman,13,Other,Chittagong,Ten,64.4,2.5,40,85,-42,83.0,Higher Secondary,yes,F
5915,Nadia Ahmed,12,Male,SYLHET,8th,114.3,2.1,80,32,95,207.0,Illiterate,yes,
7007,Shila Hossain,14,male,dhaka,06,89.9,2.2,36,59,79,174.0,Secondary,YES,Pass
5270,Sabbir Islam,16,,khulna,06,90.1,1.6,35,75,84,194.0,secondary,n/a,fail
6072,Ayesha Rahman,12,,KHULNA ,10,93.9,3.0,79,90,65,234.0,Unknown,Yes,P
354,Shila Khan,11,Other,SYLHET,7,,3.8,94,34,31,159.0,unknown,yes,Pass
4828,Sadia Ahmed,16,M,Sylhet,9th,84.6,3.0,30,87,50,167.0,Primary,0,Fail
4799,Sabbir Khan,12,Male,rangpur,Ten,101.3,3.9,71,36,33,140.0,PRIMARY,n/a,pass
9598,Fatema Rahman,13,Male,dhaka,9th,86.2,3.1,59,74,81,214.0,higher secondary,N,PASS
6759,Mitu Das,15,MALE,SYLHET,10th,83.3,5.3,,32,69,101.0,Unknown,Y,Fail
8755,Mitu Sarker,14,male,mymensingh,7,83.8,1.6,48,57,86,191.0,graduate,1,pass
8669,Anik Akter,15,,Barishal,9,70.3,3.1,39,50,44,133.0,N/A,No,Pass
7282,Anik Sarker,17,Male,dhaka,Ten,103.8,1.6,53,85,79,,graduate,n/a,PASS
3247,Kabir Khan,11,female,Dhaka ,Seven,83.8,3.2,61,97,68,226.0,N/A,YES,FAIL
502,Tamim Talukder,11,other,Barishal,9,N/A,2.9,52,98,82,232.0,N/A,No,P
9318,Zayed Rahman,12,F,barisal,10,70.5,,58,92,99,,primary,N,Pass
9653,Rafi Hossain,16,Male,rangpur,7,93.0,2.8,37,90,82,209.0,Illiterate,YES,P
1008,Sabbir Ahmed,14,FEMALE,Barisal,Ten,93.2,3.2,49,87,86,222.0,primary,,F
7153,Fatema Hossain,14,male,CHATTOGRAM,8th,100.1,4.0,42,44,37,123.0,postgraduate,YES,
2172,Fatema Rahman,16,MALE,Ctg,Seven,88.4,2.5,50,70,71,191.0,Higher Secondary,Y,PASS
5384,Lima Akter,15,female,Dhaka ,8th,87.6,5.1,95,95,72,262.0,illiterate,Y,Pass
4465,Priya Das,11,other,Ctg,8,90.1,5.1,94,97,32,223.0,higher secondary,N,FAIL
9606,Rakib Akter,11,MALE,Ctg,Ten,87.1,4.3,96,73,70,239.0,,n/a,Pass
1319,Farhan Akter,15,F,Rajshahi,Seven,90.4,3.5,94,83,90,267.0,PRIMARY,no,Pass
4590,Ayesha Rahman,18,F,rajshahi,7th,70.5,3.8,47,79,49,175.0,postgraduate,1,fail
4430,Ayesha Hossain,18,Female,Rajshahi ,6th,79.4,2.8,70,82,42,194.0,postgraduate,NO,PASS
1476,Shila Sarker,11,Other,Rajshahi ,6th,93.1,3.5,,36,71,,PRIMARY,no,fail
6933,Sohan Chowdhury,13,MALE,DHAKA,Eight,96.5,5.4,86,69,75,230.0,GRADUATE,n/a,F
5318,Nadia Sarker,13,other,Rajshahi ,7th,85.6,3.2,36,45,46,,higher secondary,N,P
8039,Rahim Hossain,13,M,KHULNA ,7th,78.9,5.7,45,77,65,187.0,Post Graduate,YES,PASS
9086,Bristi Khan,12,O,Mymensingh,Ten,85.6,3.0,55,68,92,215.0,Unknown,Yes,Pass
5832,Arif Sarker,16,,Mymensign,10th,94.5,4.9,41,54,45,140.0,illiterate,N,F
4164,Kabir Khan,11,Other,Chittagong,8,101.6,3.3,93,57,87,237.0,N/A,0,F
8096,Rahim Hossain,12,O,SYLHET,Nine,78.2,0.4,32,97,68,197.0,illiterate,0,F
1614,Rupa Ahmed,12,female,Chattogram,6th,111.1,3.6,51,37,78,166.0,Higher Secondary,YES,pass
5269,Karim Chowdhury,13,M,SYLHET,Nine,71.1,2.1,93,36,64,193.0,Higher Secondary,N,pass
426,Mim Hossain,14,Other,rangpur,8,86.7,4.9,30,92,53,175.0,postgraduate,n/a,P
7747,Mim Chowdhury,18,Male,  Dhaka,9,94.9,4.1,85,92,57,234.0,Graduate,,FAIL
8798,Rafi Ahmed,18,O,Mymensign,10,100.7,4.6,32,74,74,180.0,Primary,Yes,
STU-08392,Lima Islam,11,O,dhaka,Nine,103.1,2.5,-17,97,41,121.0,unknown,NO,fail
8552,Jannat Talukder,18,female,rajshahi,7th,85.8,1.5,54,88,267,409.0,higher secondary,YES,Pass
144,Karim Chowdhury,,F,Mymensign,7,82.9,1.6,67,-7,63,123.0,secondary,Y,FAIL
3821,Rakib Hossain,17,Other,Mymensign,06,93.3,2.8,42,67,87,196.0,postgraduate,,PASS
7725,Rahim Rahman,16,M,Dhaka,8,82.6,4.5,40,96,-26,110.0,GRADUATE,1,fail
4346,Rahim Das,16,Female,rajshahi,Seven,75.9,1.9,68,36,61,165.0,Post Graduate,No,FAIL
8497,Priya Hossain,11,FEMALE,CHATTOGRAM,Ten,98.1,2.1,96,51,36,183.0,illiterate,NO,F
4789,Imran Rahman,15,male,Barisal,6th,91.1,2.2,48,33,75,154.0,Higher Secondary,NO,Pass
7662,Sadia Sarker,11,Other,rajshahi,9th,84.2,1.2,64,,77,141.0,Graduate,No,FAIL
6141,Riya Rahman,17,,Rangpur,7,73.4,1.9,92,59,33,184.0,N/A,No,Fail
4682,Anik Khan,18,F,Dhaka,8,93.2,2.7,54,63,41,,Unknown,0,Pass
5370,Rakib Rahman,11,,Rajshahi ,Six,87.4,2.2,83,32,75,190.0,secondary,n/a,Fail
2310,Tanvir Akter,12,FEMALE,Chattogram,7th,78.6,2.9,63,75,60,198.0,primary,no,
2113,Nadia Hossain,16,male,Barishal,10th,80.3,2.7,96,44,46,186.0,Higher Secondary,NO,F
835,Rafi Sarker,12,,Mymensign,06,83.5,2.5,46,67,43,156.0,Higher Secondary,NO,PASS
594,Ayesha Akter,18,MALE,Rangpur,9,74.8,2.6,88,50,83,221.0,unknown,yes,PASS
7733,Bristi Chowdhury,13,male,Dacca,9,91.9,0.8,30,43,60,133.0,N/A,,fail
5009,Jannat Chowdhury,16,,Barishal,Seven,78.7,4.4,58,84,61,203.0,Graduate,YES,FAIL
2132,Anik Islam,17,O,Mymensign,10th,82.3,3.5,92,80,72,,higher secondary,n/a,F
766,Sohan Das,12,,Mymensign,Nine,92.8,4.7,65,52,72,189.0,Primary,no,
9215,Lima Khan,11,female,rangpur,6th,99.3,4.0,65,98,85,248.0,Graduate,Yes,PASS
147,Priya Islam,17,Other,mymensingh,Ten,75.9,1.9,78,78,49,205.0,primary,NO,
395,Zayed Hossain,18,Other,rangpur,7,78.8,3.3,54,46,90,190.0,PRIMARY,,Fail
7702,Karim Ahmed,16,Female,barisal,6,,2.3,49,98,50,197.0,illiterate,NO,Pass
3809,Sohan Rahman,18,male,CHATTOGRAM,Nine,90.6,,74,75,70,219.0,primary,yes,Fail
8238,Farhan Akter,15,Other,Rajshahi ,Eight,76.5,-0.0,45,39,97,181.0,illiterate,yes,
7722,Lima Hossain,14,F,Chattogram,8th,83.9,3.5,74,38,38,150.0,graduate,N,pass
3495,Fatema Akter,18,male,Chattogram,Seven,91.3,2.0,47,65,53,165.0,Higher Secondary,1,FAIL
2185,,16,other,Dhaka ,Seven,83.4,5.5,88,57,75,220.0,Higher Secondary,no,pass
3337,Sabbir Chowdhury,17,female,CHATTOGRAM,10th,93.9,4.3,50,,78,128.0,,n/a,pass
2160,Fatema Das,11,O,barisal,7th,74.7,3.3,86,88,37,211.0,illiterate,N,Pass
6733,Farhan Islam,11,FEMALE,Mymensign,7,83.8,0.1,61,37,49,147.0,GRADUATE,yes,fail
7486,Shila Hossain,13,Male,Rajshahi ,Six,94.1,0.9,68,95,69,232.0,illiterate,NO,PASS
5713,Jannat Akter,14,Male,Rajshahi,9,88.4,3.0,absent,46,87,133.0,Illiterate,no,P
3411 ,Shila Ahmed,,F,chittagong,9,88.0,4.0,75,71,77,223.0,Higher Secondary,no,fail
8993,Karim Islam,17,female,Chittagong,06,88.6,3.0,,,66,66.0,Graduate,N,fail
3498,mim chowdhury,14,Other,CHATTOGRAM,8th,92.5,2.5,95,82,93,,Primary,0,Fail
2072,Bristi Chowdhury,13,other,khulna,Six,97.4,4.1,75,84,75,234.0,graduate,Y,
1368,Hasan Akter,14,M,Mymensign,06,83.5,5.8,38,44,50,,secondary,Y,Pass
2365,Shila Chowdhury,18,Female,rangpur,9th,96.3,2.6,60,87,57,204.0,,0,Pass
7710,Farhan Ahmed,14,MALE,Dhaka,7th,82.0,4.7,93,74,89,256.0,higher secondary,no,F
9836,Sadia Talukder,16,M,Sylhet,9th,73.2,2.8,30,53,84,167.0,Higher Secondary,n/a,P
3513,Sadia Rahman,12,Male,rangpur,10,99.1,2.3,41,-14,52,79.0,GRADUATE,1,FAIL
6365,Fatema Akter,15,FEMALE,rangpur,10th,94.5,2.9,88,89,56,233.0,Secondary,1,Fail
3502,Jannat Das,18,female,chittagong,7th,80.1,4.4,89,89,73,251.0,Unknown,n/a,Pass
4575,Rakib Das,14,M,,Six,92.9,2.2,36,92,71,199.0,,0,Pass
3142,Lima Rahman,16,F,Barisal,Nine,89.7,3.2,42,30,69,141.0,primary,No,F
6042,Farhan Chowdhury,12,O,rajshahi,10,,2.6,80,88,84,252.0,illiterate,Yes,Pass
1248,Tamim Das,14,Female,Barishal,7th,79.1,6.1,58,46,97,201.0,Secondary,NO,F
75,Tamim Sarker,17,M,Chattogram,7,89.1,2.2,46,36,75,157.0,N/A,1,Pass
5861,Nadia Akter,11,F,khulna,10th,102.5,2.9,97,39,51,187.0,secondary,N,FAIL
7335,Nadia Chowdhury,,F,Mymensingh,Eight,74.3,-2.4,62,89,50,201.0,Primary,1,Fail
2397,Zayed Ahmed,12,O,rajshahi,9,59.7,2.9,41,93,88,222.0,GRADUATE,1,P
8306,Riya Ahmed,18,male,Mymensign,9,69.8,5.5,59,47,59,165.0,Higher Secondary,No,FAIL
987,Hasan Islam,11,male,Khulna,Ten,103.7,4.9,95,87,31,213.0,unknown,No,
8348,Rafi Talukder,17,other,Barisal,Eight,86.9,3.2,74,97,39,210.0,Unknown,no,fail
4844,Farhan Akter,13,,mymensingh,Eight,100.8,5.6,52,65,67,,Graduate,No,FAIL
5960,Jannat Islam,12,female,Rajshahi,7,78.6,5.5,60,71,32,163.0,Post Graduate,No,F
8415,Kabir Khan,13,,barisal,8,98.0,1.1,57,99,48,204.0,graduate,N,pass
5599,Karim Rahman,fifteen,Female,rangpur,Nine,95.8,,51,56,86,193.0,secondary,1,FAIL
5762,Priya Hossain,15,Female,Khulna,10th,86.2,3.2,95,54,32,181.0,Primary,Yes,Pass
7700,Arif Rahman,14,FEMALE,Mymensingh,7th,89.0,1.5,47,33,40,120.0,postgraduate,1,Pass
4132,Sabbir Hossain,12,F,rangpur,Eight,83.4,3.5,52,76,96,224.0,Unknown,1,fail
1762,Farhan Ahmed,,MALE,rangpur,Seven,89.8,2.4,98,70,40,208.0,illiterate,No,
4264,Momo Ahmed,18,female,CHATTOGRAM,Ten,75.6,3.9,33,87,77,197.0,Illiterate,0,F
4213,Momo Sarker,12,male,Rangpur,8th,77.3,1.8,56,88,32,176.0,,N,pass
4044,Shila Sarker,16,female,Khulna,10th,86.1,3.0,66,70,78,214.0,GRADUATE,Y,Fail
STU-00531,Fatema Sarker,14,F,SYLHET,10,101.7,5.0,95,59,82,236.0,GRADUATE,,F
9614,Sohan Chowdhury,18,Other,Khulna,7th,66.6,3.1,84,40,81,205.0,secondary,No,fail
5125,Momo Das,16,MALE,Dacca,06,81.0,1.1,43,39,62,144.0,higher secondary,Y,PASS
3955,Shila Chowdhury,16,other,Mymensign,10,112.3,0.7,57,44,37,138.0,Illiterate,NO,PASS
7815,Priya Hossain,12,M,Sylhet,6th,73.6,3.5,79,77,109,265.0,unknown,N,FAIL
5064,Fatema Sarker,14,male,rajshahi,Nine,98.8,5.0,51,89,95,235.0,GRADUATE,yes,F
5721,Ayesha Akter,15,FEMALE,Rangpur,6,92.3,3.1,32,95,40,167.0,postgraduate,n/a,pass
224,Bristi Ahmed,16,other,mymensingh,9,103.0,4.0,44,,78,122.0,secondary,n/a,F
7908,Sabbir Islam,16,F,rangpur,7,84.4,1.5,53,64,97,214.0,Secondary,N,PASS
STU-09724,Ayesha Chowdhury,14,MALE,Khulna,10,94.4,3.6,84,94,50,228.0,postgraduate,NO,F
1780,Rafi Talukder,,MALE,dhaka,Nine,83.9,4.0,62,52,83,197.0,Primary,Y,FAIL
1026,Rakib Rahman,12,Female,Khulna,9,85.7,5.9,77,94,67,238.0,Secondary,0,PASS
6569,Rahim Akter,,female,Mymensingh,7,84.3,0.6,79,91,82,252.0,PRIMARY,yes,F
3779,Rupa Khan,11,Male,Sylhet,7th,84.2,3.2,39,86,42,167.0,unknown,1,FAIL
8274,Imran Chowdhury,15,Other,CHATTOGRAM,9,89.6,-0.1,51,33,73,157.0,PRIMARY,1,pass
8764,Riya Akter,16,O,Chittagong,10th,93.0,3.5,71,51,62,184.0,Illiterate,N,pass
2717,Mitu Hossain,11,male,khulna,10,70.2,1.8,58,43,46,147.0,N/A,No,fail
6207,Nusrat Das,11,female,,6th,80.4,2.8,59,76,49,184.0,higher secondary,,fail
8695,Shila Hossain,16,Male,Mymensingh,10,75.0,2.3,79,70,99,error,N/A,N,fail
6994,Sadia Sarker,15,,sylhet,7th,77.9,1.8,38,56,52,146.0,Secondary,,P
3483,Mim Rahman,15,female,Rangpur,7th,79.2,-0.0,58,52,65,175.0,unknown,yes,fail
4654,Rupa Talukder,17,female,Khulna,9th,71.9,0.5,74,61,61,196.0,postgraduate,,F
3403,Shila Hossain,12,male,Mymensingh,Six,77.3,3.8,46,42,92,180.0,higher secondary,N,Fail
6254,Rafi Islam,fifteen,female,mymensingh,Seven,91.8,3.5,77,38,-17,98.0,Post Graduate,,F
5726,Momo Das,12,F,SYLHET,10,77.1,,44,84,70,198.0,Graduate,NO,fail
6795,Karim Rahman,18,,Rajshahi,Ten,94.3,4.6,90,30,76,196.0,Unknown,no,Pass
3870,Karim Talukder,18,MALE,Dhaka,8th,71.1,4.7,40,69,94,203.0,Graduate,1,PASS
5742,Sadia Islam,15,female,Rajshahi,Seven,78.8,1.5,32,90,31,153.0,Higher Secondary,Y,
5801,Priya Khan,11,male,rajshahi,6,80.9,20.3,51,96,79,226.0,postgraduate,0,pass
1379,Imran Islam,14,Male,Dhaka ,6,91.4,3.2,66,82,59,207.0,GRADUATE,0,P
7399,Sadia Chowdhury,11,MALE,Mymensingh,6,86.4,1.8,74,95,52,221.0,postgraduate,N,P
1552,Zayed Islam,13,M,rangpur,Ten,84.6,4.6,71,86,97,254.0,illiterate,1,FAIL
3137,Sohan Das,18,FEMALE,Khulna,Nine,95.8,4.0,67,46,56,169.0,Higher Secondary,,FAIL
8504,Priya Talukder,11,,Mymensign,Ten,75.9,0.8,65,57,54,176.0,Higher Secondary,,F
1632,Jannat Islam,fifteen,MALE,SYLHET,7th,75.3,4.5,52,45,51,164.0,Primary,1,FAIL
4261,Karim Akter,255,M,Dhaka,Nine,57.8,1.4,38,77,68,183.0,Graduate,1,F
4454,Lima Sarker,18,O,Barishal,Ten,93.8,3.4,67,31,38,136.0,higher secondary,N,P
6505,Imran Das,15,,khulna,7th,,2.3,42,48,95,185.0,Graduate,1,Fail
3811,Farhan Chowdhury,12,,rangpur,Seven,87.1,4.7,75,95,73,243.0,Higher Secondary,yes,PASS
5467,Momo Rahman,14,Female,Mymensign,10,70.3,5.3,75,77,69,221.0,PRIMARY,No,
9447,Tamim Akter,11,M,Rangpur,10,85.8,4.3,43,97,95,235.0,higher secondary,1,FAIL
5924,Mitu Talukder,14,Male,Rajshahi ,Eight,76.3,1.0,68,59,86,203.0,graduate,,FAIL
129 ,Tamim Ahmed,18,female,Ctg,9,78.2,-0.3,67,52,92,211.0,Post Graduate,,Pass
1010,Jannat Talukder,14,,dhaka,Eight,91.2,4.9,98,60,74,232.0,GRADUATE,N,fail
1291,Jannat Islam,13,Other,rangpur,Eight,78.4,2.0,62,90,33,185.0,Higher Secondary,YES,
5343,Nadia Ahmed,12,O,khulna,6th,93.4,3.8,84,92,47,223.0,higher secondary,No,FAIL
202,Mim Khan,16,Male,khulna,Ten,86.9,2.8,-31,52,71,92.0,PRIMARY,Y,F
STU-03696,Mim Islam,11,FEMALE,chittagong,8th,96.7,3.7,64,58,67,189.0,Primary,yes,P
7441,Riya Sarker,17,Other,rajshahi,06,90.4,4.1,96,98,78,272.0,Primary,1,Pass
9848,Arif Ahmed,16,other,Mymensingh,7th,108.0,,99,99,86,284.0,Post Graduate,No,F
5518,Ayesha Khan,11,other,rajshahi,10th,95.5,2.5,71,80,87,238.0,N/A,Yes,FAIL
5914,Kabir Akter,18,Female,Rajshahi ,8,79.3,0.0,45,55,94,194.0,Post Graduate,No,PASS
955,Priya Das,16,M,sylhet,10th,79.4,2.0,31,81,95,207.0,,YES,
4021,Priya Chowdhury,15,O,Chittagong,10th,100.0,2.8,65,37,57,159.0,Higher Secondary,Yes,PASS
2362,Jannat Rahman,11,O,Ctg,8th,72.5,3.7,43,95,63,201.0,PRIMARY,N,PASS
8150,Zayed Rahman,fifteen,MALE,Sylhet,10,88.3,3.9,40,75,,99.0,Post Graduate,no,Pass
4690,Rakib Akter,,Male,Mymensign,8,69.8,5.5,95,82,38,215.0,N/A,0,fail
8395,Ayesha Sarker,15,,Barishal,9th,87.8,4.9,76,37,37,150.0,primary,,PASS
8022,Imran Islam,11,,Mymensingh,9th,55.8,2.4,46,96,67,209.0,GRADUATE,Y,
983,Anik Ahmed,18,Male,Chattogram,7,85.7,1.4,77,67,60,204.0,,n/a,Pass
3697,Zayed Chowdhury,15,M,CHATTOGRAM,8th,82.0,2.2,73,55,54,182.0,GRADUATE,No,F
6143,Rahim Khan,14,F,Dhaka,8,86.5,0.5,53,53,32,138.0,Graduate,Yes,Pass
6077,Sabbir Hossain,16,male,  Dhaka,9th,102.7,5.1,57,50,33,140.0,unknown,No,pass
2381,Imran Sarker,18,M,,Six,85.6,4.9,-2,54,48,100.0,,1,Fail
2487,Priya Akter,17,Other,Sylhet,7,66.9,1.5,75,88,99,262.0,Unknown,no,Pass
6471,Rafi Hossain,17,O,Chattogram,06,69.9,4.5,62,85,57,204.0,higher secondary,NO,Fail
3207 ,Shila Ahmed,15,FEMALE,barisal,8,96.1,2.1,77,66,77,220.0,,Y,PASS
5959,Mim Sarker,16,female,SYLHET,06,87.3,5.2,88,63,93,244.0,higher secondary,Yes,Fail
3090 ,Zayed Hossain,14,Female,khulna,Seven,89.8,3.7,84,81,67,232.0,higher secondary,NO,PASS
6167,Mim Das,12,,khulna,7th,80.0,2.5,94,81,94,269.0,graduate,1,Fail
1188,Lima Islam,16,male,Rangpur,06,74.3,3.1,30,77,79,186.0,Secondary,yes,F
6426 ,Rahim Islam,13,Female,CHATTOGRAM,10,50.7,3.6,98,78,87,263.0,illiterate,YES,pass
6439,Tamim Hossain,14,male,Mymensign,Seven,83.3,3.2,83,44,59,186.0,Post Graduate,YES,PASS
4448,Nusrat Rahman,12,FEMALE,Sylhet,8,92.0,1.8,39,86,59,184.0,Illiterate,No,
7500,Fatema Rahman,16,Other,Chattogram,Nine,82.1,0.0,87,51,86,224.0,postgraduate,NO,Fail
3920,Nadia Chowdhury,14,M,chittagong,9th,77.6,1.8,97,79,-13,177.0,GRADUATE,Y,Pass
1596,Zayed Khan,13,female,Mymensingh,Nine,139.2,4.9,-25,44,88,107.0,Higher Secondary,NO,pass
4093,Karim Talukder,16,Female,Rangpur,Ten,104.6,7.0,56,69,74,199.0,Primary,Y,FAIL
8235,Jannat Khan,15,Male,rajshahi,Ten,64.0,3.8,57,56,76,189.0,Unknown,no,
230,Zayed Chowdhury,15,Other,Rangpur,Ten,69.4,4.6,74,37,82,193.0,unknown,,F
6246,Fatema Ahmed,14,M,Dhaka ,Ten,84.6,2.6,55,84,36,error,illiterate,n/a,Fail
3348,Riya Rahman,,M,Barisal,7th,82.9,2.1,41,53,80,174.0,Unknown,Yes,
9530,Momo Talukder,13,MALE,Rajshahi ,Nine,90.7,2.3,81,79,56,216.0,secondary,,P
5169,Tamim Das,16,male,Barishal,Seven,83.8,4.5,91,88,90,269.0,secondary,yes,Pass
1274,Fatema Talukder,15,FEMALE,Rajshahi,6th,93.5,1.1,60,65,83,208.0,secondary,Yes,P
575,Tamim Das,13,F,Barisal,9,86.5,2.6,69,88,84,241.0,graduate,No,Fail
145,Hasan Ahmed,13,Male,chittagong,9,70.0,2.6,80,83,53,error,illiterate,n/a,FAIL
6273,Rafi Talukder,13,Male,Rangpur,Six,92.8,6.6,absent,87,79,,unknown,NO,Fail
8062,Sohan Rahman,18,MALE,mymensingh,10th,78.3,0.3,57,48,59,164.0,Higher Secondary,0,FAIL
6144,Nusrat Talukder,13,FEMALE,mymensingh,Six,85.0,,95,69,38,202.0,graduate,n/a,Fail
2621,Momo Khan,16,MALE,CHATTOGRAM,Ten,238.2,3.0,82,62,35,179.0,primary,NO,F
4915,Zayed Akter,13,M,Barisal,10th,83.6,3.7,56,54,65,188.0,unknown,NO,pass
5995,Zayed Chowdhury,17,M,khulna,8,86.5,2.6,42,71,73,186.0,Post Graduate,N,
9648,Momo Das,15,Other,  Dhaka,6,90.6,3.8,65,96,75,,Graduate,Y,Pass
4972,Imran Ahmed,17,O,SYLHET,9,74.8,1.8,64,86,98,248.0,Illiterate,Yes,Fail
2771,Karim Sarker,15,Male,Dhaka ,06,90.9,2.6,,70,93,163.0,,Y,Fail
4890,Hasan Das,13,female,Rajshahi,Ten,102.8,1.0,61,35,78,174.0,N/A,,pass
7323,Shila Sarker,18,other,Sylhet,Six,80.2,3.0,95,66,67,228.0,illiterate,YES,F
7506,Ayesha Khan,17,Male,rangpur,10th,81.1,2.9,38,42,74,154.0,Higher Secondary,yes,Fail
989,Sadia Ahmed,11,female,DHAKA,9,80.2,2.9,32,75,84,191.0,primary,yes,PASS
9425,Jannat Islam,11,F,khulna,8,90.5,4.2,65,52,84,201.0,postgraduate,Y,pass
4481,Nadia Chowdhury,18,Other,Rangpur,7,79.6,5.0,41,69,63,173.0,Higher Secondary,NO,Pass
7978,Rahim Akter,11,Other,Mymensign,8,78.1,1.3,53,83,50,186.0,graduate,,FAIL
3851,Mitu Khan,18,Female,Barishal,Six,71.3,1.6,55,53,56,164.0,N/A,YES,fail
6223,Tanvir Rahman,14,,Sylhet,6,82.5,1.6,70,78,36,184.0,PRIMARY,n/a,Fail
6685,Farhan Sarker,17,female,SYLHET,Six,75.1,2.5,50,41,38,129.0,illiterate,No,FAIL
3566,Sabbir Akter,14,MALE,barisal,7,98.6,4.7,97,58,46,201.0,Illiterate,0,Pass
6504,Farhan Islam,11,Female,Rajshahi ,7th,81.4,3.7,32,68,51,151.0,primary,YES,FAIL
3888,Kabir Ahmed,17,other,rangpur,9th,84.0,1.3,84,72,51,207.0,secondary,N,pass
3297,Rahim Talukder,17,Male,Barishal,Nine,102.9,3.0,42,84,46,172.0,GRADUATE,Y,pass
4404,Tanvir Ahmed,11,Male,Rajshahi,Seven,73.6,2.1,81,65,68,214.0,Graduate,0,Fail
3462 ,Ayesha Chowdhury,17,M,CHATTOGRAM,6th,90.1,5.0,90,36,67,193.0,Primary,NO,pass
4910,Riya Khan,18,O,Mymensingh,7th,86.7,1.7,85,63,41,189.0,,N,fail
4138,Arif Islam,15,other,mymensingh,9,76.4,3.1,56,94,37,187.0,illiterate,YES,Pass
8698,Rupa Ahmed,,female,Dhaka,9,98.7,-2.3,80,41,90,211.0,postgraduate,n/a,Pass
7957,Sohan Khan,,other,Rajshahi,06,95.4,4.7,63,96,57,216.0,Illiterate,no,Pass
8778,Ayesha Chowdhury,14,FEMALE,Sylhet,7th,84.2,0.8,73,95,65,233.0,,1,Fail
8029,Rupa Talukder,16,other,Barisal,10,89.5,3.6,45,59,97,201.0,GRADUATE,0,fail
4795,Imran Talukder,18,O,Ctg,Nine,93.3,3.4,94,98,90,282.0,secondary,yes,fail
726,Arif Khan,17,O,Rajshahi,7,84.3,3.5,83,45,49,177.0,Primary,,P
6064,Nadia Islam,16,,sylhet,8,86.3,0.9,50,51,84,185.0,primary,n/a,Pass
2052,Farhan Ahmed,18,Female,Khulna,Six,79.1,5.8,,71,60,131.0,GRADUATE,1,Fail
5784,Mim Das,18,M,  Dhaka,Six,88.6,,86,56,90,232.0,graduate,Y,P
4312,Bristi Talukder,-5,Other,KHULNA ,7,90.9,3.7,99,36,73,208.0,Higher Secondary,N,pass
2147,Arif Hossain,11,F,SYLHET,8,67.4,4.2,85,91,63,239.0,Graduate,Y,fail
2697,Rupa Khan,16,male,barisal,Nine,88.4,4.2,99,36,43,178.0,Illiterate,0,
STU-02483,Rafi Talukder,15,other,Rajshahi ,6,74.0,0.5,42,40,40,122.0,Illiterate,yes,PASS
1371,Bristi Chowdhury,13,Female,khulna,9,78.7,3.1,30,78,58,171.0,PRIMARY,yes,
1567,Rupa Hossain,14,MALE,barisal,6,86.3,5.3,68,71,52,191.0,,,F
7417,Rahim Khan,11,M,Barishal,8,85.9,4.8,47,32,83,162.0,secondary,NO,P
5415,Rupa Akter,14,Other,CHATTOGRAM,Nine,74.8,4.6,99,56,39,194.0,,NO,F
1517,Sabbir Das,17,other,Chittagong,9th,66.6,4.3,53,99,83,252.0,Higher Secondary,yes,pass
6845,Mim Chowdhury,12,O,mymensingh,Nine,87.2,1.2,85,54,43,182.0,PRIMARY,1,P
5863,Rafi Hossain,13,female,Barisal,9th,86.2,1.8,84,38,80,202.0,illiterate,No,Fail
3628,Tamim Talukder,16,F,dhaka,8th,,0.9,92,43,56,191.0,higher secondary,Y,fail
3309,Rakib Khan,18,F,khulna,Six,84.1,2.9,89,88,65,242.0,illiterate,,Fail
3732,Hasan Ahmed,18,other,Khulna,Seven,81.7,3.0,31,91,93,215.0,postgraduate,1,fail
1038,Imran Khan,18,female,mymensingh,06,86.3,2.3,47,38,67,154.0,graduate,no,pass
2438,Arif Akter,13,MALE,Rajshahi,Nine,N/A,3.4,88,69,83,240.0,Graduate,YES,Fail
3000,Mim Rahman,12,O,rangpur,Six,87.9,5.5,78,79,43,200.0,graduate,YES,PASS
STU-01511,Kabir Islam,17,FEMALE,Ctg,8th,95.7,1.1,48,76,37,161.0,Secondary,Y,FAIL
412,Jannat Ahmed,16,other,CHATTOGRAM,9th,82.3,5.2,61,96,96,253.0,PRIMARY,yes,pass
8957,Sabbir Ahmed,11,Male,Dhaka ,9,89.0,3.3,53,48,80,181.0,Unknown,Y,PASS
7775,Farhan Talukder,14,Female,Sylhet,9th,76.7,3.7,67,99,55,221.0,higher secondary,,fail
3260,Anik Chowdhury,16,male,Rajshahi,Eight,86.5,3.3,84,30,96,210.0,Primary,No,F
5393,Riya Islam,16,MALE,CHATTOGRAM,6th,80.5,3.7,50,55,85,190.0,primary,n/a,Pass
1318,Sadia Sarker,15,FEMALE,Rangpur,8,77.0,3.1,35,70,84,189.0,N/A,YES,Pass
7572,Sadia Sarker,16,O,barisal,10,91.9,3.1,75,75,65,215.0,PRIMARY,N,pass
3070,Ayesha Ahmed,11,Other,Rangpur,Eight,76.3,1.2,79,92,76,247.0,Unknown,,fail
6646,Rahim Hossain,17,F,Barishal,Ten,100.8,3.0,69,35,62,166.0,secondary,Y,
4672,Mim Hossain,18,Female,chittagong,Seven,74.5,2.2,88,64,60,212.0,Higher Secondary,N,fail
STU-07988,Zayed Rahman,15,M,khulna,8,80.4,2.8,69,72,-7,134.0,PRIMARY,,PASS
4855,Sadia Chowdhury,13,FEMALE,rangpur,8th,72.3,2.9,38,60,72,170.0,Unknown,No,Fail
4891,Karim Khan,17,O,Rajshahi,8th,82.0,6.5,69,88,92,,Primary,N,FAIL
8218,Sohan Das,13,FEMALE,khulna,8,80.2,1.5,99,59,84,242.0,secondary,Y,FAIL
3393,Sadia Islam,16,MALE,Dhaka,9,76.4,1.2,97,36,96,229.0,illiterate,0,pass
5223,Tamim Talukder,16,Male,  Dhaka,Ten,81.7,0.7,99,57,42,198.0,higher secondary,no,PASS
7674,Rafi Ahmed,14,Female,KHULNA ,6th,94.6,1.9,82,41,54,177.0,primary,n/a,pass
506,Ayesha Ahmed,12,Male,rajshahi,Eight,76.5,1.6,86,76,68,230.0,unknown,0,
1561,Ayesha Hossain,16,M,rangpur,Six,80.0,3.0,38,92,63,193.0,Primary,NO,pass
STU-07539,Mitu Sarker,18,O,Barishal,9,88.6,3.3,50,34,95,179.0,graduate,n/a,pass
6611,Jannat Akter,11,F,khulna,06,75.9,2.1,86,49,43,178.0,Primary,1,pass
7617,Rakib Talukder,13,male,Sylhet,6,71.6,1.1,54,74,30,158.0,higher secondary,1,FAIL
6405,Mitu Sarker,17,Female,Barisal,7th,83.6,2.7,39,35,49,123.0,Graduate,n/a,
8803,Rupa Khan,12,MALE,Rajshahi ,7,81.2,3.8,298,71,67,436.0,N/A,no,pass
1121,Rahim Sarker,13,FEMALE,sylhet,6th,97.0,3.3,91,52,75,218.0,Secondary,no,pass
9757,Shila Sarker,fifteen,O,Barishal,6th,81.7,2.6,90,94,59,243.0,graduate,NO,PASS
4683,Lima Rahman,14,F,rajshahi,7,84.9,1.0,41,54,42,137.0,GRADUATE,Y,pass
4708,Sohan Rahman,18,,rangpur,7,87.2,0.8,92,66,87,245.0,Primary,NO,fail
7283,Rupa Akter,15,O,rangpur,Eight,72.5,2.9,64,60,77,201.0,Higher Secondary,No,fail
6570,Momo Rahman,15,FEMALE,khulna,Nine,86.8,1.0,88,72,46,190.0,,,pass
3942,Karim Chowdhury,15,Female,Rajshahi,Nine,87.7,3.4,83,85,69,237.0,PRIMARY,n/a,
2738,Anik Akter,17,O,Rangpur,10th,92.4,1.6,93,60,92,245.0,Illiterate,0,P
5632,Bristi Sarker,271,FEMALE,rajshahi,Nine,78.0,3.5,33,75,37,145.0,GRADUATE,n/a,Pass
8541,Zayed Islam,17,O,Rangpur,Seven,88.0,4.3,57,71,56,184.0,Primary,No,fail
4982,Rafi Akter,11,MALE,rajshahi,8,81.5,2.9,48,72,90,210.0,Illiterate,No,pass
2052,Farhan Ahmed,18,Female,Khulna,Six,79.1,5.8,,71,60,131.0,GRADUATE,1,Fail
4879,Nusrat Islam,14,FEMALE,chittagong,Six,74.3,2.6,,74,87,161.0,graduate,1,
2518 ,Rafi Ahmed,11,Female,rangpur,10th,92.7,3.1,63,61,58,182.0,GRADUATE,N,pass
7190,Ayesha Hossain,15,M,Chittagong,Nine,95.9,-0.3,35,38,35,108.0,Unknown,No,F
2549,Nadia Khan,11,FEMALE,SYLHET,10,79.8,3.0,58,52,63,173.0,Post Graduate,,pass
STU-08854,Arif Talukder,14,Female,rangpur,Eight,95.9,4.4,63,54,86,203.0,secondary,0,pass
6554,Rahim Das,15,F,sylhet,Eight,90.3,4.6,34,73,44,151.0,unknown,yes,FAIL
409,Nusrat Hossain,12,Other,,8,84.7,2.7,64,94,84,242.0,N/A,no,pass
3392,Rakib Hossain,17,MALE,barisal,6,94.7,2.9,82,67,81,230.0,N/A,NO,PASS
8357,Mim Das,13,other,Chittagong,Eight,80.5,1.0,74,32,81,187.0,,yes,F
STU-02292,Jannat Khan,14,other,Barishal,9,87.9,,77,74,,151.0,primary,1,Pass
2337 ,Riya Khan,18,male,KHULNA ,Nine,95.0,,69,76,37,170.0,postgraduate,1,pass
7823,Imran Khan,18,O,,9th,75.8,3.3,54,78,37,169.0,higher secondary,Y,PASS
6069,Zayed Talukder,18,male,Khulna,7th,72.1,4.4,33,53,50,136.0,PRIMARY,Yes,pass
5819,Karim Akter,15,M,sylhet,9,96.6,1.1,70,37,94,201.0,higher secondary,yes,P
5282,Shila Talukder,17,Male,Mymensign,Nine,81.5,2.1,37,,53,90.0,primary,,P
3771,Jannat Akter,12,M,Barishal,Ten,88.3,2.3,69,53,40,162.0,postgraduate,No,
7236,Nadia Das,13,M,sylhet,Ten,71.8,4.3,43,43,83,169.0,GRADUATE,n/a,pass
5964,Rafi Chowdhury,15,Other,mymensingh,6th,84.4,,79,64,78,221.0,Unknown,No,P
STU-05851,Farhan Hossain,12,,Ctg,06,91.7,3.0,37,92,85,214.0,illiterate,no,P
7471,Bristi Khan,16,FEMALE,Mymensingh,10,74.6,2.9,65,66,61,192.0,higher secondary,yes,
5062,Kabir Chowdhury,18,M,CHATTOGRAM,Ten,75.1,1.0,40,48,56,144.0,,No,FAIL
2861,Priya Khan,15,male,Sylhet,6,93.4,4.0,63,65,59,187.0,Higher Secondary,Yes,
2364,Sohan Das,18,F,Barishal,Nine,78.2,2.4,77,96,95,268.0,primary,Y,FAIL
4625,Bristi Khan,17,other,DHAKA,8,93.1,4.3,67,60,58,185.0,GRADUATE,Yes,
7322,Arif Talukder,17,O,mymensingh,06,72.7,4.1,76,,92,168.0,higher secondary,Yes,Fail
6065,Jannat Chowdhury,15,O,Dhaka,9,85.0,2.8,71,81,67,,Higher Secondary,1,Fail
4124,Sohan Chowdhury,17,FEMALE,Mymensign,9th,76.1,4.0,93,33,60,186.0,higher secondary,N,Fail
275,Jannat Talukder,18,Female,KHULNA ,6th,89.1,1.8,96,71,68,225.0,Unknown,,fail
7999 ,Fatema Khan,14,MALE,Chittagong,9,79.3,2.3,46,49,88,183.0,Unknown,,F
6277,Riya Akter,16,Female,KHULNA ,8th,76.1,1.7,83,91,88,262.0,Illiterate,No,Fail
7814,Anik Chowdhury,18,female,Barishal,Ten,76.2,2.2,93,48,57,198.0,primary,yes,FAIL
6399,Rahim Hossain,12,male,Rangpur,6th,93.3,4.4,43,78,72,193.0,,N,PASS
3383,Anik Das,18,F,Rajshahi,Six,80.6,3.9,76,58,78,212.0,GRADUATE,NO,PASS
6734,Lima Khan,11,Female,Rajshahi,Seven,83.5,20.3,38,31,48,117.0,Unknown,0,pass
9276,Sabbir Sarker,17,MALE,Sylhet,9,75.0,1.9,38,43,51,132.0,Higher Secondary,Y,F
3705,Sohan Das,15,O,Dacca,8th,100.2,2.7,42,69,59,170.0,Graduate,yes,FAIL
586,Imran Chowdhury,12,,sylhet,6th,84.2,3.8,91,67,96,254.0,,1,pass
838,Fatema Akter,11,O,barisal,Six,90.9,2.4,90,83,69,242.0,Unknown,yes,Pass
4807,Tamim Akter,15,Other,Chittagong,Eight,67.7,3.5,88,88,96,272.0,postgraduate,Y,
4400,Fatema Hossain,16,Female,Dacca,9,86.4,4.4,51,67,43,161.0,Primary,1,fail
2616,Sadia Akter,18,MALE,sylhet,Six,69.5,2.8,94,98,297,489.0,Unknown,no,P
5347,Ayesha Chowdhury,15,MALE,Rajshahi,6th,91.5,1.4,91,94,96,281.0,Post Graduate,n/a,
7244,Mim Sarker,18,,Rangpur,Six,-44.3,2.2,87,51,69,207.0,primary,YES,fail
1554,Jannat Talukder,11,F,SYLHET,Nine,85.2,2.4,79,51,42,,PRIMARY,1,Fail
817,Jannat Ahmed,11,other,CHATTOGRAM,6,72.1,3.2,60,93,54,207.0,illiterate,N,
303,Nadia Akter,13,other,chittagong,9th,97.1,2.5,34,84,31,149.0,graduate,no,PASS
2620,Riya Chowdhury,14,female,Khulna,7th,72.6,2.2,47,35,36,118.0,primary,NO,FAIL
8142,Mim Islam,13,Other,barisal,Nine,104.0,2.1,72,65,86,229.0,PRIMARY,0,pass
2486,Shila Hossain,16,Male,barisal,6,73.1,1.2,36,43,77,156.0,primary,N,
STU-00567,Sabbir Rahman,17,FEMALE,rangpur,9th,-33.3,1.8,42,98,55,195.0,Higher Secondary,,FAIL
1064 ,Lima Khan,17,MALE,  Dhaka,Nine,75.6,4.7,58,46,43,147.0,Unknown,Yes,fail
2820,Nusrat Khan,14,female,SYLHET,6th,81.4,1.3,54,46,71,171.0,Secondary,yes,fail
953,Momo Akter,16,F,Mymensingh,9th,78.7,4.1,69,77,83,229.0,higher secondary,no,PASS
160,Hasan Sarker,14,F,KHULNA ,9,72.2,5.6,38,82,73,193.0,postgraduate,Yes,fail
924,Imran Sarker,11,female,Khulna,Nine,80.2,3.5,81,,69,150.0,Higher Secondary,YES,Fail
7019,Rakib Akter,11,other,Khulna,6th,76.5,2.1,66,32,36,134.0,Graduate,No,
9817,Shila Chowdhury,16,male,CHATTOGRAM,Nine,96.3,3.8,50,60,39,149.0,secondary,n/a,F
3532,Rafi Akter,16,Male,DHAKA,Nine,93.7,4.2,57,55,67,179.0,Higher Secondary,N,pass
7900,Sadia Chowdhury,12,,Barishal,8th,68.7,-4.3,93,68,57,218.0,Illiterate,N,
1840,Nadia Das,18,,Sylhet,7th,74.4,3.4,77,38,52,167.0,,YES,F
2057,Anik Hossain,-1,male,Mymensign,Seven,87.2,0.9,73,78,82,,higher secondary,,F
8682,Farhan Islam,13,FEMALE,Chattogram,6th,N/A,1.1,83,61,33,177.0,N/A,NO,Fail
3714,Farhan Islam,14,MALE,KHULNA ,10th,65.2,3.8,37,34,54,125.0,Post Graduate,YES,
4926,Sadia Akter,16,male,Mymensign,7,83.9,3.8,87,84,57,228.0,N/A,n/a,Fail
386,Riya Islam,16,MALE,rangpur,9th,94.5,5.6,,84,45,129.0,Post Graduate,0,FAIL
2284,Anik Das,16,Female,Rangpur,10th,76.2,3.8,72,91,33,196.0,illiterate,,fail
1825,Sabbir Talukder,13,female,Rangpur,Seven,86.5,2.7,62,73,37,172.0,,n/a,fail
5485,Lima Talukder,14,other,Mymensign,9th,82.8,4.2,80,39,57,176.0,GRADUATE,N,FAIL
4420,Mim Hossain,14,Other,Ctg,7th,89.3,3.0,58,72,63,,Illiterate,YES,FAIL
1589,Shila Hossain,13,,rangpur,10,93.7,6.6,85,65,83,233.0,Illiterate,NO,P
2872,Fatema Hossain,12,male,Dhaka ,Eight,89.7,2.9,32,52,46,130.0,Primary,no,FAIL
3349,Sabbir Rahman,195,other,Mymensign,8th,,3.0,60,45,49,154.0,,N,
5401,Tamim Akter,13,Female,Rajshahi,7th,109.1,1.4,93,65,94,252.0,unknown,Y,
4090,Nadia Islam,12,Other,Rangpur,Six,97.0,3.3,95,75,38,208.0,Secondary,YES,Pass
5889,Priya Hossain,11,other,rangpur,10,103.5,4.2,80,41,80,201.0,Higher Secondary,No,P
9792,Nusrat Sarker,14,male,Dhaka ,6,95.5,1.8,42,41,53,136.0,Primary,n/a,P
882,Momo Talukder,14,Male,Rajshahi,8th,70.9,3.1,37,65,43,145.0,Illiterate,n/a,Fail
3161,Ayesha Rahman,12,M,chittagong,8,98.6,0.8,81,36,74,191.0,Higher Secondary,yes,F
964,Sadia Akter,16,M,Chattogram,8,66.0,3.0,71,77,73,221.0,Post Graduate,,P
353,Priya Chowdhury,15,Female,KHULNA ,7th,89.3,4.0,70,68,78,216.0,higher secondary,1,pass
8983,Rahim Ahmed,16,F,Rangpur,9,72.4,6.8,32,38,61,131.0,Illiterate,N,Pass
6587,Momo Sarker,,F,DHAKA,9,97.9,2.5,83,79,73,235.0,,Y,FAIL
8194,Farhan Ahmed,-18,MALE,chittagong,Six,93.9,-4.3,79,90,96,254.0,GRADUATE,0,pass
9006,Priya Ahmed,13,F,Barisal,8,78.6,2.7,58,31,47,136.0,Unknown,N,P
69,Rafi Das,13,F,Barishal,9th,67.1,1.2,53,52,91,196.0,N/A,Y,fail
8596,Farhan Sarker,13,,Barisal,7th,84.2,2.9,54,88,86,error,GRADUATE,YES,fail
8117,Ayesha Das,17,FEMALE,Rangpur,06,88.6,2.6,49,,82,131.0,higher secondary,no,Pass
7195,Sohan Akter,12,O,rajshahi,Ten,88.5,3.7,38,36,92,166.0,primary,,fail
1162 ,Zayed Hossain,12,female,SYLHET,Ten,106.1,3.6,263,72,58,393.0,primary,n/a,Fail
219,Rakib Ahmed,15,O,SYLHET,Nine,83.8,1.2,93,67,61,221.0,Higher Secondary,YES,Pass
STU-04274,Riya Khan,15,other,Rajshahi ,06,78.0,5.3,73,55,48,176.0,secondary,Yes,FAIL
1201,Tanvir Khan,12,MALE,Dacca,7,86.9,2.6,59,54,92,205.0,higher secondary,Yes,pass
6073,Riya Khan,14,other,sylhet,Nine,86.4,1.3,96,36,,132.0,Graduate,Yes,Pass
2916,Fatema Rahman,15,O,Mymensign,Eight,97.7,2.9,47,56,35,138.0,Post Graduate,no,F
1757,Priya Akter,17,other,Rangpur,9,80.9,5.3,67,69,95,231.0,Higher Secondary,YES,fail
3487,Sohan Chowdhury,18,Female,KHULNA ,6,84.2,2.8,48,98,41,187.0,Unknown,,fail
6703 ,Rahim Akter,16,,dhaka,Eight,64.1,4.5,84,92,35,211.0,Higher Secondary,NO,Pass
2720,Ayesha Das,14,male,CHATTOGRAM,Eight,73.8,1.9,65,37,47,149.0,unknown,no,FAIL
2242,Kabir Chowdhury,12,F,rajshahi,10th,75.6,3.6,90,96,83,269.0,GRADUATE,,Fail
6025,Sohan Talukder,12,male,Rajshahi ,8th,,3.7,-21,-11,59,27.0,N/A,Yes,Pass
5594,Karim Chowdhury,fifteen,Male,Sylhet,10th,80.3,2.1,86,,47,133.0,graduate,0,F
3750,Sadia Chowdhury,11,,Rangpur,Eight,79.5,2.3,90,72,44,206.0,Primary,No,
9199,Lima Sarker,18,other,Rangpur,6th,80.5,2.6,79,,absent,79.0,illiterate,N,Fail
539,Jannat Das,13,FEMALE,Rajshahi,Eight,88.5,3.4,33,56,55,144.0,Primary,1,P
1331,Nadia Talukder,18,FEMALE,mymensingh,9,92.6,3.8,66,61,76,203.0,,0,PASS
2304,Rahim Hossain,15,FEMALE,rajshahi,Seven,89.6,2.8,69,51,59,179.0,PRIMARY,YES,pass
1613,Sabbir Akter,16,female,rangpur,6th,93.5,2.5,30,57,82,169.0,secondary,N,fail
1489,Sadia Hossain,11,Female,barisal,Seven,64.3,0.4,30,89,41,160.0,,0,Fail
1745,Rupa Rahman,17,Male,KHULNA ,Six,97.6,1.5,81,52,64,197.0,,NO,P
9398,Rahim Ahmed,16,female,Rangpur,Eight,77.2,0.9,93,67,37,197.0,Graduate,No,P
1039,Ayesha Talukder,15,FEMALE,Rajshahi,7,81.0,4.9,99,73,57,229.0,N/A,YES,P
1394,Jannat Talukder,18,female,,Eight,87.5,4.0,30,80,99,209.0,Primary,Y,PASS
5406,Nusrat Das,15,male,mymensingh,7,93.1,-0.1,40,34,87,161.0,unknown,n/a,
3646,Fatema Ahmed,18,Male,SYLHET,9,94.1,3.0,52,37,45,134.0,postgraduate,NO,Pass
5963,Kabir Talukder,15,FEMALE,Rangpur,8,101.4,2.7,99,52,85,236.0,unknown,no,PASS
3801,Tanvir Das,14,female,Chittagong,6th,N/A,4.9,90,73,49,212.0,Secondary,Yes,
9232,Kabir Ahmed,18,O,SYLHET,06,87.0,4.9,31,-21,45,55.0,unknown,No,FAIL
2813,Sadia Khan,14,male,KHULNA ,06,72.7,2.7,48,31,84,163.0,Graduate,yes,FAIL
2670,Imran Chowdhury,18,other,Dacca,06,103.4,3.5,79,74,88,241.0,Higher Secondary,1,PASS
9102,Rupa Akter,18,,rangpur,6th,77.4,4.0,92,48,30,170.0,,yes,FAIL
7845,Lima Hossain,16,FEMALE,Rajshahi ,Seven,99.4,2.1,80,32,56,168.0,Primary,NO,Pass
5214,Sadia Hossain,14,Male,mymensingh,10,75.6,5.5,56,79,88,223.0,Secondary,NO,pass
3249,Mitu Chowdhury,16,male,Mymensign,Ten,86.6,2.0,58,40,47,145.0,Illiterate,NO,FAIL
6864,Sadia Islam,13,,mymensingh,6th,75.5,4.6,72,87,99,258.0,Graduate,1,Fail
574,Kabir Talukder,15,Other,Dhaka ,6th,92.9,-1.4,49,,96,145.0,,no,pass
7749,Bristi Sarker,16,Male,Barisal,06,82.3,4.5,95,78,80,253.0,primary,1,PASS
8889,Priya Das,17,Other,barisal,7th,86.8,-0.1,45,91,56,192.0,illiterate,1,FAIL
5508,Rahim Akter,18,,khulna,Seven,91.7,2.0,,88,49,137.0,postgraduate,Yes,pass
1557,Ayesha Rahman,15,Other,Mymensingh,10,90.8,3.1,absent,37,39,76.0,Secondary,Yes,FAIL
7266,Nusrat Khan,13,FEMALE,khulna,7th,92.9,-0.3,40,84,66,190.0,postgraduate,yes,PASS
2599,Zayed Chowdhury,14,female,Ctg,Eight,98.0,2.3,96,40,40,176.0,graduate,NO,PASS
5168,Nusrat Khan,17,O,Khulna,06,90.7,5.0,74,48,153,275.0,Unknown,,F
4158,Hasan Hossain,13,female,CHATTOGRAM,9th,84.4,5.1,,61,90,151.0,PRIMARY,YES,Fail
2188,Mim Chowdhury,15,M,sylhet,Six,89.5,3.3,96,79,,175.0,Higher Secondary,n/a,P
4023,Sohan Islam,16,Female,Chattogram,Eight,64.9,4.4,31,54,30,115.0,Primary,NO,
8454,Nadia Hossain,15,,SYLHET,8,89.7,2.6,73,66,73,192.0,graduate,Yes,fail
8475,Arif Talukder,18,O,Mymensingh,10,95.7,2.2,88,33,96,217.0,secondary,Yes,F
259,Fatema Sarker,13,Female,Rajshahi ,6th,91.2,3.1,95,99,,194.0,unknown,YES,P
2665,Karim Chowdhury,16,O,mymensingh,7,68.2,3.0,70,99,62,231.0,postgraduate,,Pass
9128,Ayesha Talukder,14,Female,DHAKA,8th,84.7,0.8,68,73,33,174.0,N/A,NO,P
3234,Sohan Ahmed,13,O,khulna,Seven,188.2,,35,47,48,130.0,PRIMARY,Yes,P
8918,Imran Chowdhury,14,Male,,6th,77.3,2.7,42,86,75,203.0,Illiterate,no,
7015,Priya Chowdhury,14,M,Khulna,7,84.3,3.7,51,62,79,192.0,GRADUATE,Yes,
9040,Kabir Ahmed,16,FEMALE,Barishal,Nine,76.4,3.2,76,61,46,183.0,Unknown,0,P
5249,Riya Das,11,male,Mymensign,6th,97.7,3.5,35,59,85,179.0,Unknown,Yes,pass
STU-05443,Fatema Rahman,16,F,rangpur,06,82.6,4.8,78,97,47,225.0,higher secondary,Yes,P
8248,Lima Ahmed,14,Male,Rajshahi,8th,98.4,2.9,91,83,87,261.0,postgraduate,NO,fail
3615,Arif Hossain,12,MALE,Rangpur,Ten,103.9,5.1,48,38,69,155.0,N/A,No,
9257,Farhan Ahmed,14,FEMALE,Rangpur,9,N/A,6.0,68,34,60,162.0,Post Graduate,,F
2215,Bristi Islam,15,Male,Khulna,06,202.8,,56,86,62,204.0,postgraduate,yes,FAIL
5458,Sohan Islam,18,female,rajshahi,Ten,86.9,3.2,71,61,46,178.0,Graduate,Yes,PASS
2936,Lima Sarker,18,M,Dhaka ,Eight,92.3,2.8,56,32,78,166.0,Illiterate,NO,fail
889,Momo Khan,12,female,Barishal,6,,3.0,61,55,54,170.0,Post Graduate,NO,P
2955,Riya Islam,12,,  Dhaka,7,91.0,4.1,94,33,97,224.0,secondary,,
1688,Tanvir Hossain,-3,,Rajshahi ,7th,98.2,2.9,63,86,48,,graduate,1,Pass
1820,Nusrat Das,17,Female,Mymensingh,6th,76.7,2.3,48,91,68,207.0,illiterate,0,Pass
3704,Karim Hossain,17,F,CHATTOGRAM,9th,64.8,4.1,92,62,65,219.0,unknown,yes,P
1973,Hasan Islam,15,MALE,rangpur,7th,80.3,0.9,57,42,44,143.0,primary,No,Fail
STU-08114,Rakib Chowdhury,12,MALE,Dhaka ,10th,101.7,1.5,absent,42,82,124.0,Graduate,Yes,Fail
8188,sabbir das,12,male,,Nine,84.6,5.1,78,67,63,208.0,graduate,1,pass
8907,Fatema Khan,13,O,SYLHET,06,58.9,3.3,97,49,79,225.0,graduate,Y,fail
5153,Rupa Ahmed,12,FEMALE,khulna,10th,80.8,-0.7,75,137,83,295.0,postgraduate,no,PASS
7872,Rafi Sarker,11,FEMALE,barisal,Seven,74.8,5.2,85,35,,120.0,secondary,,FAIL
9058,Mitu Chowdhury,17,Female,CHATTOGRAM,8th,79.0,5.4,38,91,42,171.0,primary,,pass
4714,Rahim Chowdhury,11,Female,Ctg,Nine,93.9,5.9,93,99,93,285.0,primary,Yes,FAIL
8316,Tamim Sarker,14,O,Dhaka,6,106.3,4.5,48,58,61,167.0,graduate,no,FAIL
9236,Tanvir Rahman,16,O,Barishal,Nine,83.9,3.0,82,65,53,200.0,Secondary,YES,FAIL
9308,Arif Hossain,18,M,Dhaka,Eight,84.7,,98,36,41,175.0,Primary,No,PASS
981,Nusrat Chowdhury,15,Male,Khulna,Ten,82.9,4.8,38,44,55,137.0,higher secondary,n/a,F
7833,Mitu Talukder,15,Male,sylhet,7,90.5,2.4,44,93,89,226.0,Post Graduate,Y,PASS
5504,Imran Islam,12,,SYLHET,9th,77.8,1.6,98,73,75,246.0,secondary,no,Fail
7262,Tamim Hossain,14,O,CHATTOGRAM,Seven,,2.2,47,43,78,168.0,Graduate,0,P
7224,Imran Talukder,16,,sylhet,9th,,1.9,64,59,74,197.0,unknown,Y,FAIL
8368,Kabir Akter,15,MALE,Dhaka,7th,91.9,3.6,73,78,-4,147.0,graduate,n/a,Pass
582,Kabir Sarker,12,other,Mymensingh,9th,103.6,4.7,71,71,90,232.0,graduate,N,P
5291,Rakib Islam,15,Male,  Dhaka,8,87.7,3.5,84,79,64,227.0,N/A,,Fail
2877,Shila Hossain,11,F,rangpur,7,84.4,3.7,32,80,37,134.0,Secondary,,
7136,Riya Talukder,11,O,Rangpur,6,81.4,1.9,37,56,46,139.0,GRADUATE,No,pass
9184,Priya Hossain,11,F,rangpur,Seven,88.1,1.8,35,73,34,142.0,Higher Secondary,Y,P
5976,Momo Rahman,11,FEMALE,Sylhet,Nine,91.7,5.9,74,58,91,223.0,PRIMARY,No,P
1862,Jannat Akter,17,,rangpur,9th,82.4,2.2,67,96,95,258.0,graduate,n/a,FAIL
5447,Tanvir Hossain,fifteen,FEMALE,Sylhet,7,74.7,4.2,38,49,76,163.0,,No,
3576,Fatema Akter,14,female,Mymensign,Seven,74.6,4.2,33,72,63,168.0,,0,PASS
9721,Shila Talukder,15,F,Mymensingh,Nine,90.5,4.6,43,88,81,212.0,Post Graduate,,
4506,Lima Rahman,17,FEMALE,Ctg,8,75.8,3.5,73,55,31,159.0,Higher Secondary,YES,PASS
4772,Riya Rahman,12,FEMALE,Barishal,10,N/A,2.4,73,68,58,199.0,Primary,YES,Pass
298,Farhan Talukder,13,Female,khulna,Eight,71.7,3.4,31,40,79,150.0,Unknown,1,PASS
926,Arif Das,16,male,Rajshahi,7th,97.3,6.0,absent,78,65,143.0,Higher Secondary,yes,pass
1591,Rafi Talukder,11,O,sylhet,8th,74.5,2.9,57,,77,134.0,PRIMARY,No,Fail
7766,Fatema Akter,16,O,Chattogram,6,95.2,3.2,80,30,34,144.0,unknown,Y,FAIL
7491,Lima Khan,16,Other,Barisal,06,216.2,3.4,77,91,68,236.0,,No,fail
1308,Rafi Rahman,18,female,Barisal,Seven,88.8,3.6,54,,48,102.0,Illiterate,yes,Pass
7038,Anik Islam,15,,Dhaka,9th,97.9,4.9,99,96,32,227.0,primary,n/a,pass
4768,Imran Khan,15,,Mymensingh,Eight,86.3,3.5,34,68,95,197.0,postgraduate,NO,Fail
1673,Arif Das,12,Female,Sylhet,9,79.4,2.5,96,42,76,214.0,illiterate,YES,pass
2230,Zayed Akter,13,O,rangpur,Seven,99.0,4.3,94,50,33,177.0,unknown,0,P
9470,Bristi Ahmed,15,Other,Barisal,Nine,98.2,4.2,64,61,48,173.0,secondary,N,Pass
294,Lima Talukder,13,other,Barishal,10th,74.3,2.5,37,50,absent,87.0,Unknown,n/a,pass
6346,Farhan Das,11,female,Barishal,8th,95.1,3.6,34,90,50,174.0,graduate,,fail
4223,Mim Hossain,15,M,KHULNA ,6,69.9,4.1,87,43,68,198.0,Unknown,No,Fail
2580,Shila Akter,14,FEMALE,Rajshahi,Eight,104.1,4.0,56,74,64,194.0,Illiterate,No,F
7576,Sohan Khan,15,Male,Sylhet,Seven,92.0,2.4,41,30,99,170.0,secondary,no,fail
6344,Mim Islam,12,Other,Barisal,10,78.1,1.0,94,46,95,235.0,,Yes,
8315,Lima Islam,16,M,Barisal,06,100.9,4.6,86,85,99,270.0,,Y,Pass
693,Karim Das,13,,khulna,9,104.4,2.8,81,48,50,179.0,Higher Secondary,N,pass
687,Rahim Ahmed,11,F,Rajshahi,10th,78.1,4.6,77,71,,148.0,Graduate,YES,FAIL
818,Rakib Das,16,O,DHAKA,8,83.5,2.0,31,85,90,206.0,primary,NO,
217,Kabir Talukder,14,Female,Dhaka ,7,97.5,3.7,54,46,38,138.0,postgraduate,N,
7935,Momo Akter,14,female,DHAKA,8,64.3,3.6,98,66,55,219.0,Post Graduate,Y,FAIL
3890,Karim Khan,17,other,Barishal,Seven,88.8,4.2,46,31,46,123.0,secondary,N,P
323,Sohan Chowdhury,15,male,rajshahi,8th,93.1,3.9,52,73,51,,GRADUATE,NO,F
6105,Anik Das,11,male,rajshahi,6th,,2.6,78,45,73,196.0,Primary,NO,fail
479,Sabbir Das,13,O,Dhaka ,9,76.9,1.1,,83,89,172.0,illiterate,n/a,Fail
5379,Nusrat Sarker,-17,FEMALE,Rajshahi ,6,79.4,4.3,294,59,33,386.0,Unknown,No,fail
5701,Arif Khan,12,FEMALE,Barishal,10,76.3,0.9,64,38,39,141.0,unknown,n/a,Fail
1890,Sohan Hossain,18,M,Rangpur,7th,81.5,4.1,87,65,99,251.0,postgraduate,1,PASS
5763,Karim Ahmed,12,O,KHULNA ,8,81.1,3.8,68,42,40,150.0,unknown,no,fail
813,Jannat Sarker,18,female,Rangpur,10th,75.2,5.1,46,53,52,151.0,PRIMARY,n/a,Fail
7434,Anik Hossain,13,,,Nine,82.5,2.2,77,89,74,240.0,Post Graduate,1,F
4347,Shila Islam,14,Male,Rajshahi ,8,78.1,6.6,43,99,75,217.0,Illiterate,NO,fail
6222,Mitu Das,15,F,Khulna,Seven,94.8,5.6,94,,78,172.0,graduate,1,Fail
3057,Nusrat Talukder,15,other,Mymensingh,Ten,,4.4,31,83,31,145.0,Graduate,yes,Pass
2376,Mitu Akter,18,F,Chittagong,8,84.8,4.0,73,35,57,165.0,secondary,YES,pass
4070,Imran Rahman,17,Female,Mymensign,9th,88.3,3.5,80,42,92,214.0,Secondary,N,fail
2033,Momo Islam,17,MALE,rangpur,6,90.1,2.7,51,68,87,,Higher Secondary,N,PASS
968,Ayesha Ahmed,18,,dhaka,7th,94.2,2.8,88,67,98,253.0,postgraduate,N,P
9366,Rahim Khan,16,other,barisal,Nine,84.3,-2.9,71,,69,140.0,Graduate,NO,FAIL
973,Sohan Talukder,17,M,Dhaka,Seven,92.6,4.2,96,92,80,268.0,Primary,Yes,fail
6332,Tamim Ahmed,15,Male,barisal,6,76.3,3.4,94,89,74,257.0,illiterate,YES,
2705,Arif Talukder,13,O,Khulna,9th,75.3,2.8,41,41,92,174.0,unknown,1,FAIL
6300,Mitu Hossain,14,male,Chittagong,7,71.3,1.4,80,35,38,153.0,secondary,1,Pass
7861,Mitu Das,13,other,DHAKA,9th,97.7,2.8,46,37,35,118.0,Illiterate,YES,P
3375 ,Sabbir Akter,11,Male,Barishal,9th,56.2,2.8,77,64,66,207.0,GRADUATE,n/a,FAIL
9074,Rafi Talukder,12,Other,Mymensign,8th,N/A,3.1,98,77,52,227.0,PRIMARY,1,fail
5602,Tanvir Khan,14,male,mymensingh,9,66.4,3.2,66,93,30,189.0,Secondary,Yes,Pass
2952,Tamim Das,11,other,Rangpur,Seven,80.5,1.0,95,68,66,229.0,unknown,,F
8702,Mim Das,12,Male,Barishal,8,95.7,4.7,65,81,62,208.0,Higher Secondary,,P
123,Lima Khan,15,other,chittagong,Seven,79.2,3.4,92,46,38,176.0,illiterate,YES,F
7217,Zayed Das,17,female,barisal,9,69.2,7.0,87,99,58,244.0,N/A,,fail
9485,Sabbir Rahman,16,FEMALE,  Dhaka,06,98.8,2.2,87,69,87,243.0,Higher Secondary,no,FAIL
2101,Sohan Akter,12,FEMALE,dhaka,10,76.4,6.1,79,76,30,185.0,Higher Secondary,yes,P
870,Kabir Islam,16,male,CHATTOGRAM,7th,100.2,21.9,95,45,63,203.0,Higher Secondary,yes,fail
6791,Karim Akter,14,MALE,Khulna,Nine,80.6,26.1,-35,31,69,65.0,secondary,n/a,Fail
1999,Jannat Das,17,MALE,Chattogram,Seven,98.7,5.9,39,61,65,165.0,primary,N,Fail
3591,Hasan Akter,18,,Rangpur,10,,1.6,46,74,,120.0,Graduate,no,fail
1157,Bristi Khan,11,M,,Eight,81.0,4.2,31,72,55,158.0,Primary,1,pass
3157,Tamim Khan,-12,Female,Sylhet,6th,98.0,3.7,69,99,50,218.0,Illiterate,yes,PASS
4429,Farhan Talukder,11,O,Rangpur,7th,73.6,0.2,30,55,81,166.0,secondary,1,P
5689,Momo Das,15,F,dhaka,6th,88.4,4.8,73,59,40,172.0,primary,Y,FAIL
6481,Ayesha Ahmed,18,M,khulna,9th,85.7,2.9,80,48,60,188.0,Secondary,NO,
1576,Zayed Khan,16,,chittagong,Nine,67.3,1.4,31,95,71,,,,
9664,Karim Sarker,14,Male,sylhet,Six,71.4,5.2,65,62,88,215.0,Primary,yes,Fail
8254,Anik Islam,12,Female,barisal,Nine,84.1,2.9,54,60,81,195.0,Secondary,YES,Fail
473,Rahim Akter,18,O,rangpur,9,94.9,-1.7,36,80,,116.0,postgraduate,NO,
4998,Ayesha Chowdhury,14,Female,mymensingh,Seven,82.1,4.0,40,39,32,111.0,Post Graduate,no,Pass
3584,Anik Islam,17,,khulna,8,79.7,3.6,92,53,33,178.0,Higher Secondary,yes,fail
2933,Anik Das,16,Female,KHULNA ,7,73.8,,40,65,49,154.0,Illiterate,1,PASS
5426,Shila Hossain,15,M,Sylhet,6,87.3,2.5,33,51,93,177.0,illiterate,yes,
8752,Shila Das,11,M,Dacca,8,107.2,4.9,73,77,38,188.0,Graduate,N,pass
3389,Rahim Talukder,15,Other,Chattogram,Nine,91.1,4.9,60,98,53,211.0,graduate,No,P
2181 ,Rakib Rahman,18,F,Mymensingh,Seven,94.7,2.8,35,97,51,183.0,secondary,Yes,PASS
4744,Nadia Rahman,12,,Barisal,06,87.4,2.6,52,,43,95.0,primary,NO,PASS
4505,Rafi Hossain,13,M,khulna,Nine,68.9,1.5,61,67,61,189.0,unknown,yes,Fail
7126,Imran Ahmed,16,F,Dacca,10,102.1,3.2,94,62,33,189.0,Higher Secondary,Yes,fail
5489,Shila Ahmed,18,,CHATTOGRAM,8th,75.0,2.5,42,65,48,155.0,Higher Secondary,Yes,PASS
1150,Rafi Ahmed,12,Male,khulna,Six,76.6,4.0,80,77,99,256.0,Unknown,NO,Fail
STU-01161,Nusrat Hossain,15,Male,rajshahi,Six,104.4,4.9,53,83,55,191.0,Graduate,n/a,FAIL
8001,Priya Akter,13,FEMALE,,7,84.1,1.0,43,46,30,119.0,Higher Secondary,yes,
257,Rakib Das,15,female,Barishal,9,93.7,-0.2,62,78,64,204.0,illiterate,n/a,Pass
794,Riya Rahman,15,Female,Mymensign,Six,75.3,4.5,37,96,210,343.0,,yes,PASS
4874,Hasan Ahmed,17,FEMALE,Sylhet,6th,83.6,1.0,33,219,39,291.0,PRIMARY,,PASS
6198,Rupa Rahman,14,FEMALE,Barishal,8th,87.5,2.6,97,56,67,220.0,illiterate,Yes,Pass
3856,Mim Ahmed,16,Male,chittagong,Nine,81.7,3.6,68,70,60,198.0,N/A,yes,P
558,Jannat Khan,17,,rajshahi,9th,74.0,3.5,66,42,61,169.0,Post Graduate,1,FAIL
2900,Karim Hossain,17,F,sylhet,Ten,88.8,3.4,79,41,44,164.0,Primary,yes,fail
3221,Arif Ahmed,11,Other,mymensingh,9th,75.3,,89,82,41,212.0,Post Graduate,YES,FAIL
262,Sabbir Chowdhury,13,MALE,Khulna,8th,82.5,3.6,80,44,97,error,illiterate,no,PASS
3741,Rupa Islam,14,female,chittagong,Six,84.1,,68,33,46,147.0,PRIMARY,N,pass
6763,Tanvir Talukder,15,,Rangpur,8,76.7,6.8,61,85,92,238.0,N/A,n/a,Fail
8820,Rahim Islam,16,female,Barishal,8th,89.5,3.6,85,43,36,161.0,Post Graduate,N,pass
7228,Rahim Sarker,16,,rangpur,10,87.7,5.1,93,47,61,201.0,postgraduate,,pass
4306,Rakib Ahmed,14,O,rajshahi,Nine,87.2,0.8,38,46,34,118.0,postgraduate,0,pass
4305,Karim Sarker,18,,DHAKA,6,90.9,1.5,61,65,45,171.0,Secondary,Y,P
5245,Zayed Sarker,14,MALE,rajshahi,6th,70.1,4.5,71,93,,164.0,N/A,,
8801,Tanvir Sarker,12,Male,SYLHET,9,70.4,2.1,90,30,99,219.0,secondary,0,Fail
6823,Riya Chowdhury,13,Male,Rajshahi,Eight,80.6,4.1,89,62,61,212.0,secondary,yes,
210,Rakib Akter,11,male,Ctg,10th,83.7,-0.1,80,87,55,222.0,Primary,1,PASS
3799,Kabir Sarker,18,,Mymensign,9th,76.9,2.4,52,35,65,,higher secondary,yes,PASS
3540,Rahim Chowdhury,18,FEMALE,Mymensingh,6th,84.3,2.3,74,83,98,255.0,graduate,,Pass
154,Rahim Hossain,17,F,KHULNA ,6th,84.1,3.0,96,,83,179.0,illiterate,YES,Pass
1148,Sadia Akter,11,Male,Ctg,Seven,68.1,2.7,99,72,52,223.0,GRADUATE,N,Fail
1968,Rupa Akter,11,other,Rajshahi ,Nine,97.8,2.9,96,79,58,233.0,Illiterate,YES,fail
8154,Shila Ahmed,15,,DHAKA,Six,88.9,4.1,75,56,48,179.0,Primary,Yes,Fail
2434,Nusrat Das,13,MALE,Rajshahi ,7th,82.1,4.4,32,49,54,135.0,Illiterate,N,
598,Zayed Chowdhury,fifteen,Male,Mymensingh,Seven,95.5,3.3,40,84,57,,Graduate,yes,FAIL
3138,Mitu Rahman,11,F,Chattogram,8th,80.0,1.1,83,58,74,,unknown,n/a,pass
6028,Mitu Das,11,female,Sylhet,10,80.9,3.8,72,66,93,231.0,N/A,YES,Fail
4777,Ayesha Rahman,13,M,Mymensingh,Ten,71.4,2.8,,78,37,115.0,PRIMARY,No,F
9260,Rakib Ahmed,15,F,Dhaka ,Six,81.8,4.6,30,64,55,149.0,Graduate,Y,
1566,Ayesha Hossain,18,Other,SYLHET,8th,,3.1,89,86,52,228.0,Post Graduate,Yes,F
6247,Kabir Khan,14,male,Dacca,10,86.9,4.1,58,51,69,171.0,Secondary,yes,P
7404,Hasan Islam,13,male,Rajshahi ,9th,80.9,1.4,52,43,52,,,Yes,Pass
6449,Hasan Akter,16,other,Mymensingh,Eight,82.5,3.5,142,55,78,275.0,Higher Secondary,0,
9171,Mitu Sarker,13,female,Mymensign,Ten,90.8,4.9,92,67,78,error,higher secondary,no,FAIL
7305,Anik Chowdhury,18,male,Mymensingh,Nine,78.4,2.6,96,41,40,177.0,Primary,yes,Fail
8418,Sabbir Hossain,16,FEMALE,SYLHET,6,78.6,1.2,63,72,34,,Primary,0,F
STU-09422,Tamim Rahman,17,FEMALE,Rangpur,6th,75.8,1.5,40,80,61,181.0,Secondary,N,Fail
2244,Zayed Khan,15,O,Barisal,9th,93.7,2.0,92,65,53,210.0,Secondary,YES,Pass
1361,Karim Hossain,12,F,khulna,10,-3.5,3.7,80,244,47,371.0,GRADUATE,NO,PASS
3305,Sohan Khan,17,FEMALE,Dacca,7th,98.5,3.0,30,60,64,154.0,illiterate,Yes,Pass
2325,Mim Ahmed,17,other,dhaka,8th,77.1,2.5,51,56,84,191.0,higher secondary,YES,Pass
8041,Rahim Islam,13,Female,Sylhet,6th,91.6,3.1,64,37,89,190.0,Illiterate,N,Pass
1481,Bristi Chowdhury,13,Female,Sylhet,8,93.2,2.7,88,74,66,228.0,secondary,N,P
1834,Sohan Chowdhury,16,FEMALE,rangpur,Seven,71.2,5.6,45,98,31,174.0,N/A,1,fail
3662,Lima Islam,12,,khulna,10th,,2.2,90,75,42,207.0,Primary,,PASS
7695,Rafi Rahman,11,,sylhet,9th,92.2,1.3,50,63,42,153.0,PRIMARY,no,fail
5124,Zayed Das,18,male,rangpur,7th,106.6,3.3,42,93,57,192.0,Illiterate,Y,Pass
4188,Jannat Ahmed,13,MALE,Dacca,06,97.0,4.5,36,71,59,166.0,N/A,Yes,P
7472,Bristi Khan,15,O,SYLHET,9th,80.6,3.8,80,72,33,185.0,postgraduate,no,pass
7655,Rupa Das,14,MALE,sylhet,7th,79.2,3.0,91,230,70,391.0,illiterate,yes,FAIL
8886,Hasan Islam,14,O,Mymensign,06,85.0,2.7,51,89,92,232.0,PRIMARY,n/a,Pass
5242,Priya Das,14,FEMALE,rangpur,10,N/A,2.9,99,,68,167.0,primary,Yes,
9524,Sadia Das,15,,Rangpur,6,98.7,3.2,31,36,58,125.0,Unknown,no,pass
5835,Shila Ahmed,15,Other,sylhet,10th,82.4,1.3,31,82,96,error,secondary,yes,pass
1187,Arif Talukder,13,female,dhaka,6,83.4,5.8,63,72,51,186.0,,N,Fail
1908,Momo Khan,15,female,Chattogram,Seven,88.2,-1.4,65,,48,113.0,unknown,no,F
4089,Imran Ahmed,17,female,CHATTOGRAM,7th,73.7,4.6,50,32,77,159.0,PRIMARY,yes,FAIL
2478,Jannat Hossain,15,O,Chittagong,Six,88.6,3.2,77,45,47,169.0,Secondary,no,
8209,Lima Islam,11,O,Barishal,9th,79.0,1.8,65,33,50,148.0,postgraduate,,Pass
9597,Shila Khan,11,Female,rajshahi,6,76.6,3.3,55,47,64,166.0,Graduate,N,pass
6848,Tamim Khan,15,M,rangpur,06,80.0,2.2,63,45,,108.0,,no,F
1487,Zayed Talukder,16,Male,Rajshahi ,9,68.8,2.0,96,,44,140.0,unknown,Yes,
1677,Rahim Chowdhury,15,other,Chittagong,Eight,81.3,2.3,46,87,42,175.0,Illiterate,No,F
2354,Momo Rahman,17,F,Rajshahi,10th,81.2,2.7,66,42,36,144.0,Secondary,Yes,
8849,Hasan Sarker,15,male,CHATTOGRAM,Nine,89.7,2.3,79,95,36,210.0,primary,No,Pass
1572,Jannat Akter,11,other,Barisal,10,,3.9,88,84,49,221.0,Post Graduate,,F
5516,Shila Akter,18,other,rangpur,8th,98.9,2.7,93,59,65,217.0,higher secondary,n/a,F
4496,Mitu Chowdhury,14,female,Mymensingh,Nine,82.8,3.9,47,58,59,164.0,Secondary,0,F
619,Sadia Khan,16,Male,Dacca,10,83.4,4.6,86,84,82,252.0,Higher Secondary,YES,Pass
6224,Fatema Akter,14,,CHATTOGRAM,Eight,93.2,4.7,53,62,47,162.0,primary,1,Pass
6881,Lima Sarker,11,Female,SYLHET,Ten,58.7,3.6,31,77,35,143.0,graduate,0,PASS
2848,Jannat Rahman,17,Female,rajshahi,Six,90.3,3.4,51,54,88,193.0,Secondary,No,FAIL
868,Arif Rahman,14,F,rangpur,7th,107.6,4.0,55,50,57,162.0,Unknown,N,F
2508,Ayesha Chowdhury,12,male,Mymensign,7,95.7,3.0,97,94,74,265.0,primary,1,Fail
4983,Ayesha Rahman,16,F,Barishal,9,80.4,-4.2,89,39,92,220.0,graduate,No,PASS
4696,Mitu Hossain,12,FEMALE,SYLHET,8,78.4,5.5,38,86,83,207.0,primary,Y,P
8040,Anik Islam,16,O,Khulna,Seven,89.0,1.6,absent,66,88,154.0,N/A,N,FAIL
4419,Ayesha Chowdhury,15,O,Dacca,10th,88.5,5.0,51,,35,86.0,higher secondary,Yes,P
7004,Rakib Sarker,18,O,rajshahi,Ten,73.4,3.1,85,69,98,270.0,PRIMARY,1,
8650,Jannat Akter,17,other,Mymensign,9,84.4,3.4,75,,47,122.0,GRADUATE,YES,pass
7707,Sabbir Talukder,13,O,CHATTOGRAM,06,86.1,3.8,84,38,33,155.0,Graduate,,FAIL
791,Hasan Chowdhury,17,Male,Barisal,10th,85.7,1.1,47,89,44,error,Higher Secondary,n/a,F
7786,Tamim Islam,17,F,barisal,Seven,91.0,0.8,41,90,65,196.0,illiterate,yes,pass
7451,Tanvir Khan,16,Female,sylhet,6th,99.8,1.7,86,53,88,,postgraduate,Y,Pass
3823,Rakib Akter,13,other,Chittagong,6,94.5,,78,78,71,227.0,N/A,Y,
7516,Momo Islam,16,O,Dacca,6th,,5.3,61,65,98,224.0,Secondary,0,
7830,Arif Sarker,18,Male,Mymensingh,Ten,99.9,3.3,78,69,58,205.0,,No,fail
9569,imran ahmed,12,Female,rajshahi,6th,87.1,2.9,83,40,72,195.0,Graduate,YES,P
2809,Lima Rahman,11,Female,Mymensign,Nine,93.2,1.5,60,75,96,231.0,Post Graduate,no,pass
5051,Kabir Hossain,13,Female,Mymensingh,Seven,99.3,2.6,98,92,85,275.0,secondary,No,PASS
3519,Jannat Islam,17,F,Chattogram,7,101.0,3.1,39,54,74,167.0,postgraduate,NO,P
8926,Tanvir Sarker,,M,  Dhaka,8th,80.7,2.4,62,93,55,210.0,secondary,Y,fail
3959,Tanvir Das,16,O,KHULNA ,10th,70.6,3.6,156,83,60,299.0,PRIMARY,n/a,F
7345,Rakib Das,18,Male,Dhaka ,8,73.0,4.6,62,63,-9,116.0,Higher Secondary,Y,fail
2134,Imran Hossain,11,,rangpur,06,72.8,4.3,67,62,39,168.0,higher secondary,Yes,P
5053,Zayed Hossain,15,,Rajshahi,9th,72.9,,78,99,64,241.0,N/A,Yes,Pass
1537,Rupa Rahman,18,Other,khulna,Eight,98.1,2.0,89,86,75,,GRADUATE,n/a,fail
2280,Sabbir Ahmed,14,other,Rangpur,Nine,90.7,3.1,77,42,53,172.0,N/A,Yes,Fail
660,Hasan Akter,11,O,Rangpur,10,93.9,5.3,208,68,92,368.0,Higher Secondary,no,P
2431,Nadia Sarker,13,FEMALE,rangpur,10,84.9,1.4,65,-35,72,102.0,secondary,YES,fail
3752,Shila Akter,14,male,Chattogram,6,68.8,1.3,79,76,58,213.0,Higher Secondary,YES,FAIL
9512,Zayed Chowdhury,13,other,Ctg,8th,86.9,4.3,40,87,63,190.0,illiterate,N,Fail
2592,Sohan Rahman,13,other,Rajshahi,Nine,98.8,3.6,65,97,85,247.0,GRADUATE,0,pass
6316,Ayesha Ahmed,11,M,Barishal,Eight,83.8,3.4,40,71,49,160.0,primary,yes,PASS
643 ,Rakib Rahman,,O,SYLHET,8th,70.7,1.4,93,83,78,254.0,Unknown,Y,F
169,Tanvir Hossain,18,FEMALE,khulna,7,93.2,2.8,88,68,198,354.0,Higher Secondary,0,PASS
1801,Anik Das,17,female,dhaka,06,73.8,2.7,90,45,88,223.0,primary,N,fail
3395,Ayesha Hossain,13,Male,rajshahi,06,84.4,2.8,107,84,32,223.0,postgraduate,Yes,pass
1918,Nadia Rahman,-9,FEMALE,Dacca,9th,85.6,2.6,73,76,48,197.0,unknown,Y,Pass
273,Riya Das,17,male,sylhet,Eight,71.9,-1.4,66,44,64,174.0,Higher Secondary,1,P
9797,Karim Akter,11,,Rangpur,8,88.3,1.8,76,69,48,193.0,Secondary,,PASS
495,Rafi Hossain,12,female,rangpur,Nine,,4.1,94,46,51,191.0,GRADUATE,Y,
6789,Imran Das,11,female,Rangpur,8,80.3,3.3,52,60,91,203.0,Unknown,0,Pass
1913,Rahim Akter,,male,khulna,7,72.7,2.6,53,73,86,212.0,Post Graduate,NO,FAIL
3647,Kabir Das,12,F,Barisal,7th,200.6,6.2,62,75,90,227.0,,n/a,P
8231,Rahim Chowdhury,14,F,Dhaka,7,88.8,3.2,53,,56,109.0,Illiterate,Yes,fail
307,Riya Chowdhury,16,other,,Ten,89.9,2.8,93,46,38,177.0,Graduate,Y,
4103,Tamim Talukder,17,M,rangpur,Ten,69.6,-0.2,65,87,49,,,n/a,F
782,Jannat Das,17,,Barishal,6,85.6,0.9,74,78,49,201.0,Post Graduate,Y,pass
5287,Momo Ahmed,18,MALE,khulna,Ten,73.7,1.5,,42,69,111.0,PRIMARY,,F
535,Mim Talukder,13,M,barisal,10th,82.9,-4.4,51,59,54,164.0,primary,YES,Fail
584,Ayesha Rahman,15,Other,Mymensingh,10,81.3,0.9,39,73,40,152.0,Higher Secondary,No,
1301,,14,Male,mymensingh,10th,91.5,1.4,81,33,63,177.0,graduate,1,pass
STU-07061,Bristi Chowdhury,18,Male,Mymensign,10th,86.9,1.9,30,72,57,159.0,primary,Yes,P
7496,Tanvir Talukder,18,FEMALE,sylhet,7th,91.5,5.3,57,47,60,164.0,Post Graduate,0,fail
8242,Rafi Rahman,14,Male,mymensingh,7,100.3,2.4,73,67,70,210.0,PRIMARY,N,FAIL
317,Imran Islam,17,Female,khulna,8th,108.6,3.6,40,39,44,123.0,N/A,NO,
6511,Karim Khan,14,Other,Sylhet,6,68.5,2.4,67,35,31,133.0,higher secondary,n/a,fail
2565,Riya Talukder,13,F,Rangpur,8th,93.3,1.2,94,98,78,270.0,Post Graduate,NO,fail
1795,Hasan Ahmed,18,Other,Chattogram,Seven,101.8,1.3,52,72,69,193.0,N/A,Y,PASS
6678,Sohan Chowdhury,13,male,dhaka,7th,92.1,3.0,41,79,91,error,N/A,YES,fail
9642,Hasan Rahman,12,,Barisal,6,81.7,3.5,64,33,57,154.0,Post Graduate,n/a,Fail
8464,Rahim Sarker,11,O,dhaka,6th,N/A,2.2,47,85,65,197.0,GRADUATE,0,fail
549,Rafi Khan,15,male,Dhaka ,6th,80.3,3.0,30,84,32,,Post Graduate,n/a,PASS
1693,Sadia Khan,13,F,Barishal,6th,81.5,2.6,97,54,36,187.0,Higher Secondary,n/a,FAIL
3526,Sadia Sarker,14,male,Dhaka ,6,76.1,5.3,46,69,97,212.0,Higher Secondary,Y,fail
3013,Imran Sarker,15,male,SYLHET,10th,93.3,1.1,36,56,42,134.0,primary,no,P
1631,Sohan Ahmed,12,Male,Chattogram,Ten,84.0,5.6,33,38,59,130.0,higher secondary,YES,pass
2391,Bristi Akter,11,O,Chittagong,6,85.7,3.6,61,62,97,220.0,PRIMARY,1,pass
4695,Hasan Das,17,other,sylhet,8,82.2,1.3,63,37,37,137.0,secondary,YES,
9087,Ayesha Rahman,11,male,SYLHET,Nine,67.2,2.7,62,79,92,233.0,Post Graduate,YES,P
7705,Anik Das,15,MALE,Mymensingh,7,78.7,-1.3,97,63,63,223.0,secondary,no,Fail
4488,Bristi Hossain,12,female,mymensingh,Nine,113.7,5.7,56,76,69,201.0,Secondary,Yes,Pass
1260,,18,Other,Rangpur,Nine,78.7,0.2,79,40,88,207.0,postgraduate,0,FAIL
8023,Jannat Islam,15,F,Rajshahi ,Seven,95.1,3.5,82,55,42,179.0,PRIMARY,1,Pass
810,Sohan Ahmed,13,M,Mymensingh,Eight,84.4,2.9,70,71,,141.0,Secondary,Yes,F
6389,Shila Sarker,17,Female,Barishal,8th,97.5,3.1,35,76,84,195.0,PRIMARY,Y,P
1050,Hasan Das,13,other,rangpur,9th,87.9,3.9,92,98,174,364.0,unknown,YES,Fail
7391,Arif Hossain,17,male,  Dhaka,9,83.6,2.0,94,95,72,261.0,N/A,Y,Pass
108,Fatema Islam,12,MALE,,Ten,86.9,5.4,31,55,43,129.0,Primary,N,
6250,Priya Talukder,13,other,Dhaka ,7th,73.4,1.4,44,88,57,189.0,illiterate,n/a,fail
8866,Kabir Chowdhury,17,male,mymensingh,Ten,87.3,1.6,34,91,75,200.0,Primary,NO,pass
6787,Sohan Khan,17,O,Mymensign,9th,88.1,1.8,45,51,73,169.0,GRADUATE,no,fail
9451,Priya Talukder,14,F,mymensingh,8,75.7,2.6,49,77,90,216.0,secondary,no,P
4606,Rupa Islam,15,Other,Rajshahi,8th,70.9,3.5,97,98,210,405.0,Illiterate,NO,fail
9274,Riya Khan,14,FEMALE,Mymensign,Seven,96.4,2.1,44,46,81,171.0,GRADUATE,NO,
5456,Farhan Chowdhury,11,other,Dacca,Ten,101.3,1.5,61,89,30,180.0,Unknown,YES,Fail
1533,Fatema Islam,12,Female,rajshahi,Ten,99.9,4.0,73,88,66,227.0,unknown,N,
4963,Jannat Ahmed,18,male,KHULNA ,8,150.9,2.1,96,99,65,260.0,Post Graduate,NO,fail
212,Nadia Rahman,15,female,Dacca,Seven,93.3,2.3,76,51,56,183.0,postgraduate,Y,Fail
3148,Mitu Ahmed,18,F,SYLHET,Eight,75.0,2.8,30,71,99,200.0,N/A,N,PASS
5157,Anik Ahmed,14,FEMALE,Dhaka ,8th,101.9,4.4,50,34,93,177.0,N/A,n/a,fail
2151,Nadia Talukder,17,Male,rangpur,10th,81.8,5.1,79,,84,163.0,illiterate,1,fail
6996,Mim Sarker,11,,mymensingh,Ten,83.4,4.2,77,83,65,225.0,Secondary,No,pass
1974,Fatema Hossain,14,male,mymensingh,6,167.4,-0.1,85,33,81,199.0,illiterate,yes,
4686,Mitu Rahman,14,O,sylhet,10th,92.2,3.8,52,47,46,145.0,primary,,pass
8183,Anik Islam,14,F,Dhaka ,7th,81.7,2.2,56,92,91,239.0,Post Graduate,1,Pass
7608,Rahim Hossain,16,F,Sylhet,8,79.7,2.5,97,64,39,200.0,PRIMARY,Y,PASS
8839,Tanvir Chowdhury,15,male,barisal,9th,88.7,4.3,98,99,106,303.0,graduate,no,FAIL
772,Rakib Sarker,14,M,DHAKA,9th,83.2,2.5,84,48,64,196.0,PRIMARY,no,fail
7503,Arif Islam,17,male,DHAKA,7th,91.3,0.6,89,42,46,177.0,Secondary,,pass
8896,Priya Talukder,17,Other,Mymensingh,Six,86.2,4.0,65,91,72,228.0,Graduate,yes,Fail
1250,Shila Chowdhury,17,,Rajshahi,7,82.1,2.6,99,-8,56,147.0,GRADUATE,1,Fail
7891,Nadia Rahman,17,O,Rajshahi ,Seven,83.2,1.8,42,78,33,153.0,GRADUATE,N,PASS
7254,Riya Chowdhury,,F,rangpur,8th,78.9,2.8,31,91,34,156.0,Graduate,N,F
9446,Arif Khan,15,Female,SYLHET,6th,85.4,1.0,31,84,88,203.0,unknown,0,Fail
6574,Zayed Rahman,-4,M,Chattogram,Nine,101.4,5.3,89,40,49,,Primary,no,F
STU-06820,Fatema Sarker,11,male,Khulna,8th,89.2,4.4,67,37,35,139.0,Higher Secondary,NO,FAIL
710,Jannat Islam,16,Male,DHAKA,Nine,87.8,1.5,56,70,63,189.0,illiterate,,fail
2673,Imran Rahman,14,FEMALE,  Dhaka,10,88.9,3.7,66,49,42,157.0,primary,no,PASS
4515,Farhan Das,14,other,Barishal,9th,70.6,2.2,81,153,69,303.0,,Y,FAIL
1462,Sadia Talukder,16,M,Chittagong,7th,75.0,3.0,53,44,65,162.0,GRADUATE,N,Pass
2546,Fatema Talukder,11,other,SYLHET,8th,77.4,22.7,73,59,45,177.0,,No,
7742,Farhan Talukder,15,F,Khulna,9th,74.4,3.9,75,35,,110.0,postgraduate,YES,FAIL
7218,Hasan Hossain,18,MALE,Sylhet,6,83.6,0.8,89,80,68,237.0,Secondary,Y,Fail
8423,Mitu Hossain,16,Female,Barishal,10th,85.0,7.0,79,41,73,185.0,illiterate,n/a,Fail
1357,Shila Rahman,12,male,Mymensingh,Nine,100.8,2.1,64,40,90,194.0,unknown,,PASS
3012,Imran Das,12,other,Dhaka ,7,70.0,3.6,45,44,91,180.0,Higher Secondary,Y,F
852,Rupa Talukder,17,Female,Dhaka,10th,98.0,1.3,51,92,54,197.0,secondary,no,pass
1005,Kabir Chowdhury,218,Male,Rajshahi,Ten,88.7,3.9,62,47,38,147.0,Graduate,0,PASS
1835,Shila Islam,18,MALE,Sylhet,Eight,89.7,4.3,83,56,60,199.0,Unknown,N,pass
7904,Kabir Ahmed,12,Other,khulna,10th,70.5,2.6,88,74,68,230.0,Higher Secondary,no,pass
9767,Kabir Islam,17,,Sylhet,06,85.9,-1.0,34,49,41,124.0,Primary,Yes,fail
7743,Ayesha Islam,13,female,Rajshahi,9,75.6,6.7,58,60,54,172.0,illiterate,no,Pass
1317,Arif Talukder,11,Male,Chittagong,7th,84.0,5.8,74,37,47,158.0,GRADUATE,NO,F
3328,Sabbir Akter,15,male,Mymensign,Six,91.4,4.3,78,87,76,241.0,Illiterate,n/a,F
1624,Anik Khan,17,Female,Mymensign,06,69.8,5.1,258,54,159,471.0,GRADUATE,0,Fail
3834,Shila Sarker,17,Female,Ctg,Nine,85.4,5.5,35,-44,47,38.0,Higher Secondary,No,Fail
5745,Mitu Das,15,O,,Six,81.7,3.4,98,,31,129.0,N/A,No,PASS
1279,Momo Das,18,Male,chittagong,8,87.9,4.0,72,71,86,229.0,Graduate,yes,fail
9246,Farhan Islam,15,F,rajshahi,6,90.4,3.3,78,57,72,207.0,secondary,Y,PASS
4146,Nusrat Akter,11,MALE,Mymensign,6th,82.0,2.1,44,71,79,194.0,higher secondary,N,F
8668,Sadia Ahmed,14,MALE,Rangpur,Seven,78.1,6.1,83,67,48,198.0,primary,Yes,FAIL
3147,Tanvir Khan,15,,Dhaka ,7,65.2,3.0,30,50,57,137.0,Secondary,,
5643,Farhan Ahmed,17,male,khulna,8th,72.9,2.7,91,61,75,227.0,N/A,Yes,FAIL
8528,Hasan Ahmed,14,F,rajshahi,6th,88.1,0.2,55,46,56,157.0,Graduate,Y,P
7140,Lima Das,12,Male,Barishal,10th,80.4,4.5,80,41,73,194.0,primary,,
2618,Momo Ahmed,11,Female,Sylhet,Nine,76.5,3.8,-49,97,80,128.0,postgraduate,0,F
3663,Shila Das,11,other,Mymensingh,8,95.9,3.5,95,45,60,200.0,PRIMARY,n/a,PASS
89,Sadia Das,16,O,  Dhaka,10th,84.3,2.6,94,47,78,219.0,Illiterate,YES,P
875,Rafi Khan,15,FEMALE,Barisal,Six,86.6,0.2,50,40,67,157.0,primary,no,Fail
8736,Nusrat Islam,16,O,Rangpur,Seven,86.3,3.7,81,33,76,190.0,higher secondary,no,FAIL
3001,Priya Das,14,Other,rajshahi,10,83.0,3.1,63,76,89,228.0,Secondary,1,Pass
2761,Mim Akter,14,Other,mymensingh,10th,101.3,6.5,30,39,52,121.0,illiterate,YES,Pass
1881,Hasan Talukder,14,F,Dacca,Ten,87.2,2.7,73,39,79,191.0,unknown,Yes,P
107,Anik Rahman,18,Female,Mymensign,Nine,77.6,3.9,76,85,43,204.0,Unknown,,Pass
927,Zayed Khan,12,O,CHATTOGRAM,9th,85.6,0.5,86,30,87,203.0,unknown,No,Fail
6366,Ayesha Akter,13,M,rangpur,Seven,94.1,0.8,96,65,43,204.0,Unknown,yes,fail
320,Sabbir Akter,11,FEMALE,chittagong,10th,88.0,0.5,50,42,50,142.0,PRIMARY,N,P
879,Riya Chowdhury,12,F,Rajshahi ,7th,99.6,0.8,182,98,48,328.0,secondary,YES,FAIL
6774,Momo Akter,11,MALE,Rangpur,6th,70.2,1.8,69,57,96,222.0,Graduate,yes,
3995,Shila Sarker,-2,M,Mymensingh,7,82.9,2.8,77,93,42,212.0,N/A,YES,FAIL
4922,Zayed Talukder,13,female,SYLHET,8th,90.6,1.1,51,90,59,200.0,Higher Secondary,Yes,PASS
5387 ,Tamim Akter,15,M,,Ten,98.1,4.6,32,70,30,132.0,Higher Secondary,YES,pass
3079,Bristi Khan,11,FEMALE,Rangpur,7th,77.8,,53,53,48,154.0,illiterate,NO,Pass
4731,Priya Talukder,15,,Rangpur,6,85.3,1.2,79,38,79,196.0,illiterate,N,Pass
4235,Arif Hossain,18,FEMALE,Dhaka ,9th,75.2,1.8,98,36,73,207.0,N/A,0,Pass
4260,Sadia Hossain,13,M,SYLHET,6,66.6,1.4,67,-18,46,95.0,PRIMARY,,P
3727,Rupa Islam,11,O,Chattogram,7th,95.9,3.1,51,91,30,172.0,postgraduate,N,Fail
9844,Sabbir Islam,11,Other,rajshahi,7,87.8,2.8,77,44,80,201.0,GRADUATE,yes,
9238,Shila Rahman,,male,Dhaka ,6,83.4,2.2,44,65,86,195.0,secondary,Yes,FAIL
1751,Riya Akter,17,other,Dhaka,8,81.7,4.4,49,61,89,199.0,postgraduate,No,Fail
7692,Rakib Sarker,16,Female,Barishal,9th,105.2,2.5,63,299,94,456.0,Post Graduate,No,fail
5152,Mitu Khan,17,M,Barisal,7th,72.1,4.6,87,98,37,222.0,postgraduate,NO,PASS
3879,Imran Talukder,18,MALE,sylhet,6th,93.0,2.3,68,53,69,,primary,n/a,P
5865,Bristi Chowdhury,14,M,Mymensingh,06,85.1,5.9,82,86,48,216.0,unknown,no,pass
5601,Karim Ahmed,17,FEMALE,Ctg,06,82.5,4.0,90,59,97,246.0,Illiterate,1,fail
STU-01044,Farhan Chowdhury,12,Other,Rangpur,Seven,88.4,2.3,,99,70,169.0,graduate,no,
3011,Tanvir Das,11,male,Rangpur,Eight,75.5,3.4,41,47,39,127.0,,YES,F
5156,Tanvir Das,14,FEMALE,Rajshahi,6th,76.3,2.9,77,77,64,218.0,illiterate,1,Pass
6778,Farhan Khan,12,M,SYLHET,8,72.2,2.1,72,50,77,199.0,primary,n/a,PASS
7787,Shila Hossain,12,M,DHAKA,9,90.3,2.1,82,59,95,236.0,,0,pass
4591,Rupa Chowdhury,18,Other,Mymensign,6th,87.8,1.4,42,42,46,130.0,Higher Secondary,1,Fail
4752,Riya Talukder,18,Other,Chittagong,9,92.4,3.2,95,55,52,202.0,Primary,0,FAIL
2965,Arif Chowdhury,12,male,KHULNA ,Eight,102.8,3.1,47,36,83,166.0,Primary,YES,F
8834,Tamim Khan,13,male,Rajshahi ,9,89.3,2.6,48,94,-23,119.0,postgraduate,No,FAIL
138,Bristi Das,17,other,chittagong,6,93.1,-1.2,42,91,89,222.0,primary,N,FAIL
9073,Rahim Sarker,18,O,Khulna,9,73.6,5.1,63,,35,98.0,Unknown,NO,fail
STU-01098,Mitu Hossain,13,other,Rangpur,10,95.9,3.5,62,76,81,219.0,primary,N,Pass
9327,rakib khan,18,male,KHULNA ,Ten,101.3,4.9,74,73,47,194.0,unknown,0,Fail
6550,Riya Rahman,18,F,CHATTOGRAM,8,99.2,3.0,46,89,30,165.0,graduate,YES,P
6472,Kabir Akter,14,O,Rangpur,7th,88.5,2.5,31,94,33,158.0,,YES,PASS
6462,Kabir Islam,14,other,,Ten,66.6,4.0,63,75,91,229.0,GRADUATE,N,FAIL
5266,Mim Islam,14,other,rangpur,10th,90.4,3.2,70,67,67,204.0,Graduate,0,pass
2136,Mim Hossain,15,MALE,Dhaka ,Nine,69.1,3.6,76,44,73,,unknown,yes,F
5459,Rakib Islam,14,Male,barisal,7th,85.5,4.1,94,32,42,168.0,primary,No,
5079,Karim Talukder,11,male,Barisal,6,97.3,3.0,53,91,72,216.0,unknown,Y,Fail
3368,Zayed Talukder,16,Female,mymensingh,10,95.4,2.3,69,56,65,190.0,graduate,0,Pass
3730,Zayed Chowdhury,14,O,CHATTOGRAM,8,76.6,2.3,76,73,49,198.0,unknown,yes,Fail
149,Anik Das,16,FEMALE,Sylhet,6,77.2,4.0,91,258,58,407.0,secondary,No,PASS
304,Tamim Khan,16,FEMALE,DHAKA,Eight,81.1,3.0,,158,68,226.0,N/A,yes,Fail
5114,Sohan Talukder,16,M,Rajshahi,Ten,105.6,1.7,98,38,53,189.0,Primary,YES,P
5149,Sohan Hossain,16,male,Sylhet,Nine,83.1,2.4,86,82,54,222.0,Post Graduate,NO,F
1271,Farhan Das,16,male,Ctg,8th,75.6,3.4,46,90,44,180.0,GRADUATE,NO,F
1905,anik talukder,12,female,rangpur,6,74.9,1.9,61,50,97,208.0,higher secondary,No,PASS
2211,Momo Islam,13,other,Dhaka ,10,73.3,2.8,77,30,36,143.0,illiterate,NO,
4295,Tanvir Chowdhury,15,Female,Dacca,10th,234.5,4.6,67,87,82,219.0,postgraduate,,fail
3843,Anik Hossain,12,Other,Chittagong,Eight,97.3,1.0,82,49,88,219.0,primary,NO,Pass
3575,Arif Islam,18,female,,10,77.9,0.2,49,47,35,131.0,higher secondary,yes,F
2876,Sohan Sarker,14,F,barisal,Eight,85.7,0.0,94,75,89,258.0,graduate,NO,FAIL
5041,Hasan Islam,17,M,barisal,8th,100.6,1.7,43,87,-28,102.0,higher secondary,,F
2299,Sohan Ahmed,14,MALE,Ctg,Seven,80.1,-0.3,76,,67,143.0,Unknown,Y,
8676,Sabbir Rahman,18,female,chittagong,Ten,81.4,0.6,54,33,86,error,Post Graduate,YES,F
8156,Rupa Sarker,17,FEMALE,Dhaka,6th,81.1,3.0,60,33,41,134.0,secondary,yes,Pass
5279,Riya Sarker,16,M,Chattogram,6,87.6,2.8,59,45,83,187.0,Primary,N,F
5436,Imran Rahman,11,FEMALE,KHULNA ,6,101.9,5.1,85,64,97,246.0,Higher Secondary,No,P
5128,Tamim Talukder,13,MALE,SYLHET,7th,83.4,1.0,51,40,58,149.0,Primary,1,PASS
8984,Tamim Sarker,15,M,Ctg,10th,69.5,2.7,50,52,55,157.0,N/A,Yes,
6529,Rafi Sarker,17,O,barisal,9,73.2,6.2,-13,36,79,102.0,Secondary,n/a,Fail
6895,Priya Khan,18,,Dhaka ,Seven,80.2,4.2,79,52,39,170.0,postgraduate,,fail
1202,Karim Das,15,male,Mymensign,6th,71.9,4.2,absent,43,38,81.0,graduate,yes,fail
4024,Nusrat Chowdhury,17,O,Mymensign,10th,79.5,2.3,98,98,45,241.0,Primary,No,
3430,Imran Chowdhury,17,Other,khulna,7th,81.7,4.0,36,33,88,157.0,primary,no,pass
1866,Nadia Das,14,,Rangpur,7th,74.4,2.2,67,48,43,158.0,Higher Secondary,yes,PASS
9829 ,Anik Akter,15,M,Barisal,Seven,77.7,3.0,68,74,-31,111.0,N/A,No,PASS
5576,Priya Khan,13,F,Barishal,10th,99.0,1.7,48,70,84,202.0,PRIMARY,yes,Fail
7058,Ayesha Das,16,Male,Sylhet,9,80.5,4.5,38,-23,56,71.0,secondary,1,
5717,Nusrat Hossain,,FEMALE,Mymensingh,Seven,66.9,1.8,40,57,68,165.0,higher secondary,N,FAIL
4999,Mitu Islam,13,F,Rajshahi,9,66.7,2.7,82,45,39,166.0,Unknown,1,pass
2810,Fatema Khan,11,FEMALE,khulna,9,73.0,6.2,73,86,38,181.0,Post Graduate,no,
STU-08878,Bristi Ahmed,17,female,Ctg,Nine,82.4,2.3,47,49,34,130.0,illiterate,YES,F
4256,Lima Rahman,12,female,Barishal,7th,81.8,2.8,67,32,44,143.0,postgraduate,no,P
7529,Kabir Das,13,,sylhet,10th,78.3,0.8,73,96,81,250.0,Illiterate,1,Fail
8753,Tanvir Sarker,18,male,Dhaka,Six,99.3,4.2,96,50,59,205.0,N/A,NO,fail
2891,Rakib Ahmed,17,Other,Barisal,8,69.0,3.6,98,76,71,245.0,Post Graduate,yes,fail
3501,Fatema Chowdhury,12,MALE,Barisal,Eight,78.4,4.5,52,63,61,176.0,N/A,1,FAIL
5212 ,Jannat Das,18,MALE,Chittagong,9th,91.8,2.0,71,98,86,255.0,GRADUATE,n/a,PASS
3380,Fatema Talukder,13,male,Rangpur,9th,77.6,0.3,95,82,50,227.0,higher secondary,no,pass
3194,Sabbir Islam,13,MALE,Sylhet,7th,95.2,3.9,94,48,76,218.0,graduate,0,pass
1447,Karim Hossain,13,O,KHULNA ,9,72.6,3.0,47,74,41,162.0,illiterate,no,
1953,Kabir Talukder,17,Female,KHULNA ,Nine,,1.9,76,67,,143.0,,no,Fail
7125,Rahim Talukder,15,,Dhaka,Nine,87.0,2.7,77,46,45,168.0,PRIMARY,Yes,
9115,Sabbir Islam,15,other,khulna,10th,81.2,5.5,55,79,78,212.0,,1,fail
1625,Nadia Akter,15,F,Rangpur,7th,82.7,4.8,63,34,89,186.0,Unknown,1,fail
8503,Momo Islam,17,FEMALE,rajshahi,9th,,4.4,56,50,50,156.0,primary,n/a,PASS
6950,Priya Sarker,17,F,Mymensign,Seven,84.0,2.0,40,65,53,158.0,N/A,Y,F
1320,Tamim Rahman,18,Female,  Dhaka,9th,-35.4,1.2,79,62,47,188.0,primary,yes,
3532,Rafi Akter,16,Male,DHAKA,Nine,93.7,4.2,57,55,67,179.0,Higher Secondary,N,pass
1664,Sadia Sarker,18,female,Barishal,6th,76.9,2.4,35,95,50,180.0,Graduate,no,FAIL
816,Kabir Chowdhury,15,FEMALE,Barishal,7th,95.0,1.9,90,61,42,193.0,Primary,1,
4776,Anik Chowdhury,16,MALE,DHAKA,7,80.9,0.9,,81,43,124.0,Post Graduate,Y,PASS
9608,Sabbir Talukder,12,female,Rajshahi,9,84.3,3.4,40,48,54,142.0,Secondary,NO,Fail
1094,Fatema Chowdhury,11,other,,8th,75.8,4.0,69,61,98,228.0,secondary,YES,P
4177,Arif Sarker,13,female,Rajshahi ,06,73.6,2.7,76,39,45,160.0,primary,0,Pass
1951,Lima Das,16,M,barisal,Seven,88.2,4.7,66,94,71,231.0,N/A,no,FAIL
3885,Rupa Khan,18,F,CHATTOGRAM,7,83.6,-1.0,57,65,83,205.0,Unknown,Yes,
9516,Sabbir Sarker,15,FEMALE,Rangpur,8,92.7,2.4,absent,86,51,137.0,primary,,P
9667,Imran Akter,14,O,Barisal,9th,85.5,1.0,56,99,49,204.0,Secondary,No,FAIL
2801,Rafi Ahmed,16,FEMALE,mymensingh,6,85.7,-3.6,81,95,97,273.0,unknown,YES,PASS
1240,Sohan Talukder,18,Male,Ctg,Ten,95.4,3.1,87,62,45,194.0,unknown,,Fail
330,Jannat Khan,15,Female,Rajshahi,Seven,70.5,1.3,99,85,87,271.0,Graduate,yes,F
3103,Farhan Hossain,11,female,Dacca,Six,89.5,1.1,34,47,62,143.0,unknown,NO,fail
8435,Mim Khan,16,Female,SYLHET,Seven,71.1,2.3,95,70,72,237.0,primary,N,pass
2543,Ayesha Sarker,13,MALE,rangpur,Eight,83.0,3.4,58,49,49,156.0,postgraduate,No,PASS
4738,Nadia Rahman,16,FEMALE,Mymensign,Seven,100.5,1.6,69,98,56,223.0,graduate,N,Pass
4793,Imran Islam,15,Female,rangpur,9th,88.1,3.3,81,91,55,227.0,Graduate,N,FAIL
6647,Rupa Sarker,18,,barisal,8th,90.1,3.6,40,73,32,145.0,Higher Secondary,NO,F
2819,Farhan Ahmed,13,MALE,Rajshahi,Nine,99.2,1.9,43,88,41,172.0,secondary,n/a,F
754,Riya Khan,14,female,DHAKA,Nine,82.8,2.6,67,66,87,220.0,Primary,Yes,P
4532,Jannat Khan,13,other,barisal,Eight,74.3,4.6,79,30,42,151.0,,YES,Pass
1564,Farhan Khan,17,female,Rajshahi ,8,76.5,2.4,34,89,50,173.0,graduate,YES,fail
1935,fatema sarker,15,O,Rajshahi,10th,84.3,2.6,-5,59,37,91.0,N/A,YES,pass
7208,Kabir Das,14,F,Khulna,7,80.3,4.3,35,49,45,129.0,unknown,Yes,
9787,Tamim Khan,13,Male,mymensingh,8th,79.1,2.3,72,38,90,200.0,illiterate,Yes,P
3494,Nusrat Sarker,14,F,barisal,10,81.6,3.5,65,52,48,165.0,Graduate,YES,F
7713,Shila Das,17,Other,  Dhaka,8th,81.0,2.5,96,71,53,error,graduate,Yes,Pass
1857,Tanvir Ahmed,17,MALE,mymensingh,7,95.5,1.7,73,71,75,219.0,secondary,n/a,pass
4698,Sohan Akter,16,other,dhaka,06,71.4,4.4,48,46,71,,GRADUATE,n/a,Pass
3564,Arif Akter,14,MALE,mymensingh,Eight,75.7,5.6,79,142,85,306.0,graduate,No,P
1014,Shila Hossain,13,other,mymensingh,Eight,79.3,4.2,90,70,73,233.0,graduate,YES,PASS
6109,Kabir Islam,-8,Female,Sylhet,9th,101.6,2.7,84,90,91,265.0,,N,Fail
5483,Fatema Hossain,12,Male,CHATTOGRAM,06,82.0,3.1,77,96,83,256.0,unknown,0,Fail
467,Priya Das,15,O,rangpur,6,69.7,1.3,43,39,64,146.0,Unknown,yes,F
4029,Momo Akter,17,Other,Dacca,Six,73.7,5.1,77,,64,141.0,Secondary,No,FAIL
175,Shila Ahmed,17,Female,sylhet,7,76.3,3.1,37,50,99,186.0,primary,Yes,PASS
4881,Bristi Akter,16,M,Dacca,Ten,74.2,2.4,91,92,85,268.0,illiterate,0,pass
278,Hasan Das,11,M,sylhet,06,78.5,1.2,97,42,78,217.0,Higher Secondary,yes,Fail
1070,Sabbir Sarker,14,O,Barisal,06,83.0,1.7,79,67,-26,120.0,Primary,n/a,Fail
STU-09217,Mim Das,fifteen,male,Rangpur,9th,79.9,1.2,32,44,,76.0,,0,Fail
5562,Sabbir Talukder,15,female,sylhet,Nine,88.6,3.1,87,86,71,244.0,,N,F
6867,Riya Das,16,F,SYLHET,10th,89.9,5.2,87,71,58,216.0,Secondary,No,FAIL
5037,Nadia Ahmed,15,,sylhet,8th,,3.5,92,95,68,255.0,primary,no,Fail
STU-06804,Fatema Khan,14,M,Dacca,Nine,62.8,2.3,,59,92,151.0,Graduate,no,P
9538,Karim Islam,15,Male,Rangpur,10,71.6,1.2,80,58,32,170.0,GRADUATE,N,fail
5546,Momo Chowdhury,14,Other,Mymensingh,Ten,89.2,2.1,44,48,91,183.0,PRIMARY,Y,F
5003,Hasan Ahmed,14,MALE,rajshahi,9,78.6,6.3,50,54,90,194.0,Illiterate,NO,pass
1714,Riya Ahmed,11,MALE,DHAKA,6th,77.9,4.6,62,62,52,176.0,,No,fail
7641,Jannat Akter,12,other,sylhet,Seven,90.3,3.6,58,-32,-39,-13.0,higher secondary,YES,fail
2612,Ayesha Das,17,female,Chattogram,Eight,71.3,0.6,62,87,75,224.0,graduate,No,Fail
7394 ,Tanvir Chowdhury,15,M,Rangpur,6,60.6,3.2,46,72,,118.0,Post Graduate,,Fail
389,Mim Das,15,,mymensingh,Seven,75.7,3.4,90,38,97,225.0,,NO,Pass
8021,Farhan Chowdhury,14,FEMALE,Rangpur,9,94.1,2.7,94,92,81,267.0,Secondary,No,PASS
3496,Bristi Rahman,11,Other,barisal,06,194.1,1.8,65,47,45,error,N/A,N,Fail
4977,Rafi Das,13,male,Sylhet,Six,80.7,4.4,57,98,73,228.0,,YES,P
3543,Shila Talukder,14,Male,Chittagong,Seven,88.1,5.3,97,88,35,220.0,Primary,n/a,fail
7289,Jannat Sarker,15,F,Sylhet,8th,81.4,1.6,71,95,90,256.0,PRIMARY,,PASS
7311,Karim Sarker,16,FEMALE,Rajshahi,Nine,100.8,2.6,35,62,,97.0,Secondary,no,
51,Sohan Akter,14,Female,Dacca,Nine,69.4,6.0,92,80,54,226.0,postgraduate,Yes,FAIL
6588,Fatema Ahmed,15,O,Ctg,10th,69.7,1.9,65,53,34,152.0,graduate,1,Fail
4230,Priya Das,11,M,mymensingh,8,74.7,2.8,60,50,45,155.0,graduate,N,Fail
483,Nusrat Rahman,17,MALE,Dacca,9,70.8,2.6,62,79,40,181.0,GRADUATE,n/a,F
2252,Hasan Islam,11,,rangpur,6th,92.8,2.7,74,94,43,211.0,unknown,n/a,Pass
4163,Shila Akter,17,Other,,6,86.3,28.0,61,91,74,226.0,illiterate,No,Pass
9806,Rakib Akter,11,female,,Seven,89.4,7.0,83,68,62,213.0,secondary,Y,Fail
5093,Karim Ahmed,18,O,barisal,7,86.6,4.1,absent,73,76,149.0,graduate,No,
3104,Rakib Sarker,17,FEMALE,,10th,76.0,4.2,92,70,79,241.0,primary,1,fail
2930,Zayed Talukder,13,F,KHULNA ,Ten,62.4,2.9,72,48,90,210.0,N/A,YES,Pass
6777,Zayed Rahman,17,Female,barisal,9,79.4,2.0,30,46,83,159.0,Graduate,NO,Pass
4970,Fatema Akter,13,F,Mymensingh,7,91.4,4.8,31,60,73,164.0,unknown,0,PASS
65,Karim Sarker,15,other,Mymensign,06,91.9,3.1,96,94,62,252.0,Graduate,n/a,F
9732,Shila Hossain,17,O,Rangpur,6th,100.0,3.0,46,31,36,113.0,Unknown,1,F
7574,Karim Sarker,fifteen,O,rangpur,Seven,65.4,1.8,60,92,54,206.0,Illiterate,Y,
8969,Rupa Khan,11,Male,SYLHET,06,107.0,4.9,83,87,92,262.0,graduate,no,P
4588,Hasan Akter,11,Other,Barisal,9,74.2,5.0,91,73,60,224.0,N/A,Yes,
6403,Mitu Chowdhury,13,FEMALE,KHULNA ,Nine,88.4,2.4,74,89,87,250.0,higher secondary,0,fail
6210,Rupa Khan,18,Male,KHULNA ,7th,86.0,1.5,42,68,60,170.0,Unknown,1,F
4617,Shila Chowdhury,12,M,rangpur,10th,101.0,2.2,50,53,94,197.0,postgraduate,,FAIL
3333,Sadia Sarker,11,O,SYLHET,6,63.4,2.4,92,36,95,223.0,secondary,NO,PASS
7588,Nusrat Chowdhury,15,O,Barisal,Ten,105.6,2.3,64,59,85,208.0,higher secondary,NO,Pass
2816,Sohan Das,14,male,DHAKA,7th,74.9,4.1,40,44,77,161.0,postgraduate,1,fail
3965,Fatema Khan,14,Male,Chittagong,10,73.3,2.6,99,76,62,237.0,,,Fail
7607,Rafi Akter,14,male,mymensingh,8th,88.2,1.6,78,70,47,195.0,higher secondary,No,P
5382,Jannat Ahmed,12,Male,Chittagong,10,89.0,3.6,91,63,67,221.0,postgraduate,Y,
5940,Mim Talukder,13,M,Dacca,8th,67.0,3.6,69,52,52,173.0,Secondary,Yes,Pass
8917,Zayed Ahmed,17,,Khulna,9,74.1,3.1,98,86,97,281.0,Primary,N,Pass
3242,Momo Hossain,14,other,Ctg,Six,87.1,3.4,31,88,66,185.0,Unknown,No,P
2794,Bristi Das,16,O,Chattogram,7th,91.6,2.5,absent,94,93,187.0,Illiterate,N,FAIL
5734,Farhan Rahman,18,Male,khulna,Nine,78.0,0.9,35,91,39,165.0,secondary,NO,pass
2525,Ayesha Islam,16,Other,Rajshahi,8,84.2,4.6,57,75,57,189.0,Primary,yes,Fail
1736,Momo Das,15,male,Barisal,7th,95.7,-1.6,65,63,,128.0,postgraduate,N,FAIL
7961,Mitu Das,16,M,khulna,9th,89.8,4.8,98,63,56,217.0,secondary,NO,PASS
3125,Arif Akter,11,F,Barishal,8,83.9,1.0,40,61,93,194.0,,Y,FAIL
4941,Shila Akter,18,Female,Dhaka,10,104.5,3.1,49,33,87,169.0,illiterate,Y,PASS
7976,Nadia Chowdhury,12,Male,Barisal,7th,94.4,2.8,98,99,54,251.0,Unknown,0,fail
274,Bristi Islam,14,M,mymensingh,7th,90.6,1.2,86,54,31,171.0,Secondary,Yes,PASS
9771,Rakib Khan,13,Other,Chattogram,8,93.7,4.2,35,85,43,163.0,Primary,no,F
7022,ayesha hossain,18,male,Dacca,Six,69.4,2.2,89,34,56,179.0,postgraduate,N,F
9566,Kabir Hossain,13,F,Sylhet,Seven,71.8,3.2,53,42,35,130.0,Primary,NO,
6556,Priya Khan,12,,Mymensingh,8,90.5,0.4,64,91,90,245.0,postgraduate,Y,P
5579,Sohan Sarker,14,M,Barishal,Eight,100.4,1.1,46,45,30,121.0,secondary,NO,F
5497,Bristi Hossain,12,female,dhaka,10th,85.2,4.1,96,45,42,183.0,graduate,Y,P
1453,Priya Das,13,FEMALE,Dhaka,9,79.9,-0.5,55,99,87,241.0,Higher Secondary,no,Fail
2693,Rupa Talukder,17,Male,Mymensingh,8,83.5,3.7,43,44,43,130.0,PRIMARY,Yes,
2768,Ayesha Hossain,17,Male,Rangpur,8th,72.4,4.0,87,50,50,187.0,graduate,Y,F
8411,Anik Rahman,13,female,KHULNA ,Eight,63.6,3.3,57,57,88,202.0,,N,Fail
240,Momo Das,17,FEMALE,dhaka,8,89.3,2.6,43,39,30,112.0,GRADUATE,Yes,fail
1132,Zayed Islam,13,M,Rangpur,6th,90.9,4.0,86,-23,,63.0,primary,YES,
7894,Shila Islam,15,MALE,Rajshahi,6th,77.9,4.3,97,36,76,209.0,GRADUATE,Y,
3265,Zayed Islam,17,male,Rangpur,Six,78.8,3.0,43,43,58,144.0,PRIMARY,Yes,FAIL
5350,Mitu Khan,12,Female,Mymensingh,8,74.3,2.5,73,91,60,219.0,N/A,n/a,P
5765,Shila Chowdhury,13,FEMALE,khulna,9th,78.5,1.7,64,58,70,,secondary,1,F
1384,Arif Das,12,other,rangpur,9,81.5,2.1,80,97,54,231.0,secondary,yes,pass
3075,Momo Chowdhury,12,female,Sylhet,8th,85.9,3.6,95,97,45,237.0,Post Graduate,no,F
4861,Kabir Islam,18,other,Mymensign,Eight,89.5,3.6,81,91,31,203.0,higher secondary,no,Pass
1358,Rahim Akter,14,male,Barishal,8,216.9,3.2,61,33,67,error,Unknown,,FAIL
4872,Imran Islam,16,female,KHULNA ,10th,83.6,3.0,43,71,77,191.0,primary,yes,
2631,Karim Ahmed,18,,Rajshahi,6,,1.5,74,,51,125.0,primary,1,fail
625,Rakib Akter,13,female,Mymensign,Nine,85.9,5.6,43,absent,33,76.0,Unknown,YES,fail
840,Zayed Sarker,11,Female,Rangpur,06,85.9,6.7,63,75,97,235.0,,YES,
4724,Bristi Akter,13,Other,SYLHET,06,91.5,2.2,80,79,36,195.0,Illiterate,0,
7664,Rahim Chowdhury,16,Other,mymensingh,8th,,4.9,43,87,36,166.0,Secondary,,F
324,Hasan Islam,fifteen,Female,KHULNA ,9,93.0,4.3,32,92,48,172.0,postgraduate,,pass
1868,Karim Hossain,11,male,Mymensingh,Ten,94.4,3.3,44,81,63,188.0,GRADUATE,no,PASS
5257,Sabbir Talukder,13,female,Sylhet,8th,89.7,3.6,81,61,80,222.0,postgraduate,Y,F
2827,Anik Khan,17,M,Sylhet,06,89.8,2.9,83,73,45,201.0,,1,fail
5173,Imran Rahman,11,Male,Mymensign,10,101.8,0.9,39,62,33,,illiterate,No,
7084,Ayesha Akter,16,FEMALE,Sylhet,6th,179.0,2.1,59,73,75,207.0,graduate,no,pass
3928,Rafi Hossain,18,Female,rangpur,Ten,79.5,4.0,50,86,35,171.0,Graduate,,fail
8630,Hasan Islam,15,M,Ctg,9th,61.9,3.5,55,59,38,152.0,Unknown,NO,FAIL
120,Jannat Ahmed,11,,khulna,9,103.5,3.4,43,93,67,203.0,primary,n/a,pass
9684,Anik Ahmed,11,other,Mymensign,Eight,87.4,3.6,66,80,86,232.0,PRIMARY,0,pass
9531,Fatema Chowdhury,12,Female,Sylhet,8,96.4,3.2,78,55,,133.0,Illiterate,N,Fail
2378,Karim Ahmed,11,F,Rajshahi,Seven,91.4,1.5,55,91,54,200.0,unknown,,FAIL
5911,Nusrat Das,18,female,rangpur,10th,103.7,0.9,79,87,81,247.0,unknown,,FAIL
7510,Rahim Hossain,11,other,Mymensingh,Eight,80.5,2.1,57,74,31,162.0,GRADUATE,Y,F
9219,Sadia Rahman,18,female,Rajshahi ,6th,77.9,0.4,45,43,91,179.0,Graduate,N,FAIL
3302,Rahim Talukder,16,F,Dacca,9,84.9,3.2,96,36,58,190.0,Secondary,No,FAIL
7525,Farhan Ahmed,15,M,SYLHET,Ten,84.6,1.8,94,72,92,258.0,Post Graduate,YES,pass
4173,Rupa Rahman,11,F,Rajshahi ,9th,88.6,3.3,39,58,65,162.0,Post Graduate,YES,Pass
9093,Karim Talukder,11,O,Ctg,10th,92.8,3.4,48,82,78,208.0,,,FAIL
7880,Bristi Das,11,female,khulna,7,102.0,3.7,-9,74,45,110.0,postgraduate,n/a,pass
9397,Rakib Talukder,11,F,sylhet,9th,73.2,4.3,88,60,78,226.0,Unknown,YES,Pass
3857,Rupa Khan,11,male,Rajshahi,10,90.1,4.6,57,93,48,198.0,Higher Secondary,NO,Fail
5038,Tanvir Khan,12,Other,,Six,82.2,1.1,239,65,47,353.0,Unknown,0,fail
6722,Tamim Das,17,Male,Rajshahi,Nine,,,,57,191,248.0,Secondary,YES,Fail
4051,Zayed Akter,15,Male,rangpur,Eight,102.6,3.2,,73,75,148.0,GRADUATE,1,PASS
6964,Shila Hossain,18,F,Barisal,8,80.0,1.5,63,95,39,197.0,higher secondary,no,fail
553,Momo Talukder,12,Male,Rangpur,7th,63.6,3.8,92,81,54,227.0,Unknown,n/a,Fail
407,Ayesha Chowdhury,16,FEMALE,Chittagong,6,92.1,3.3,128,32,99,259.0,N/A,NO,fail
6214,Rupa Akter,11,F,chittagong,8th,-11.8,4.3,43,46,57,146.0,Graduate,,Fail
3135,Sohan Sarker,15,,Barisal,Ten,83.0,1.6,91,58,73,222.0,secondary,Y,
3299,Imran Das,17,MALE,KHULNA ,06,93.2,0.8,84,36,47,167.0,N/A,No,Fail
7480,Bristi Akter,13,Other,Barisal,9,N/A,5.1,37,55,56,148.0,Post Graduate,yes,fail
2350,Riya Sarker,18,O,Chattogram,9,73.8,1.3,88,93,37,218.0,GRADUATE,1,Fail
5843,Karim Hossain,12,Female,,06,63.8,3.0,62,56,76,194.0,Post Graduate,Y,FAIL
7666,Tanvir Khan,,O,mymensingh,Nine,71.7,1.9,73,30,91,194.0,N/A,n/a,fail
237,Shila Das,16,female,barisal,Six,84.7,4.8,91,89,43,error,unknown,Yes,fail
5782,Mim Islam,17,M,Dhaka,Six,92.8,1.6,72,79,75,226.0,N/A,YES,
6083 ,Kabir Ahmed,17,MALE,Rangpur,8th,99.7,3.8,55,58,47,160.0,Graduate,No,Pass
6080,Arif Sarker,16,Male,Rangpur,8,98.6,-0.3,85,51,37,173.0,Graduate,N,pass
7898,Anik Akter,12,Female,Barisal,7,85.8,3.3,92,36,89,,illiterate,NO,fail
3164,Priya Islam,15,Female,Rangpur,06,85.3,1.2,52,91,83,226.0,N/A,Y,F
500,Ayesha Das,,O,Mymensingh,8,71.2,5.1,44,66,30,140.0,unknown,Y,fail
4919,Riya Rahman,16,Other,Rajshahi ,8th,85.4,2.5,60,92,84,236.0,PRIMARY,No,fail
3626,Farhan Das,13,FEMALE,sylhet,8,85.6,2.5,63,42,80,185.0,unknown,YES,fail
3128,Tanvir Akter,13,other,SYLHET,10,80.9,1.6,68,39,49,156.0,Secondary,0,fail
8987 ,Sadia Hossain,13,,Rajshahi,9,,6.9,36,82,73,191.0,higher secondary,1,P
3359,Ayesha Hossain,13,FEMALE,Mymensign,Ten,77.6,1.8,42,53,98,193.0,primary,0,F
9183,Tanvir Talukder,15,other,,8th,78.4,4.4,40,38,33,111.0,Graduate,Y,Fail
7079,Lima Islam,15,female,Mymensingh,6,98.0,2.0,32,90,39,161.0,Secondary,Y,F
8583,Rafi Rahman,16,M,chittagong,Seven,88.4,4.5,64,78,74,216.0,postgraduate,YES,Pass
4840,Mitu Hossain,18,M,Rangpur,7,113.3,2.3,67,43,56,166.0,Secondary,NO,P
1218,Momo Islam,12,M,Barishal,6th,,0.7,86,213,34,,Higher Secondary,N,pass
236,Sohan Ahmed,15,female,Rajshahi,8,78.7,3.6,37,71,73,181.0,N/A,n/a,pass
332,Sohan Akter,15,Female,rajshahi,7,81.1,2.4,74,49,46,169.0,,yes,Pass
4577,Kabir Ahmed,13,Other,KHULNA ,7,81.5,4.3,64,32,82,178.0,Illiterate,0,P
3189,Sabbir Chowdhury,12,F,Rangpur,6,89.3,1.8,93,32,64,189.0,postgraduate,NO,Pass
7777,Bristi Ahmed,17,male,Rajshahi,06,79.7,3.7,75,49,37,161.0,Graduate,no,F
45,Mitu Khan,18,other,rajshahi,7,61.8,2.6,83,167,75,325.0,Unknown,YES,pass
7926,Imran Talukder,,,Barisal,8,90.2,4.6,97,54,62,213.0,graduate,N,F
4217,Jannat Ahmed,11,female,Mymensingh,7th,91.6,0.7,43,43,74,,Illiterate,NO,Fail
3073,Mitu Sarker,14,male,Barishal,10,72.1,5.2,98,40,67,205.0,Secondary,yes,
7912 ,Tamim Islam,14,MALE,KHULNA ,10th,94.9,2.0,96,51,49,196.0,graduate,no,Pass
5023,Karim Khan,-6,male,Barisal,6,77.5,4.0,87,70,59,216.0,higher secondary,yes,
6660,Imran Talukder,14,F,Barishal,Seven,88.1,3.6,56,84,83,223.0,illiterate,No,PASS
1595,Anik Ahmed,15,MALE,Chattogram,Nine,97.6,,89,52,58,208.0,postgraduate,n/a,Fail
8416,Tamim Sarker,18,female,barisal,8,78.4,0.9,70,79,39,188.0,Illiterate,Y,P
4710,Karim Das,11,Male,DHAKA,Ten,87.9,2.2,44,33,63,140.0,secondary,YES,PASS
2892,Nusrat Akter,17,M,,10th,90.3,4.3,37,78,67,182.0,GRADUATE,1,PASS
1246,Kabir Hossain,11,other,khulna,6th,100.6,5.1,88,99,87,274.0,Higher Secondary,n/a,P
7770,Nusrat Rahman,15,FEMALE,Barishal,Eight,79.9,4.2,53,85,74,212.0,GRADUATE,N,PASS
1541,Bristi Akter,12,FEMALE,khulna,9th,96.4,2.0,44,82,54,180.0,GRADUATE,yes,F
4626,Farhan Khan,11,Male,Barisal,10th,73.9,4.0,78,47,-20,105.0,Post Graduate,n/a,FAIL
819,Riya Talukder,15,male,Mymensign,9,89.3,4.3,72,46,87,205.0,Illiterate,no,
STU-00156,Mim Chowdhury,18,F,mymensingh,8,85.1,3.1,75,45,97,233.0,,NO,Fail
7511,Kabir Ahmed,11,,Mymensign,7th,69.6,1.4,44,91,60,195.0,GRADUATE,Y,pass
6745,Bristi Khan,11,male,KHULNA ,7th,84.3,3.7,45,84,absent,129.0,Unknown,,F
8636,Mim Ahmed,16,,mymensingh,Seven,77.9,2.6,98,68,30,196.0,primary,,Fail
249,Tamim Chowdhury,15,Male,khulna,9,95.7,2.8,76,63,94,233.0,illiterate,No,F
4015 ,Mitu Talukder,18,FEMALE,mymensingh,Six,188.9,1.4,37,47,52,136.0,Higher Secondary,0,pass
7610,Sohan Talukder,190,FEMALE,mymensingh,Ten,97.8,,79,99,71,249.0,Illiterate,no,pass
5227,Lima Khan,12,Male,CHATTOGRAM,06,84.3,1.8,33,90,195,318.0,PRIMARY,0,Pass
8175,Nadia Islam,17,female,,10th,95.9,0.4,83,63,81,227.0,Unknown,yes,FAIL
8986,Farhan Khan,13,F,Ctg,10th,83.9,2.7,44,50,63,157.0,GRADUATE,Yes,Fail
8120,Mim Akter,18,F,sylhet,7th,77.1,2.8,34,90,86,210.0,Illiterate,n/a,F
3190,Rafi Talukder,17,FEMALE,Mymensign,9th,104.9,1.4,33,42,80,155.0,postgraduate,No,F
2650,Tamim Sarker,15,Female,Mymensingh,10th,94.5,2.7,86,83,48,217.0,Illiterate,0,PASS
629,Shila Chowdhury,16,Female,sylhet,8,97.2,2.2,32,88,78,198.0,higher secondary,YES,
1231,Priya Khan,12,female,chittagong,9,81.6,2.4,52,97,43,192.0,postgraduate,Y,PASS
2340,Mitu Chowdhury,fifteen,Other,khulna,6,100.0,4.2,48,78,,126.0,graduate,No,FAIL
7708,Priya Akter,12,female,Dacca,Nine,93.2,2.0,46,36,34,116.0,graduate,,P
6831,Bristi Talukder,239,Female,Mymensign,Ten,-24.9,4.7,57,38,64,159.0,N/A,1,FAIL
7369,Zayed Islam,11,Other,Chittagong,9,90.7,2.3,56,49,45,150.0,Post Graduate,no,FAIL
1452,Nusrat Talukder,11,F,DHAKA,8th,92.3,4.1,81,37,70,188.0,Higher Secondary,0,pass
1829,Nusrat Islam,-13,Other,DHAKA,10,72.5,1.2,61,72,83,216.0,primary,N,pass
9019,Rupa Akter,15,Female,Barisal,8,95.5,1.8,76,44,83,203.0,Secondary,No,
1640,Ayesha Khan,15,O,Mymensign,8,80.7,,90,39,58,187.0,unknown,no,Fail
3865,Sabbir Hossain,17,male,Rangpur,9th,92.9,4.6,47,87,55,189.0,postgraduate,yes,PASS
7938,Mim Sarker,12,M,rangpur,Ten,75.7,2.7,58,83,37,178.0,Higher Secondary,N,Fail
3421,Priya Khan,13,F,Khulna,Six,85.2,3.6,44,31,33,108.0,secondary,n/a,
3768,Karim Khan,14,female,Barishal,Seven,101.9,4.3,90,78,59,227.0,GRADUATE,Y,PASS
8728,Sabbir Islam,13,,  Dhaka,Ten,68.7,2.8,90,30,35,155.0,postgraduate,,FAIL
5907,Ayesha Rahman,18,Female,chittagong,Ten,90.8,1.5,52,66,53,171.0,GRADUATE,yes,fail
8347,Priya Ahmed,18,Other,barisal,9th,100.6,4.6,96,99,37,232.0,Unknown,n/a,pass
5597,Rupa Khan,12,Other,dhaka,9,91.6,7.0,50,85,55,190.0,Illiterate,No,Fail
3150,Zayed Islam,18,O,Rajshahi,10th,231.0,4.5,31,97,89,217.0,illiterate,yes,FAIL
9504,Rafi Rahman,16,Female,SYLHET,10,91.9,2.2,88,30,66,184.0,N/A,yes,pass
8515,Imran Das,12,O,rajshahi,Ten,80.2,3.8,77,36,86,181.0,Secondary,0,P
5807,Ayesha Chowdhury,14,other,Rangpur,10th,86.5,,75,75,45,195.0,N/A,No,PASS
4111,Riya Hossain,15,Female,Mymensingh,8,74.2,1.9,53,62,32,147.0,Higher Secondary,,F
1799,Priya Islam,13,F,khulna,8,81.3,4.6,97,74,54,225.0,GRADUATE,Y,Pass
8275,Karim Chowdhury,11,Male,Mymensingh,Nine,-47.0,,46,46,74,166.0,higher secondary,no,Pass
1989,Tamim Ahmed,13,male,sylhet,06,72.5,3.6,76,75,87,238.0,primary,YES,P
1575,Rahim Rahman,15,O,Ctg,7th,90.5,2.7,98,50,53,201.0,illiterate,no,P
2724,Nadia Rahman,15,male,Dacca,9,82.4,2.9,54,39,64,157.0,Primary,,pass
2059,Momo Islam,13,F,Rajshahi ,8,86.1,2.8,,98,58,156.0,Post Graduate,yes,Pass
9367,Anik Das,17,other,DHAKA,Seven,80.3,2.1,absent,77,87,164.0,Higher Secondary,1,fail
4510,Kabir Akter,13,O,Mymensign,Ten,86.7,2.4,94,92,79,265.0,primary,NO,
4262,Ayesha Ahmed,238,Male,Barishal,9,84.2,0.5,47,72,62,181.0,PRIMARY,Y,PASS
9593,Imran Sarker,17,MALE,Sylhet,7,76.9,2.4,59,94,73,226.0,postgraduate,N,F
6252,Rafi Ahmed,18,Male,Mymensign,8th,89.2,2.7,74,49,33,156.0,,No,Fail
615,Sabbir Rahman,15,O,Sylhet,7,80.1,2.5,68,57,78,203.0,N/A,NO,FAIL
3094,Nadia Hossain,16,Male,Rangpur,Eight,88.5,2.7,95,-45,79,,postgraduate,Yes,Pass
3451,Zayed Rahman,11,Female,Mymensingh,06,101.2,5.6,31,83,60,174.0,Unknown,Y,pass
1015,Shila Khan,18,M,KHULNA ,6,93.8,4.0,98,87,73,258.0,N/A,yes,FAIL
1717,Momo Ahmed,16,Female,Dhaka ,9th,,4.3,55,80,76,216.0,Post Graduate,yes,pass
3906,Rahim Ahmed,13,Male,DHAKA,10th,86.9,2.1,45,45,42,132.0,unknown,N,
7501,Rupa Chowdhury,17,,Mymensign,9,79.6,4.7,70,51,71,192.0,Secondary,1,Pass
3419,Sohan Islam,16,O,KHULNA ,8th,98.9,2.5,66,42,49,157.0,PRIMARY,,P
4652,Rakib Islam,16,Female,barisal,8,92.6,3.5,98,69,53,,Post Graduate,Y,Pass
3101,Sadia Islam,16,male,Khulna,9,81.3,2.7,35,99,88,222.0,secondary,YES,pass
6465,Hasan Hossain,15,O,Rajshahi ,Seven,100.5,2.6,78,50,86,214.0,N/A,n/a,
9840,Shila Khan,17,Other,Khulna,6th,93.9,4.7,77,32,53,162.0,graduate,YES,P
1212,Sadia Das,17,F,,9th,70.9,2.8,75,93,75,243.0,illiterate,YES,Fail
9820,Lima Rahman,17,Female,Dhaka ,Eight,87.9,4.2,,40,89,,postgraduate,Yes,F
8827,Jannat Sarker,13,,mymensingh,8th,97.7,1.8,45,58,99,202.0,PRIMARY,YES,pass
9248 ,Hasan Khan,13,other,Khulna,Nine,87.3,0.4,48,58,95,201.0,PRIMARY,YES,fail
STU-08989,Sohan Das,11,other,Mymensingh,7,78.4,,44,74,94,212.0,primary,No,PASS
7087,Nadia Sarker,18,MALE,Mymensingh,8th,78.8,1.0,absent,51,43,94.0,,Y,fail
5188,Lima Hossain,12,female,Rajshahi ,8th,79.5,4.9,70,53,54,177.0,GRADUATE,Yes,fail
4271,Fatema Ahmed,13,M,,Seven,70.2,1.6,71,42,30,143.0,,n/a,fail
2815,Mim Ahmed,12,female,Rajshahi,6th,92.9,1.3,89,32,34,155.0,higher secondary,1,pass
1081,Zayed Chowdhury,13,M,Barisal,Ten,87.0,2.4,52,63,40,155.0,illiterate,YES,Fail
1608,Rakib Das,14,O,sylhet,6,-42.9,2.7,95,34,32,161.0,secondary,yes,Pass
8337,Nusrat Rahman,11,Male,Mymensign,8,69.4,7.0,39,83,64,186.0,,1,fail
4242,Momo Talukder,16,O,chittagong,9th,,4.5,43,34,91,168.0,Illiterate,Y,P
91,Rupa Talukder,15,,SYLHET,Seven,87.2,2.3,98,34,32,164.0,N/A,No,F
7847,Sabbir Hossain,11,male,barisal,Seven,86.4,1.1,32,96,37,165.0,secondary,NO,PASS
7931,Sadia Ahmed,13,MALE,Mymensign,06,91.9,1.9,47,78,40,,N/A,Y,PASS
683,Arif Chowdhury,15,MALE,barisal,10,89.5,0.2,59,54,57,170.0,illiterate,,P
8042,Sadia Chowdhury,14,,Mymensign,6th,76.1,4.3,97,64,,161.0,unknown,no,FAIL
8286,Fatema Khan,17,FEMALE,Chattogram,9,103.5,1.2,72,50,58,180.0,graduate,YES,pass
9027,Arif Hossain,17,M,khulna,6,82.2,2.9,,52,81,133.0,Unknown,No,P
6053,Fatema Ahmed,,Male,Barisal,10,101.0,2.8,33,92,79,204.0,higher secondary,,F
6006,Priya Islam,13,Other,Khulna,8th,97.6,2.4,91,78,83,252.0,Illiterate,NO,F
5132,Zayed Hossain,11,other,,8th,93.5,2.3,88,72,88,248.0,Unknown,N,Pass
1401,Ayesha Akter,12,Male,Chattogram,7,77.6,1.8,35,55,32,122.0,GRADUATE,Yes,P
7256,Hasan Das,11,Male,SYLHET,Six,N/A,4.0,80,56,36,172.0,Secondary,YES,Fail
2263,Tamim Ahmed,12,Male,SYLHET,9th,103.1,3.9,42,53,86,181.0,secondary,n/a,fail
3246,Fatema Hossain,18,F,Khulna,7,80.4,4.9,31,64,74,169.0,GRADUATE,no,fail
9191,Priya Sarker,14,male,,Seven,83.7,-1.1,50,38,31,,graduate,,fail
854,Momo Rahman,16,other,Khulna,9,79.6,2.6,86,196,91,373.0,PRIMARY,N,Fail
9335,Farhan Khan,15,Male,rajshahi,Six,89.3,-4.1,78,47,53,178.0,Unknown,No,PASS
7844,Rupa Rahman,13,Female,dhaka,8,80.3,3.8,42,72,86,200.0,Graduate,N,FAIL
2275,Mim Ahmed,16,F,Mymensign,6th,95.5,4.4,83,45,36,164.0,N/A,1,
7041,Imran Ahmed,14,F,Dhaka,7th,-3.3,3.9,98,76,49,240.0,illiterate,NO,pass
7563,Fatema Akter,14,M,Barishal,10,97.8,2.6,55,89,65,209.0,secondary,1,
4498,Tanvir Chowdhury,13,FEMALE,rangpur,Six,-30.1,25.9,42,82,92,216.0,graduate,YES,PASS
7573,Jannat Hossain,16,other,khulna,8,74.6,4.8,62,69,99,230.0,primary,NO,PASS
1104,Imran Rahman,17,FEMALE,SYLHET,6th,96.6,3.8,81,36,-29,88.0,Unknown,Yes,PASS
85,Ayesha Chowdhury,12,F,Rangpur,Seven,106.9,1.8,37,65,37,139.0,GRADUATE,NO,Pass
5953 ,Imran Akter,15,MALE,Rajshahi,7,104.0,2.8,55,66,84,205.0,postgraduate,YES,Fail
4211,Priya Chowdhury,17,FEMALE,Barishal,8th,74.8,3.1,98,54,66,218.0,unknown,N,Pass
6815,Rahim Hossain,12,female,Mymensign,8th,83.7,0.4,47,35,64,146.0,Higher Secondary,Y,Fail
5682,lima khan,16,male,Khulna,Eight,97.7,4.3,73,81,78,232.0,Post Graduate,0,Pass
3441,Kabir Hossain,13,O,khulna,Six,83.2,1.5,85,64,68,217.0,unknown,YES,pass
1568,Anik Khan,16,MALE,Mymensingh,10,90.8,2.7,,99,98,197.0,postgraduate,0,Fail
7034,Bristi Sarker,14,Other,khulna,Nine,82.9,2.4,52,45,38,135.0,postgraduate,n/a,fail
5598,Arif Chowdhury,17,Female,Mymensingh,Eight,84.0,,35,57,92,184.0,Secondary,No,fail
1661,Arif Ahmed,15,M,Mymensign,8th,69.3,1.4,,77,97,,primary,NO,PASS
3765,Farhan Khan,13,Male,mymensingh,8th,79.9,3.1,54,50,71,175.0,Post Graduate,yes,fail
3585,Priya Islam,15,Male,rangpur,10th,82.4,3.8,57,69,80,,Secondary,1,fail
6952,Kabir Sarker,15,female,Sylhet,Eight,80.6,0.1,67,91,70,228.0,postgraduate,yes,pass
2875,Nusrat Khan,18,male,rangpur,7th,75.9,2.4,39,68,84,191.0,N/A,yes,
2885,Karim Sarker,11,,Sylhet,Eight,86.6,3.1,31,43,46,120.0,Graduate,,F
3008,Momo Rahman,16,male,Dhaka,Ten,86.1,3.6,86,34,43,166.0,unknown,n/a,fail
1827,Fatema Hossain,13,female,Rajshahi,7th,102.3,4.7,35,,88,123.0,Primary,yes,Fail
5930,Farhan Chowdhury,17,Other,Dhaka,6th,96.3,4.6,72,94,41,207.0,Post Graduate,YES,P
2641,Arif Hossain,159,M,Khulna,10th,112.6,2.6,35,68,47,150.0,primary,No,P
5702,Zayed Rahman,11,F,rajshahi,9,76.3,2.4,39,48,79,166.0,graduate,Y,F
8536,Mitu Rahman,15,F,Dhaka ,8th,72.3,4.1,48,71,70,189.0,Post Graduate,Y,F
STU-06438,Nadia Islam,16,,sylhet,9,N/A,3.0,84,57,51,192.0,Graduate,yes,Pass
6323,Anik Rahman,11,Other,barisal,6,89.7,2.5,65,78,56,199.0,Graduate,Yes,F
STU-02708,Imran Ahmed,12,Female,Khulna,6,,3.6,83,34,65,185.0,primary,N,Fail
6159,Sohan Akter,13,Female,Rajshahi ,Eight,70.2,1.6,63,71,32,166.0,secondary,n/a,FAIL
7855,Riya Rahman,13,O,sylhet,8,75.6,0.7,37,67,38,142.0,Illiterate,N,F
9303,Rahim Khan,17,Female,Rangpur,8th,83.5,3.5,89,91,60,240.0,secondary,no,F
2214,Momo Rahman,16,female,rajshahi,Nine,80.3,3.6,37,50,72,159.0,primary,n/a,Pass
1360,Farhan Talukder,16,Male,sylhet,9,86.9,4.6,42,64,72,178.0,unknown,,fail
2108,Lima Das,-7,O,Barishal,9,74.2,4.8,,33,84,117.0,Higher Secondary,No,FAIL
4806,Zayed Rahman,14,M,dhaka,8,89.8,4.4,63,38,39,140.0,,N,FAIL
5975,Rahim Sarker,15,M,,9th,62.7,5.3,82,59,40,181.0,Graduate,yes,F
6821,,fifteen,O,barisal,06,75.6,3.3,61,215,86,361.0,Graduate,no,F
9571,Tamim Akter,11,other,Khulna,9th,72.8,2.6,31,99,33,163.0,postgraduate,Y,PASS
2829,Jannat Akter,12,M,Sylhet,Nine,97.0,3.6,68,71,83,222.0,Primary,NO,PASS
425,Rahim Ahmed,13,male,chittagong,8th,74.4,1.7,80,75,50,205.0,Secondary,Yes,PASS
293,Anik Das,12,,Rangpur,8th,84.7,4.2,83,81,32,196.0,primary,1,FAIL
1066,Jannat Chowdhury,13,male,rajshahi,Eight,85.8,4.2,47,66,55,168.0,postgraduate,Yes,P
7018,Nusrat Hossain,14,female,Rajshahi,10,103.3,3.6,57,74,57,188.0,N/A,,Pass
5735,Rupa Rahman,16,Other,CHATTOGRAM,8th,75.0,3.1,85,33,42,160.0,,0,FAIL
5109,Rahim Islam,15,male,rangpur,9,79.3,1.6,35,84,73,192.0,Graduate,N,
7197,Imran Rahman,fifteen,male,Mymensingh,Nine,82.4,3.0,,80,37,117.0,Post Graduate,N,Pass
938,Sadia Islam,17,other,Dhaka ,9,84.4,2.7,64,56,49,169.0,Illiterate,NO,Pass
3780,Farhan Hossain,13,O,barisal,Ten,75.3,4.7,58,45,92,195.0,Unknown,N,pass
6894,Priya Hossain,12,FEMALE,rangpur,Seven,105.6,3.7,53,59,98,210.0,N/A,Y,Pass
8447,Tamim Das,18,F,Rajshahi ,8,84.8,4.1,47,41,60,,higher secondary,n/a,Fail
9675,Farhan Hossain,13,F,chittagong,7th,81.0,3.0,52,99,87,238.0,PRIMARY,NO,FAIL
9137,Sabbir Chowdhury,16,M,Barisal,7th,95.3,2.2,67,72,77,216.0,Illiterate,Y,P
8538,Priya Chowdhury,12,O,Mymensign,06,75.9,4.4,40,59,93,190.0,secondary,No,PASS
6281,Priya Ahmed,15,O,Mymensign,10th,85.0,1.9,75,39,66,180.0,secondary,Y,fail
3267,Farhan Rahman,16,,Rajshahi ,Nine,74.9,1.8,37,72,38,147.0,postgraduate,n/a,pass
7347,Lima Islam,14,Female,Barishal,8,77.8,3.2,44,72,49,165.0,Unknown,YES,fail
7724,Karim Chowdhury,13,Other,barisal,7,90.9,1.6,30,43,65,138.0,Post Graduate,,P
4820,Ayesha Akter,15,M,Mymensingh,9th,74.2,1.8,42,47,41,130.0,Higher Secondary,1,PASS
970,Rupa Chowdhury,15,MALE,Ctg,Eight,82.8,27.6,68,33,32,133.0,graduate,yes,P
497,Ayesha Das,18,MALE,KHULNA ,9,90.5,7.0,55,48,89,192.0,Primary,NO,P
5836,Rafi Hossain,17,FEMALE,sylhet,9th,96.1,,,64,,64.0,Unknown,Yes,PASS
8530,Riya Sarker,12,M,rajshahi,10,93.0,3.2,75,78,44,197.0,Higher Secondary,no,
4705,Lima Akter,14,FEMALE,,10th,74.6,6.0,36,59,34,129.0,higher secondary,NO,Fail
1149,Tanvir Hossain,13,other,Chattogram,10,77.3,4.2,35,94,35,164.0,PRIMARY,NO,pass
5810,Ayesha Rahman,15,male,KHULNA ,6th,73.7,0.5,60,76,89,225.0,GRADUATE,0,fail
4855,Sadia Chowdhury,13,FEMALE,rangpur,8th,72.3,2.9,38,60,72,170.0,Unknown,No,Fail
5006,Jannat Rahman,14,F,rajshahi,Eight,88.3,2.2,75,94,95,264.0,illiterate,NO,Pass
3969,Sabbir Hossain,16,,Barisal,10th,94.4,4.4,46,90,75,211.0,GRADUATE,Yes,PASS
2152,Sabbir Talukder,-1,M,Rajshahi ,Eight,73.9,5.6,47,73,60,180.0,Secondary,N,
7762 ,Momo Das,11,Other,Barisal,7th,94.1,3.8,96,78,65,239.0,primary,1,fail
2492,Anik Islam,18,male,Barishal,Nine,96.7,3.2,51,37,92,180.0,Graduate,NO,F
4816,Ayesha Hossain,15,M,chittagong,Eight,97.4,4.1,76,69,absent,145.0,postgraduate,yes,PASS
2825,Karim Ahmed,18,FEMALE,Dacca,9th,86.3,4.6,76,99,37,212.0,PRIMARY,1,FAIL
5666,Zayed Talukder,14,O,khulna,Six,89.2,5.4,91,86,97,274.0,GRADUATE,Yes,Pass
7039,Rafi Talukder,12,O,rangpur,7,67.0,3.9,80,45,41,166.0,Higher Secondary,,F
2276,Rupa Akter,14,Female,rajshahi,10th,95.5,2.7,83,44,79,206.0,Illiterate,Yes,F
8627,Anik Sarker,12,Other,DHAKA,Ten,93.6,-2.1,51,99,61,211.0,,n/a,F
8168,Priya Rahman,16,,KHULNA ,10,87.4,0.3,87,-45,67,109.0,postgraduate,No,Fail
5396,Zayed Akter,15,,KHULNA ,8th,96.0,3.6,42,46,58,,PRIMARY,No,pass
6271,Riya Talukder,11,other,Mymensign,Seven,49.6,2.0,90,54,83,227.0,higher secondary,No,FAIL
3756,Imran Khan,16,female,rangpur,Six,83.7,1.9,52,95,74,221.0,Secondary,1,P
7918,Kabir Khan,260,F,Chittagong,Seven,97.9,1.9,57,47,36,140.0,Post Graduate,,
7205,Arif Sarker,17,Male,Ctg,9,80.9,2.8,96,74,36,206.0,Higher Secondary,yes,
3212,Rupa Khan,12,Other,rajshahi,10th,87.7,2.7,33,40,53,126.0,Primary,NO,pass
4309,Rahim Ahmed,14,Female,Barisal,Nine,72.7,4.5,38,79,95,204.0,GRADUATE,0,PASS
4993,Bristi Ahmed,12,F,khulna,7th,98.7,3.4,69,55,46,170.0,PRIMARY,1,F
3541,Sabbir Rahman,12,O,SYLHET,7,87.5,2.4,-19,52,61,94.0,GRADUATE,Y,P
1942,Farhan Ahmed,11,F,Barisal,8,67.4,1.4,61,31,93,185.0,Primary,NO,pass
3600,Momo Islam,11,Other,Barishal,9,103.5,4.6,90,46,69,205.0,Illiterate,Y,Fail
5386,Zayed Chowdhury,11,male,khulna,8,,0.9,88,42,59,189.0,,no,Pass
9458,Rafi Akter,11,Male,Khulna,8,84.1,4.9,-38,81,72,115.0,Unknown,N,
4439,Priya Rahman,16,female,rajshahi,8,92.4,3.0,73,59,52,184.0,graduate,1,P
2598,Arif Chowdhury,16,Female,rajshahi,6th,58.3,4.3,60,58,88,206.0,higher secondary,YES,P
1411,Bristi Rahman,13,Other,Barisal,10th,73.6,1.8,80,79,33,192.0,,no,P
1215,Priya Rahman,18,F,khulna,Seven,71.5,1.3,86,34,,120.0,,NO,fail
9159,Rupa Chowdhury,18,O,sylhet,8th,88.0,4.5,97,67,70,234.0,PRIMARY,1,P
9423,Lima Khan,18,M,mymensingh,Eight,107.9,4.2,32,44,85,161.0,Illiterate,,fail
6440,Lima Das,15,O,Barishal,10th,85.4,3.4,45,65,77,187.0,GRADUATE,n/a,PASS
4792,Karim Chowdhury,17,MALE,dhaka,6,89.7,3.3,90,77,74,241.0,GRADUATE,Yes,
7597,Rahim Akter,13,O,barisal,8th,-39.1,4.0,82,57,82,221.0,Unknown,no,Pass
6218,Priya Ahmed,13,male,barisal,Ten,90.5,3.9,97,97,91,285.0,unknown,No,pass
606,Mim Rahman,12,other,Rajshahi,Six,74.0,2.5,66,78,95,239.0,secondary,Y,F
8297,Shila Talukder,13,O,CHATTOGRAM,8,81.6,2.1,94,,65,159.0,primary,No,pass
646,Rakib Hossain,18,,Mymensign,Nine,93.7,2.3,66,97,78,241.0,higher secondary,1,PASS
5501,Rahim Sarker,18,M,Dhaka ,9,70.4,0.5,57,35,90,,primary,Yes,P
3089,Nadia Sarker,16,Female,CHATTOGRAM,06,78.0,2.9,91,97,73,261.0,higher secondary,n/a,FAIL
9212,Priya Talukder,fifteen,F,sylhet,06,98.2,2.8,63,41,33,137.0,Illiterate,n/a,PASS
8284,Arif Rahman,16,M,Khulna,Seven,75.6,4.4,58,38,33,129.0,GRADUATE,,FAIL
5209,Sabbir Islam,11,Other,rajshahi,7th,,3.8,76,44,80,200.0,GRADUATE,Y,Fail
2871,Momo Rahman,15,,Chittagong,06,96.2,3.3,97,96,70,263.0,GRADUATE,no,P
9101,Nusrat Khan,18,O,rajshahi,Seven,76.4,2.5,32,70,57,159.0,illiterate,0,fail
5571,Zayed Rahman,14,F,sylhet,7th,-25.9,7.8,64,94,46,204.0,higher secondary,Y,FAIL
5838,Shila Chowdhury,16,,SYLHET,Eight,64.9,5.8,74,98,73,245.0,Secondary,N,pass
8431,Mitu Rahman,17,M,SYLHET,8,96.7,2.4,46,75,70,191.0,primary,no,FAIL
3141,Lima Sarker,12,MALE,Khulna,8th,83.3,2.3,55,99,96,250.0,Graduate,NO,
9135,Rafi Rahman,12,Male,Ctg,6th,80.6,1.3,60,57,88,205.0,Graduate,n/a,pass
9463,Farhan Akter,11,Other,barisal,7,83.3,3.7,96,62,41,199.0,primary,Y,Fail
939,Lima Sarker,11,female,sylhet,10,90.9,1.9,39,76,88,203.0,,N,fail
5521,Hasan Ahmed,15,male,Mymensingh,Ten,100.8,1.8,77,80,84,241.0,N/A,No,
3230,Tanvir Chowdhury,13,male,Dhaka,Eight,98.7,4.5,80,87,36,203.0,GRADUATE,0,Fail
1863,Jannat Das,14,,Rangpur,10,97.7,4.1,64,64,51,179.0,GRADUATE,No,Pass
1670,Sabbir Sarker,14,M,chittagong,6,91.0,3.2,59,56,49,164.0,postgraduate,Y,PASS
8198,Priya Das,13,FEMALE,rangpur,6,81.0,2.7,59,65,82,206.0,,Y,Pass
4344,Mitu Islam,13,female,sylhet,6,72.8,4.4,,85,69,154.0,higher secondary,1,
3944,Sadia Sarker,14,O,Dhaka,Seven,81.1,2.6,49,64,88,201.0,unknown,NO,FAIL
3014,Imran Hossain,11,Other,Sylhet,8,78.6,29.5,34,62,33,129.0,Post Graduate,NO,FAIL
19,Mim Das,16,F,Barishal,9th,94.2,3.5,57,73,absent,130.0,unknown,N,P
7575,Kabir Ahmed,16,male,khulna,Six,79.3,3.2,59,74,97,230.0,,no,PASS
6578,Farhan Das,12,Male,dhaka,9th,,2.6,88,95,81,264.0,Graduate,Yes,
9004,Tanvir Akter,12,M,Mymensign,9,97.0,2.8,48,66,94,208.0,Post Graduate,No,FAIL
9493,Rupa Islam,17,other,Sylhet,6,86.3,2.1,53,52,82,187.0,Unknown,0,F
5432 ,Sabbir Rahman,16,other,Mymensingh,9th,64.2,2.6,61,51,50,162.0,Post Graduate,0,P
8453,Lima Das,18,Other,mymensingh,8,86.6,5.0,70,39,36,145.0,graduate,Y,Pass
1571,Karim Islam,13,MALE,sylhet,Eight,84.2,4.5,68,74,61,203.0,higher secondary,Y,fail
1744,Lima Ahmed,11,Male,Rajshahi,7,69.3,2.2,78,52,42,172.0,illiterate,Yes,PASS
7010,Mitu Talukder,11,female,Ctg,9,81.6,-0.1,89,79,75,243.0,illiterate,0,PASS
521,Kabir Talukder,13,Other,mymensingh,Ten,81.3,1.1,35,34,86,155.0,Secondary,n/a,P
3938,Kabir Chowdhury,12,F,Mymensingh,9,77.5,1.2,69,44,33,146.0,postgraduate,N,Fail
STU-01659,Rakib Islam,11,MALE,SYLHET,10th,89.6,4.2,91,67,55,213.0,postgraduate,NO,P
3473,Nusrat Akter,15,Female,Ctg,06,60.8,3.1,96,44,45,185.0,unknown,1,FAIL
2476,Tanvir Hossain,13,FEMALE,SYLHET,7th,87.5,3.7,54,66,69,189.0,GRADUATE,Y,Pass
3949,Nusrat Sarker,18,male,khulna,Eight,72.5,3.9,31,31,41,103.0,Higher Secondary,n/a,pass
3935,Tanvir Rahman,14,F,Barishal,7th,83.8,4.1,157,63,48,268.0,unknown,yes,
7154,Zayed Chowdhury,13,male,Rangpur,9,74.8,0.7,73,,80,153.0,illiterate,No,fail
764,Tamim Akter,16,other,Barisal,06,86.8,1.0,73,30,39,142.0,Post Graduate,Yes,F
4704,Riya Akter,15,male,Barisal,7th,75.9,3.5,43,42,47,132.0,Higher Secondary,n/a,pass
7237,Riya Ahmed,15,female,rangpur,10th,,4.2,74,93,93,260.0,GRADUATE,Yes,fail
8028,Sadia Islam,-1,Female,barisal,8th,75.3,4.3,84,43,73,200.0,Primary,Yes,PASS
4428,Hasan Akter,13,O,Barisal,Ten,83.3,3.4,37,68,47,152.0,secondary,Y,fail
7659,Imran Rahman,14,Male,Mymensingh,Eight,231.9,1.0,79,92,63,234.0,Unknown,n/a,FAIL
7730,Nusrat Talukder,15,Other,DHAKA,7th,80.7,4.3,63,46,90,199.0,PRIMARY,Y,P
1092,Rahim Akter,12,F,mymensingh,10,92.2,2.6,31,31,84,146.0,unknown,,fail
3609,Fatema Ahmed,12,male,Rajshahi,10th,82.5,1.3,56,50,,106.0,postgraduate,0,Fail
1102,Sadia Rahman,11,Female,Khulna,9,70.4,1.9,82,85,30,197.0,Primary,0,Fail
7380,Hasan Talukder,16,Male,KHULNA ,Nine,71.2,3.1,38,71,71,180.0,,Yes,PASS
959,Sabbir Khan,14,MALE,rajshahi,8th,78.5,3.0,95,99,70,264.0,Post Graduate,Y,PASS
560,Rakib Khan,15,FEMALE,DHAKA,9,86.1,5.6,51,62,59,172.0,Secondary,,FAIL
6991,Mitu Chowdhury,12,Other,chittagong,Seven,77.5,3.4,97,66,70,233.0,PRIMARY,0,Fail
6835,Karim Islam,-3,Male,Sylhet,9th,85.8,3.1,39,70,,109.0,unknown,yes,Pass
1520,Arif Ahmed,11,Female,barisal,Nine,96.2,3.3,54,95,47,196.0,Illiterate,0,pass
8840,Lima Chowdhury,16,Male,Ctg,8th,87.0,2.5,68,70,,138.0,Illiterate,0,PASS
6129,Sabbir Das,17,other,sylhet,Nine,-9.0,4.5,38,43,49,130.0,N/A,No,fail
2485,Sadia Talukder,18,MALE,Chittagong,6,79.6,3.6,63,38,66,167.0,graduate,NO,P
6635,Mim Islam,12,M,Sylhet,6,86.2,2.4,75,96,75,246.0,graduate,No,F
367,Tanvir Sarker,14,M,  Dhaka,Six,76.4,4.7,30,92,50,172.0,PRIMARY,N,Pass
6194,Tamim Khan,12,O,rajshahi,6th,75.5,3.8,,46,51,97.0,Higher Secondary,0,FAIL
7532,Riya Sarker,15,Male,rangpur,Ten,101.0,1.7,87,87,32,206.0,GRADUATE,Yes,Fail
1949,Farhan Hossain,12,male,Dacca,9th,82.2,4.6,39,51,45,135.0,primary,,Fail
9765,Rahim Talukder,18,other,rajshahi,06,93.4,1.4,35,57,49,141.0,N/A,No,F
809,Priya Talukder,13,other,sylhet,6,71.0,4.5,36,56,30,122.0,,1,FAIL
8204,Rafi Rahman,15,female,Rajshahi,Seven,79.2,4.0,absent,74,66,140.0,Primary,NO,
STU-05014,Rakib Chowdhury,16,O,Barishal,7th,83.6,3.0,73,79,43,195.0,Secondary,,
7686,Karim Sarker,16,Male,Khulna,8,77.5,3.2,35,58,98,191.0,higher secondary,,Pass
6784,Rakib Chowdhury,11,other,rangpur,Nine,91.7,2.7,46,45,,91.0,secondary,Y,
8369,Nadia Ahmed,17,Other,Sylhet,Seven,68.6,5.5,71,88,39,198.0,Unknown,,F
2570,Priya Rahman,11,MALE,Rangpur,8th,95.9,2.9,48,31,84,163.0,Illiterate,yes,F
3521,Tanvir Das,18,male,sylhet,9,81.4,1.2,44,77,33,154.0,GRADUATE,N,Fail
3283,Imran Rahman,16,other,Barisal,7,86.5,5.0,,70,85,155.0,Graduate,N,
1665,Sohan Sarker,17,Other,CHATTOGRAM,7,86.6,5.2,36,82,66,184.0,primary,,Fail
3433,Kabir Talukder,18,other,Rajshahi ,Eight,74.1,5.7,90,40,95,236.0,Graduate,N,PASS
3371,Mitu Islam,15,MALE,Rangpur,6,73.0,2.4,52,43,98,193.0,PRIMARY,n/a,PASS
STU-06967,Jannat Hossain,13,FEMALE,Barisal,Ten,74.6,3.7,73,37,63,173.0,secondary,Y,Fail
8116,Farhan Khan,12,F,chittagong,9th,76.0,5.0,94,57,33,184.0,graduate,No,
6573,Sabbir Khan,15,Other,mymensingh,8,,2.8,87,49,69,205.0,Higher Secondary,no,Fail
7928,Jannat Akter,18,,Rangpur,10th,65.5,4.7,47,35,51,133.0,illiterate,1,FAIL
4253,Bristi Rahman,16,M,rangpur,8th,89.5,2.6,43,89,97,229.0,Secondary,NO,F
6684,Hasan Hossain,14,Other,rangpur,Nine,75.5,1.9,85,34,55,174.0,Higher Secondary,no,F
3579,Anik Hossain,15,,sylhet,10,85.8,3.8,98,83,32,,Primary,N,
5947,Anik Chowdhury,11,O,Chattogram,Ten,96.0,3.6,42,33,81,156.0,Illiterate,yes,
6606,Nadia Ahmed,17,Other,mymensingh,8th,72.1,2.7,57,85,58,200.0,Graduate,,pass
2625,Farhan Rahman,12,,mymensingh,6th,83.0,4.1,99,67,52,218.0,secondary,n/a,FAIL
6400,Anik Sarker,18,FEMALE,Sylhet,Nine,77.4,4.0,33,44,,77.0,GRADUATE,1,fail
6102,Nusrat Hossain,18,female,Dacca,Six,93.4,,74,42,35,151.0,Graduate,Y,Fail
9378,lima islam,16,,Rajshahi ,9,79.8,5.8,89,55,38,182.0,Unknown,,FAIL
1007,Nusrat Das,18,male,,6th,91.5,4.6,33,86,78,197.0,illiterate,yes,fail
2050,Fatema Akter,16,F,DHAKA,9th,91.4,2.3,90,82,54,226.0,Primary,No,FAIL
4012,Mim Chowdhury,18,male,Ctg,7th,82.1,0.5,88,57,70,215.0,Illiterate,no,fail
270,Rafi Das,18,F,mymensingh,Seven,88.2,5.3,66,97,79,242.0,Unknown,0,fail
1994,Rupa Talukder,14,Male,SYLHET,8,77.0,4.3,71,59,44,174.0,,0,PASS
266,Zayed Sarker,17,male,Mymensingh,9,79.0,3.5,71,90,71,232.0,primary,yes,P
9107,Sadia Islam,17,Male,Barisal,Six,68.0,-0.4,30,73,75,178.0,Primary,0,FAIL
8049,Rafi Islam,17,Other,mymensingh,8th,69.8,4.7,86,45,79,210.0,secondary,NO,fail
291,Bristi Rahman,18,,Rangpur,9th,90.8,2.2,44,50,64,158.0,primary,Yes,F
2913,Shila Das,14,female,Barishal,06,95.2,4.4,46,99,83,error,Secondary,NO,pass
6543 ,Mim Akter,12,,khulna,Nine,,3.4,82,48,42,172.0,secondary,NO,FAIL
9845,Sohan Hossain,18,male,barisal,9th,85.7,0.4,81,80,76,237.0,higher secondary,no,Fail
4142,Imran Khan,17,F,Sylhet,6,94.8,1.6,98,56,95,249.0,N/A,,P
4258,Arif Chowdhury,18,M,Chittagong,Six,81.1,3.7,73,65,41,179.0,postgraduate,no,pass
6872,Nusrat Islam,17,O,Chattogram,Nine,91.9,1.9,71,68,85,224.0,GRADUATE,yes,
289,Nusrat Ahmed,16,MALE,Rangpur,Ten,87.5,3.0,41,78,71,190.0,,n/a,P
7758,Kabir Chowdhury,13,MALE,Barishal,Six,69.6,3.9,65,50,85,200.0,graduate,1,P
3108,Rupa Khan,18,,Rangpur,8,93.8,,,60,82,142.0,Unknown,no,
8070,Karim Sarker,15,FEMALE,KHULNA ,10th,77.7,4.1,98,81,35,214.0,Illiterate,YES,Fail
6045,Sohan Sarker,14,Female,rajshahi,Nine,97.9,5.7,68,39,73,180.0,Illiterate,yes,PASS
576,Imran Chowdhury,16,M,Sylhet,8th,70.5,0.9,59,31,91,181.0,,,Fail
851,Rahim Das,13,Male,Dacca,9,76.1,3.9,88,87,31,206.0,secondary,1,F
7484,Nusrat Das,11,MALE,rangpur,Nine,86.5,2.8,72,42,85,199.0,Illiterate,NO,Fail
5351 ,Karim Akter,17,Other,Mymensingh,06,81.2,2.8,31,41,87,159.0,Unknown,No,Pass
6230,Zayed Ahmed,16,other,,6,82.2,2.4,40,58,84,182.0,Higher Secondary,NO,
3950,Karim Akter,18,FEMALE,Mymensign,Eight,90.9,4.8,86,76,65,227.0,primary,No,Pass
9293,Arif Talukder,12,male,Rajshahi,Eight,225.2,1.0,67,47,48,error,higher secondary,No,P
7802,Tanvir Rahman,fifteen,female,rangpur,10th,99.9,4.2,248,84,85,417.0,postgraduate,no,P
9400,Tamim Khan,11,female,CHATTOGRAM,8th,83.0,1.5,49,76,80,205.0,Higher Secondary,NO,Pass
1844,Farhan Akter,12,MALE,Barishal,8th,91.4,2.1,85,41,84,210.0,Post Graduate,,Pass
1849,Mitu Sarker,11,M,rangpur,Nine,89.6,1.3,244,34,52,330.0,graduate,Yes,F
3948,Rahim Sarker,17,FEMALE,mymensingh,Nine,72.7,4.6,,93,32,125.0,Higher Secondary,NO,P
1695,Priya Hossain,12,Male,Rangpur,Seven,93.1,1.9,66,54,96,216.0,Illiterate,No,
4182,Bristi Talukder,17,Male,Sylhet,Six,80.0,2.2,30,73,78,181.0,N/A,Yes,PASS
6370,Sabbir Hossain,14,other,khulna,6th,92.4,2.1,83,51,60,194.0,higher secondary,0,pass
234,Mim Talukder,14,other,mymensingh,Ten,69.4,6.0,95,63,65,223.0,Unknown,Y,FAIL
2648,Tamim Ahmed,18,O,Mymensingh,Seven,88.5,3.5,92,32,42,166.0,postgraduate,Yes,PASS
1712,Shila Hossain,12,M,dhaka,6,92.5,2.6,77,61,69,207.0,Higher Secondary,no,F
8375,Sadia Sarker,14,female,DHAKA,Six,88.4,4.0,40,294,183,517.0,Graduate,N,PASS
5097,Tanvir Chowdhury,17,MALE,Rangpur,10,84.6,-0.5,99,33,50,182.0,Illiterate,yes,fail
5738,Rupa Chowdhury,15,FEMALE,dhaka,Nine,83.1,2.8,138,50,80,268.0,Higher Secondary,n/a,F
5453,Fatema Ahmed,18,Male,Barishal,10,87.9,2.4,63,47,73,183.0,Post Graduate,Y,Fail
1463,Lima Islam,15,other,rangpur,8,85.9,3.1,56,30,63,149.0,PRIMARY,,P
50,Priya Hossain,14,FEMALE,SYLHET,7,98.3,4.5,45,43,44,132.0,,No,
6674,Zayed Talukder,16,Other,Chattogram,6,81.1,1.3,58,93,41,192.0,Post Graduate,n/a,P
5355,Rafi Islam,14,female,rajshahi,Eight,95.9,4.8,79,67,83,229.0,Primary,yes,fail
6005,Karim Das,14,M,sylhet,6,90.6,1.7,31,84,35,150.0,higher secondary,n/a,PASS
7791,Rafi Khan,15,Female,Rajshahi ,7,74.9,3.6,56,48,59,163.0,Secondary,n/a,FAIL
8299,Anik Sarker,13,MALE,Chittagong,7,83.2,4.1,50,51,47,148.0,Unknown,0,Pass
444,Mim Khan,16,M,Chattogram,9,66.1,3.3,69,-34,45,80.0,Secondary,Yes,Pass
7657,Rafi Akter,11,Other,Barishal,Six,83.1,3.5,75,38,90,203.0,Illiterate,N,pass
4743,Rafi Islam,12,M,khulna,7th,101.0,3.3,32,76,84,192.0,primary,NO,
7181,Jannat Akter,17,FEMALE,Khulna,10,87.6,1.8,49,40,37,134.0,,0,Fail
727,Rahim Akter,16,,CHATTOGRAM,Nine,65.4,2.4,82,30,95,207.0,postgraduate,Y,P
2239,Mim Khan,12,female,Chattogram,10,83.3,,38,46,81,165.0,Secondary,Y,pass
7933 ,Tamim Akter,14,male,Ctg,9th,85.7,2.8,99,93,66,258.0,illiterate,1,FAIL
2331 ,Bristi Khan,14,other,Barisal,10,98.1,-0.2,33,39,80,152.0,Graduate,N,PASS
4126,Nusrat Talukder,12,Other,Barishal,Nine,92.8,3.3,43,53,96,192.0,illiterate,no,fail
170,Fatema Khan,17,FEMALE,Rangpur,7th,89.9,-2.3,98,85,62,245.0,Graduate,Y,fail
1002,Anik Akter,15,MALE,mymensingh,06,104.4,2.5,87,87,80,254.0,Primary,,
3253,Rakib Chowdhury,14,FEMALE,barisal,8th,90.6,5.6,73,71,58,202.0,Post Graduate,Yes,Pass
2149,Ayesha Islam,17,MALE,chittagong,10th,88.4,3.2,72,90,67,229.0,Secondary,YES,F
198,Priya Sarker,15,other,Sylhet,10,84.8,4.8,91,87,96,274.0,Higher Secondary,N,PASS
STU-06123,Sabbir Khan,16,Male,Barishal,8,77.7,2.2,64,77,72,213.0,primary,0,pass
3794,Shila Ahmed,11,other,Dhaka ,Seven,103.0,4.2,53,45,61,159.0,Unknown,No,P
648,Karim Ahmed,16,F,,6th,78.4,4.3,85,57,30,172.0,graduate,n/a,fail
4141,Anik Chowdhury,18,M,  Dhaka,8th,76.8,2.8,88,46,72,206.0,illiterate,n/a,PASS
2759,Sohan Hossain,14,Female,Chattogram,Ten,83.2,3.8,54,93,89,236.0,PRIMARY,Yes,pass
8566,Kabir Sarker,192,O,Rangpur,06,104.0,2.2,30,48,30,108.0,GRADUATE,No,Pass
8759,Momo Khan,228,other,SYLHET,6th,93.1,3.1,61,134,80,275.0,secondary,Yes,fail
STU-03486,Bristi Khan,14,Female,Dhaka,Eight,80.4,4.3,32,51,33,116.0,Secondary,N,
1156,Nadia Talukder,13,Male,rangpur,6th,93.8,2.7,39,67,76,182.0,Higher Secondary,Y,
4136,Farhan Das,13,Male,Rangpur,Nine,70.1,3.7,99,50,-1,error,Unknown,N,Fail
974,Rahim Islam,12,other,Dhaka,7th,90.4,4.3,93,98,38,229.0,higher secondary,N,FAIL
STU-03288,Karim Khan,13,F,Khulna,Eight,91.4,1.2,36,70,44,150.0,Graduate,n/a,
7152,Arif Sarker,17,other,rangpur,6th,77.9,4.3,82,93,81,256.0,GRADUATE,YES,Fail
3639 ,Nadia Rahman,15,O,CHATTOGRAM,Nine,87.1,3.5,41,77,76,194.0,GRADUATE,No,
5883,Fatema Sarker,16,Female,rajshahi,Six,76.8,2.8,98,69,88,255.0,Higher Secondary,0,fail
5595,Rupa Chowdhury,15,,Mymensingh,06,68.2,4.4,42,35,,77.0,,YES,Fail
6601,Kabir Islam,11,,Rajshahi ,8,84.7,3.2,31,85,36,152.0,graduate,,fail
2309,Riya Rahman,16,female,Ctg,Nine,98.0,1.9,53,46,47,146.0,Post Graduate,n/a,Fail
6032,Mim Akter,18,Female,Rajshahi ,06,76.6,2.0,36,53,38,127.0,Secondary,Y,
2045,Rahim Akter,11,Other,Mymensign,6,84.3,3.8,63,93,54,210.0,PRIMARY,no,F
4373,Hasan Sarker,14,MALE,Dacca,Nine,73.4,2.7,74,,73,147.0,Secondary,No,F
4733,Sadia Das,11,male,barisal,Nine,76.5,4.5,43,52,94,189.0,secondary,yes,
4719,Anik Rahman,16,O,rajshahi,7th,87.9,3.6,92,77,71,240.0,,N,fail
5956,Rupa Islam,14,other,Dhaka,Ten,64.4,6.8,179,82,37,298.0,postgraduate,No,pass
845,Karim Akter,15,Female,,Nine,89.0,2.2,67,58,55,180.0,GRADUATE,Yes,F
4490,Rakib Chowdhury,14,M,Rangpur,10th,-47.9,2.9,65,35,61,161.0,postgraduate,no,P
7914,Tanvir Hossain,13,male,DHAKA,9,87.1,3.7,56,69,68,193.0,GRADUATE,1,
350,Ayesha Khan,12,M,SYLHET,Ten,89.9,3.8,43,86,66,195.0,,no,Pass
6669,Zayed Sarker,,F,khulna,10th,94.2,3.9,51,94,50,195.0,Post Graduate,0,pass
785,Sadia Akter,18,Other,rangpur,Eight,87.1,1.4,53,48,47,148.0,graduate,N,fail
8240,Priya Rahman,15,MALE,Dhaka,Seven,95.0,5.4,44,80,56,180.0,unknown,no,P
5752,Karim Hossain,16,O,Chittagong,06,89.5,4.0,86,86,71,243.0,graduate,n/a,Pass
4019,Zayed Chowdhury,11,male,khulna,Nine,97.7,4.0,97,78,72,264.0,secondary,n/a,
1440 ,Mim Das,15,,SYLHET,7,99.2,2.5,33,46,86,165.0,secondary,0,PASS
6098,Nadia Ahmed,fifteen,FEMALE,Rajshahi ,Nine,67.6,1.4,94,68,96,258.0,unknown,No,fail
5086,Sohan Akter,18,Other,mymensingh,7th,96.7,4.4,51,66,57,174.0,Graduate,n/a,
6886,Sadia Khan,17,O,rajshahi,7,67.9,3.5,139,31,54,224.0,graduate,Y,F
7866,Mitu Talukder,18,male,Rajshahi,7th,112.7,0.4,43,57,59,159.0,Secondary,YES,
5407 ,Bristi Hossain,17,MALE,Dhaka ,06,87.7,1.9,55,54,44,153.0,postgraduate,yes,F
8226,Momo Khan,11,M,Sylhet,6,84.6,1.5,35,34,75,144.0,Illiterate,N,
788,Lima Akter,13,M,Mymensign,Seven,69.7,4.3,30,71,48,149.0,Primary,YES,fail
7685,Tanvir Ahmed,16,,dhaka,9,83.7,26.1,68,51,71,190.0,graduate,0,Pass
5140,Zayed Das,13,MALE,KHULNA ,10th,96.1,2.3,46,83,83,212.0,unknown,Y,Fail
4578,Imran Talukder,17,other,KHULNA ,9,74.8,3.3,97,91,54,242.0,illiterate,YES,Fail
5340,Lima Akter,17,F,mymensingh,9th,74.8,5.2,42,38,47,127.0,graduate,N,pass
STU-08060,Fatema Hossain,15,female,Rangpur,8,87.2,1.8,32,32,59,123.0,graduate,Y,Fail
2628,Shila Akter,11,female,rajshahi,6,71.0,0.2,absent,65,33,98.0,graduate,yes,F
6626,Imran Chowdhury,13,M,sylhet,10,80.0,5.9,74,66,52,192.0,Secondary,N,P
932,Mim Chowdhury,13,,DHAKA,Seven,77.0,1.1,95,48,36,error,Illiterate,N,FAIL
2405,Zayed Hossain,12,F,Dhaka ,8,78.4,3.3,96,44,33,173.0,illiterate,No,fail
2405,Zayed Hossain,12,F,Dhaka ,8,78.4,3.3,96,44,33,173.0,illiterate,No,fail
1249,Sabbir Ahmed,14,MALE,Rajshahi ,Nine,,1.8,97,54,96,247.0,Higher Secondary,1,PASS
4856,Rakib Sarker,13,F,SYLHET,8th,86.2,4.1,95,53,44,192.0,Secondary,Yes,FAIL
93,Anik Rahman,15,O,Rajshahi,8th,71.3,3.8,61,63,68,192.0,N/A,NO,P
5512,Rupa Sarker,17,other,sylhet,9th,69.9,5.2,32,49,34,97.0,Graduate,yes,fail
5438,Lima Islam,15,O,rangpur,9,96.4,2.2,74,91,59,214.0,Unknown,n/a,Pass
2852,Imran Khan,12,,rangpur,9th,88.9,4.6,85,72,53,210.0,Illiterate,YES,pass
6424,Kabir Hossain,13,male,CHATTOGRAM,9,71.9,1.8,68,42,42,152.0,unknown,1,F
765,Hasan Talukder,13,F,Khulna,7th,73.4,-3.0,79,41,89,209.0,,YES,FAIL
6749,Nusrat Islam,11,male,DHAKA,8th,84.4,2.7,,64,69,133.0,illiterate,0,F
5470,Farhan Sarker,18,FEMALE,SYLHET,Eight,84.8,27.5,43,61,89,193.0,Post Graduate,0,P
6048,Sadia Sarker,15,,Rangpur,Eight,73.8,1.8,57,33,55,147.0,Higher Secondary,N,fail
2820,Nusrat Khan,14,female,SYLHET,6th,81.4,1.3,54,46,71,171.0,Secondary,yes,fail
258,Shila Hossain,14,female,Barisal,8,85.4,2.7,95,75,38,208.0,Secondary,1,fail
7241,sadia talukder,17,male,CHATTOGRAM,Nine,101.4,0.9,86,79,86,251.0,PRIMARY,Y,PASS
9412,Sabbir Khan,11,male,rangpur,10,89.0,3.8,47,69,47,163.0,Primary,YES,F
7652,Rakib Akter,13,F,Dhaka,Seven,76.6,5.0,274,57,72,403.0,unknown,Y,
9354,Lima Talukder,fifteen,,barisal,Eight,69.4,2.0,90,38,39,167.0,Unknown,,F
8965,Tamim Rahman,13,,sylhet,7th,96.8,0.1,98,31,54,183.0,Secondary,Y,Pass
5583,Zayed Chowdhury,15,male,Mymensingh,8,80.2,4.6,55,99,40,194.0,Higher Secondary,n/a,Fail
8505,Momo Khan,11,male,Rangpur,Eight,72.4,29.9,79,94,45,218.0,secondary,Y,F
4860,Tamim Hossain,18,MALE,barisal,8th,87.1,3.8,77,87,92,256.0,,n/a,Fail
2998,Tanvir Talukder,17,other,Rangpur,10,85.6,6.0,73,41,37,151.0,graduate,Y,P
1177,Mitu Islam,16,F,rangpur,9,107.2,5.5,65,65,37,167.0,postgraduate,Y,P
3897,Fatema Ahmed,12,Female,mymensingh,7,85.0,4.4,57,88,absent,145.0,postgraduate,No,pass
9542,Sabbir Das,-19,Other,rajshahi,Ten,80.7,5.2,35,97,52,184.0,Higher Secondary,Y,pass
3517,Rupa Hossain,15,female,Mymensingh,7th,98.2,3.8,51,51,70,172.0,GRADUATE,N,pass
7956,Rupa Hossain,13,FEMALE,Rajshahi,7th,92.2,1.8,66,69,,135.0,,YES,Pass
7681,Zayed Chowdhury,16,MALE,barisal,Nine,84.4,4.7,69,36,98,203.0,secondary,no,PASS
7085,Nadia Sarker,17,Other,Khulna,7th,92.1,3.5,84,56,44,184.0,higher secondary,YES,pass
8584,Sohan Akter,18,M,Dacca,Ten,83.8,3.0,66,64,74,204.0,Higher Secondary,YES,Fail
6016,Mim Das,14,FEMALE,SYLHET,10,62.3,2.8,87,54,71,212.0,PRIMARY,Y,F
1457,Rafi Akter,16,male,SYLHET,8,91.6,4.6,78,84,42,204.0,postgraduate,YES,Pass
1093,Rakib Chowdhury,18,FEMALE,sylhet,10,77.6,1.0,35,48,56,139.0,Unknown,n/a,Fail
6119,Riya Talukder,16,FEMALE,sylhet,Eight,83.4,3.1,72,80,75,227.0,Secondary,yes,P
3240,Anik Khan,13,Female,Barisal,7th,83.0,4.1,62,32,73,167.0,Higher Secondary,n/a,P
4442,Imran Chowdhury,18,MALE,Ctg,6th,75.5,4.1,73,65,54,192.0,,No,FAIL
2584,Rakib Rahman,12,,  Dhaka,9,72.7,3.7,81,63,64,,Illiterate,YES,
7567,Rahim Hossain,12,female,mymensingh,7th,85.8,5.2,48,49,33,130.0,GRADUATE,n/a,P
1373,Rakib Das,17,Other,rajshahi,Six,79.0,3.7,43,98,35,176.0,Unknown,,pass
920,Rafi Hossain,15,,Dacca,06,82.0,2.6,81,48,73,202.0,secondary,No,pass
4308,Mim Akter,11,male,barisal,9,90.7,5.4,77,92,67,236.0,Graduate,no,Fail
5700,Tamim Rahman,-18,O,Chittagong,Nine,87.6,1.5,53,72,61,186.0,illiterate,,PASS
538,Farhan Rahman,18,female,Chattogram,06,91.5,1.3,56,83,79,218.0,PRIMARY,yes,
9413,Ayesha Chowdhury,17,O,rangpur,9,87.6,4.3,absent,43,73,116.0,Secondary,,P
